id,session_id,user_id,experiment_group,event_type,event_data,page_url,timestamp,relative_t_ms,created_at
946,8888c7b1-8f92-43f6-830e-007748322043,,control,page_view,"{""url"":""http://localhost:3000/login""}",http://localhost:3000/login,1766399215592,,2025-12-22 10:26:58
947,8888c7b1-8f92-43f6-830e-007748322043,,control,page_view,"{""url"":""http://localhost:3000/""}",http://localhost:3000/,1766406314225,,2025-12-22 12:25:17
948,8888c7b1-8f92-43f6-830e-007748322043,,control,page_view,"{""url"":""http://localhost:3000/checkout""}",http://localhost:3000/checkout,1766406530507,,2025-12-22 12:28:53
949,d63f258f-d166-466a-9c28-4314e59d1f24,10,variant_a,page_view,"{""url"":""http://localhost:3000/""}",http://localhost:3000/,1766407412908,,2025-12-22 12:43:36
950,d63f258f-d166-466a-9c28-4314e59d1f24,,,SCENARIO_TRIGGERED,"{""scenarioId"":6,""status"":""triggered"",""details"":{""name"":""Feedback Late"",""type"":""feedback_late"",""timestamp"":1766407416909}}",http://localhost:3000/,1766407417040,,2025-12-22 12:43:37
951,d63f258f-d166-466a-9c28-4314e59d1f24,,,SCENARIO_TRIGGERED,"{""scenarioId"":16,""status"":""triggered"",""details"":{""name"":""Network Jitter"",""type"":""network_jitter"",""timestamp"":1766407468923}}",http://localhost:3000/cart,1766407468947,,2025-12-22 12:44:29
952,d63f258f-d166-466a-9c28-4314e59d1f24,,,SCENARIO_TRIGGERED,"{""scenarioId"":2,""status"":""triggered"",""details"":{""name"":""Broken Image"",""type"":""broken_image"",""timestamp"":1766407519909}}",http://localhost:3000/products?category=electronics,1766407519914,,2025-12-22 12:45:19
953,d63f258f-d166-466a-9c28-4314e59d1f24,,,SCENARIO_TRIGGERED,"{""scenarioId"":9,""status"":""triggered"",""details"":{""name"":""Sort Reset"",""type"":""sort_reset"",""timestamp"":1766407573911}}",http://localhost:3000/products?category=home,1766407573930,,2025-12-22 12:46:13
954,d63f258f-d166-466a-9c28-4314e59d1f24,,,SCENARIO_TRIGGERED,"{""scenarioId"":16,""status"":""triggered"",""details"":{""name"":""Network Jitter"",""type"":""network_jitter"",""timestamp"":1766407632924}}",http://localhost:3000/product/24,1766407632933,,2025-12-22 12:47:13
955,d63f258f-d166-466a-9c28-4314e59d1f24,,,SCENARIO_TRIGGERED,"{""scenarioId"":9,""status"":""triggered"",""details"":{""name"":""Sort Reset"",""type"":""sort_reset"",""timestamp"":1766407684912}}",http://localhost:3000/products,1766407684922,,2025-12-22 12:48:04
956,d63f258f-d166-466a-9c28-4314e59d1f24,,,SCENARIO_TRIGGERED,"{""scenarioId"":5,""status"":""triggered"",""details"":{""name"":""First Click Miss"",""type"":""first_click_miss"",""timestamp"":1766407738912}}",http://localhost:3000/cart,1766407738916,,2025-12-22 12:48:58
957,d63f258f-d166-466a-9c28-4314e59d1f24,,,SCENARIO_TRIGGERED,"{""scenarioId"":13,""status"":""triggered"",""details"":{""name"":""3DS Soft Fail"",""type"":""3ds_soft_fail"",""timestamp"":1766407790910}}",http://localhost:3000/checkout,1766407790939,,2025-12-22 12:49:50
958,d63f258f-d166-466a-9c28-4314e59d1f24,,,SCENARIO_TRIGGERED,"{""scenarioId"":13,""status"":""triggered"",""details"":{""name"":""3DS Soft Fail"",""type"":""3ds_soft_fail"",""timestamp"":1766407840915}}",http://localhost:3000/checkout,1766407840923,,2025-12-22 12:50:40
959,d63f258f-d166-466a-9c28-4314e59d1f24,,,SCENARIO_TRIGGERED,"{""scenarioId"":10,""status"":""triggered"",""details"":{""name"":""Price Change Warning"",""type"":""price_change"",""timestamp"":1766407891917}}",http://localhost:3000/checkout,1766407891931,,2025-12-22 12:51:31
960,d63f258f-d166-466a-9c28-4314e59d1f24,,,SCENARIO_TRIGGERED,"{""scenarioId"":16,""status"":""triggered"",""details"":{""name"":""Network Jitter"",""type"":""network_jitter"",""timestamp"":1766407941922}}",http://localhost:3000/checkout,1766407941944,,2025-12-22 12:52:22
961,ff43e5bb-0fe6-4374-afab-abd28f59ee74,,control,page_view,"{""url"":""http://localhost:3000/""}",http://localhost:3000/,1766734556350,,2025-12-26 07:35:59
962,47460be4-ab0c-453a-8eaf-8588fde55007,,,SCENARIO_TRIGGERED,"{""scenarioId"":16,""status"":""triggered"",""details"":{""name"":""Network Jitter"",""type"":""network_jitter"",""timestamp"":1766737856496}}",http://localhost:3000/,1766737856623,,2025-12-26 08:30:56
963,47460be4-ab0c-453a-8eaf-8588fde55007,11,variant_b,page_view,"{""url"":""http://localhost:3000/""}",http://localhost:3000/,1766737855493,,2025-12-26 08:30:58
964,47460be4-ab0c-453a-8eaf-8588fde55007,,,SCENARIO_TRIGGERED,"{""scenarioId"":16,""status"":""triggered"",""details"":{""name"":""Network Jitter"",""type"":""network_jitter"",""timestamp"":1766737907496}}",http://localhost:3000/product/3,1766737907522,,2025-12-26 08:31:47
965,47460be4-ab0c-453a-8eaf-8588fde55007,,,SCENARIO_TRIGGERED,"{""scenarioId"":16,""status"":""triggered"",""details"":{""name"":""Network Jitter"",""type"":""network_jitter"",""timestamp"":1766737957503}}",http://localhost:3000/products,1766737957512,,2025-12-26 08:32:37
966,47460be4-ab0c-453a-8eaf-8588fde55007,,,SCENARIO_TRIGGERED,"{""scenarioId"":8,""status"":""triggered"",""details"":{""name"":""Facet Reset Once"",""type"":""facet_reset_once"",""timestamp"":1766738008501}}",http://localhost:3000/products,1766738008519,,2025-12-26 08:33:28
967,47460be4-ab0c-453a-8eaf-8588fde55007,,,SCENARIO_TRIGGERED,"{""scenarioId"":1,""status"":""triggered"",""details"":{""name"":""Slow Image Load"",""type"":""slow_image"",""timestamp"":1766738059494}}",http://localhost:3000/products?category=electronics&search=c,1766738059501,,2025-12-26 08:34:19
968,47460be4-ab0c-453a-8eaf-8588fde55007,,,SCENARIO_TRIGGERED,"{""scenarioId"":1,""status"":""triggered"",""details"":{""name"":""Slow Image Load"",""type"":""slow_image"",""timestamp"":1766738110499}}",http://localhost:3000/products?category=home,1766738110513,,2025-12-26 08:35:10
969,47460be4-ab0c-453a-8eaf-8588fde55007,,,SCENARIO_TRIGGERED,"{""scenarioId"":5,""status"":""triggered"",""details"":{""name"":""First Click Miss"",""type"":""first_click_miss"",""timestamp"":1766738160499}}",http://localhost:3000/cart,1766738160511,,2025-12-26 08:36:00
970,47460be4-ab0c-453a-8eaf-8588fde55007,,,SCENARIO_TRIGGERED,"{""scenarioId"":10,""status"":""triggered"",""details"":{""name"":""Price Change Warning"",""type"":""price_change"",""timestamp"":1766738210508}}",http://localhost:3000/checkout,1766738210538,,2025-12-26 08:36:50
971,47460be4-ab0c-453a-8eaf-8588fde55007,,,SCENARIO_TRIGGERED,"{""scenarioId"":16,""status"":""triggered"",""details"":{""name"":""Network Jitter"",""type"":""network_jitter"",""timestamp"":1766738261504}}",http://localhost:3000/checkout,1766738261528,,2025-12-26 08:37:41
972,86ccba60-cf7a-4415-bb8e-03f2ef788fb4,,control,page_view,"{""url"":""http://localhost:3000/cart""}",http://localhost:3000/cart,1766738310747,,2025-12-26 08:38:33
973,d63f258f-d166-466a-9c28-4314e59d1f24,,,SCENARIO_TRIGGERED,"{""scenarioId"":16,""status"":""triggered"",""details"":{""name"":""Network Jitter"",""type"":""network_jitter"",""timestamp"":1766738925856}}",http://localhost:3000/,1766738925958,,2025-12-26 08:48:46
974,d63f258f-d166-466a-9c28-4314e59d1f24,10,variant_a,page_view,"{""url"":""http://localhost:3000/""}",http://localhost:3000/,1766738923104,,2025-12-26 08:48:46
975,d63f258f-d166-466a-9c28-4314e59d1f24,,,SCENARIO_TRIGGERED,"{""scenarioId"":15,""status"":""triggered"",""details"":{""name"":""Overlay Blocking"",""type"":""overlay_blocking"",""timestamp"":1766738976861}}",http://localhost:3000/,1766738976896,,2025-12-26 08:49:36
976,d63f258f-d166-466a-9c28-4314e59d1f24,,,SCENARIO_TRIGGERED,"{""scenarioId"":16,""status"":""triggered"",""details"":{""name"":""Network Jitter"",""type"":""network_jitter"",""timestamp"":1766739026867}}",http://localhost:3000/,1766739026898,,2025-12-26 08:50:27
977,d63f258f-d166-466a-9c28-4314e59d1f24,,,SCENARIO_TRIGGERED,"{""scenarioId"":6,""status"":""triggered"",""details"":{""name"":""Feedback Late"",""type"":""feedback_late"",""timestamp"":1766739081109}}",http://localhost:3000/,1766739081129,,2025-12-26 08:51:21
978,d63f258f-d166-466a-9c28-4314e59d1f24,,,SCENARIO_TRIGGERED,"{""scenarioId"":6,""status"":""triggered"",""details"":{""name"":""Feedback Late"",""type"":""feedback_late"",""timestamp"":1766739132114}}",http://localhost:3000/,1766739132133,,2025-12-26 08:52:12
979,d63f258f-d166-466a-9c28-4314e59d1f24,,,SCENARIO_TRIGGERED,"{""scenarioId"":15,""status"":""triggered"",""details"":{""name"":""Overlay Blocking"",""type"":""overlay_blocking"",""timestamp"":1766739190855}}",http://localhost:3000/,1766739190874,,2025-12-26 08:53:10
980,d63f258f-d166-466a-9c28-4314e59d1f24,,,SCENARIO_TRIGGERED,"{""scenarioId"":5,""status"":""triggered"",""details"":{""name"":""First Click Miss"",""type"":""first_click_miss"",""timestamp"":1766739218510}}",http://localhost:3000/,1766739218537,,2025-12-26 08:53:38
981,d63f258f-d166-466a-9c28-4314e59d1f24,10,variant_a,page_view,"{""url"":""http://localhost:3000/""}",http://localhost:3000/,1766739217504,,2025-12-26 08:53:40
982,d6429618-6f0c-413b-bb2f-0e1154453307,,control,page_view,"{""url"":""http://localhost:3000/""}",http://localhost:3000/,1766739223076,,2025-12-26 08:53:46
983,d6429618-6f0c-413b-bb2f-0e1154453307,,control,page_view,"{""url"":""http://localhost:3000/""}",http://localhost:3000/,1766739322430,,2025-12-26 08:55:25
984,d6429618-6f0c-413b-bb2f-0e1154453307,,control,page_view,"{""url"":""http://localhost:3000/""}",http://localhost:3000/,1766743117131,,2025-12-26 09:58:40
985,a56becab-504b-4c8c-b4ca-cb713dde2d09,12,control,page_view,"{""url"":""http://localhost:3000/""}",http://localhost:3000/,1766743182055,,2025-12-26 09:59:45
986,ccb208d3-1978-4383-9bf0-58f127e93aa0,,control,page_view,"{""url"":""http://localhost:3000/""}",http://localhost:3000/,1766743189569,,2025-12-26 09:59:52
987,3e735bad-5746-4afa-a7ea-81f929178658,,,SCENARIO_TRIGGERED,"{""scenarioId"":6,""status"":""triggered"",""details"":{""name"":""Feedback Late"",""type"":""feedback_late"",""timestamp"":1766743251932}}",http://localhost:3000/,1766743252031,,2025-12-26 10:00:52
988,3e735bad-5746-4afa-a7ea-81f929178658,13,variant_c,page_view,"{""url"":""http://localhost:3000/""}",http://localhost:3000/,1766743250919,,2025-12-26 10:00:53
989,3e735bad-5746-4afa-a7ea-81f929178658,,,SCENARIO_TRIGGERED,"{""scenarioId"":4,""status"":""triggered"",""details"":{""name"":""Button Delay"",""type"":""button_delay"",""timestamp"":1766743303930}}",http://localhost:3000/product/19,1766743303955,,2025-12-26 10:01:44
990,3e735bad-5746-4afa-a7ea-81f929178658,,,SCENARIO_TRIGGERED,"{""scenarioId"":5,""status"":""triggered"",""details"":{""name"":""First Click Miss"",""type"":""first_click_miss"",""timestamp"":1766743356928}}",http://localhost:3000/cart,1766743356952,,2025-12-26 10:02:37
991,3e735bad-5746-4afa-a7ea-81f929178658,,,SCENARIO_TRIGGERED,"{""scenarioId"":12,""status"":""triggered"",""details"":{""name"":""Coupon Expired"",""type"":""coupon_expired"",""timestamp"":1766743407924}}",http://localhost:3000/cart,1766743407932,,2025-12-26 10:03:28
992,3e735bad-5746-4afa-a7ea-81f929178658,,,SCENARIO_TRIGGERED,"{""scenarioId"":6,""status"":""triggered"",""details"":{""name"":""Feedback Late"",""type"":""feedback_late"",""timestamp"":1766743458921}}",http://localhost:3000/product/34,1766743458940,,2025-12-26 10:04:19
993,3e735bad-5746-4afa-a7ea-81f929178658,,,SCENARIO_TRIGGERED,"{""scenarioId"":12,""status"":""triggered"",""details"":{""name"":""Coupon Expired"",""type"":""coupon_expired"",""timestamp"":1766743511933}}",http://localhost:3000/cart,1766743511952,,2025-12-26 10:05:12
994,3e735bad-5746-4afa-a7ea-81f929178658,,,SCENARIO_TRIGGERED,"{""scenarioId"":16,""status"":""triggered"",""details"":{""name"":""Network Jitter"",""type"":""network_jitter"",""timestamp"":1766743562923}}",http://localhost:3000/checkout,1766743562936,,2025-12-26 10:06:03
995,3e735bad-5746-4afa-a7ea-81f929178658,,,SCENARIO_TRIGGERED,"{""scenarioId"":6,""status"":""triggered"",""details"":{""name"":""Feedback Late"",""type"":""feedback_late"",""timestamp"":1766743613925}}",http://localhost:3000/checkout,1766743613951,,2025-12-26 10:06:54
996,3e735bad-5746-4afa-a7ea-81f929178658,,,SCENARIO_TRIGGERED,"{""scenarioId"":16,""status"":""triggered"",""details"":{""name"":""Network Jitter"",""type"":""network_jitter"",""timestamp"":1766743664935}}",http://localhost:3000/checkout,1766743664958,,2025-12-26 10:07:45
997,3e735bad-5746-4afa-a7ea-81f929178658,,,SCENARIO_TRIGGERED,"{""scenarioId"":15,""status"":""triggered"",""details"":{""name"":""Overlay Blocking"",""type"":""overlay_blocking"",""timestamp"":1766743715924}}",http://localhost:3000/,1766743715970,,2025-12-26 10:08:36
998,3e735bad-5746-4afa-a7ea-81f929178658,,,SCENARIO_TRIGGERED,"{""scenarioId"":6,""status"":""triggered"",""details"":{""name"":""Feedback Late"",""type"":""feedback_late"",""timestamp"":1766743767853}}",http://localhost:3000/,1766743767904,,2025-12-26 10:09:27
999,3e735bad-5746-4afa-a7ea-81f929178658,,,SCENARIO_TRIGGERED,"{""scenarioId"":6,""status"":""triggered"",""details"":{""name"":""Feedback Late"",""type"":""feedback_late"",""timestamp"":1766743823869}}",http://localhost:3000/login,1766743823976,,2025-12-26 10:10:24
1000,3e735bad-5746-4afa-a7ea-81f929178658,13,variant_c,page_view,"{""url"":""http://localhost:3000/login""}",http://localhost:3000/login,1766743822126,,2025-12-26 10:10:25
1001,3e735bad-5746-4afa-a7ea-81f929178658,,,SCENARIO_TRIGGERED,"{""scenarioId"":6,""status"":""triggered"",""details"":{""name"":""Feedback Late"",""type"":""feedback_late"",""timestamp"":1766743826855}}",http://localhost:3000/login,1766743826868,,2025-12-26 10:10:26
1002,3e735bad-5746-4afa-a7ea-81f929178658,,,SCENARIO_TRIGGERED,"{""scenarioId"":16,""status"":""triggered"",""details"":{""name"":""Network Jitter"",""type"":""network_jitter"",""timestamp"":1766743827853}}",http://localhost:3000/login,1766743827861,,2025-12-26 10:10:27
1003,3e735bad-5746-4afa-a7ea-81f929178658,,,SCENARIO_TRIGGERED,"{""scenarioId"":5,""status"":""triggered"",""details"":{""name"":""First Click Miss"",""type"":""first_click_miss"",""timestamp"":1766743828858}}",http://localhost:3000/login,1766743828878,,2025-12-26 10:10:28
1004,3e735bad-5746-4afa-a7ea-81f929178658,,,SCENARIO_TRIGGERED,"{""scenarioId"":5,""status"":""triggered"",""details"":{""name"":""First Click Miss"",""type"":""first_click_miss"",""timestamp"":1766743829860}}",http://localhost:3000/login,1766743829869,,2025-12-26 10:10:29
1005,3e735bad-5746-4afa-a7ea-81f929178658,,,SCENARIO_TRIGGERED,"{""scenarioId"":16,""status"":""triggered"",""details"":{""name"":""Network Jitter"",""type"":""network_jitter"",""timestamp"":1766743830864}}",http://localhost:3000/login,1766743830874,,2025-12-26 10:10:30
1006,3e735bad-5746-4afa-a7ea-81f929178658,,,SCENARIO_TRIGGERED,"{""scenarioId"":16,""status"":""triggered"",""details"":{""name"":""Network Jitter"",""type"":""network_jitter"",""timestamp"":1766743831855}}",http://localhost:3000/login,1766743831867,,2025-12-26 10:10:31
1007,3e735bad-5746-4afa-a7ea-81f929178658,,,SCENARIO_TRIGGERED,"{""scenarioId"":6,""status"":""triggered"",""details"":{""name"":""Feedback Late"",""type"":""feedback_late"",""timestamp"":1766743832860}}",http://localhost:3000/login,1766743832867,,2025-12-26 10:10:32
1008,3e735bad-5746-4afa-a7ea-81f929178658,,,SCENARIO_TRIGGERED,"{""scenarioId"":6,""status"":""triggered"",""details"":{""name"":""Feedback Late"",""type"":""feedback_late"",""timestamp"":1766743833857}}",http://localhost:3000/login,1766743833862,,2025-12-26 10:10:33
1009,3e735bad-5746-4afa-a7ea-81f929178658,,,SCENARIO_TRIGGERED,"{""scenarioId"":16,""status"":""triggered"",""details"":{""name"":""Network Jitter"",""type"":""network_jitter"",""timestamp"":1766743834856}}",http://localhost:3000/login,1766743834872,,2025-12-26 10:10:34
1010,3e735bad-5746-4afa-a7ea-81f929178658,,,SCENARIO_TRIGGERED,"{""scenarioId"":6,""status"":""triggered"",""details"":{""name"":""Feedback Late"",""type"":""feedback_late"",""timestamp"":1766743835853}}",http://localhost:3000/login,1766743835872,,2025-12-26 10:10:35
1011,3e735bad-5746-4afa-a7ea-81f929178658,,,SCENARIO_TRIGGERED,"{""scenarioId"":6,""status"":""triggered"",""details"":{""name"":""Feedback Late"",""type"":""feedback_late"",""timestamp"":1766743836857}}",http://localhost:3000/login,1766743836868,,2025-12-26 10:10:36
1012,3e735bad-5746-4afa-a7ea-81f929178658,,,SCENARIO_TRIGGERED,"{""scenarioId"":5,""status"":""triggered"",""details"":{""name"":""First Click Miss"",""type"":""first_click_miss"",""timestamp"":1766743838855}}",http://localhost:3000/login,1766743838865,,2025-12-26 10:10:38
1013,3e735bad-5746-4afa-a7ea-81f929178658,,,SCENARIO_TRIGGERED,"{""scenarioId"":16,""status"":""triggered"",""details"":{""name"":""Network Jitter"",""type"":""network_jitter"",""timestamp"":1766743839867}}",http://localhost:3000/login,1766743839875,,2025-12-26 10:10:39
1014,3e735bad-5746-4afa-a7ea-81f929178658,,,SCENARIO_TRIGGERED,"{""scenarioId"":16,""status"":""triggered"",""details"":{""name"":""Network Jitter"",""type"":""network_jitter"",""timestamp"":1766743840867}}",http://localhost:3000/login,1766743840884,,2025-12-26 10:10:40
1015,3e735bad-5746-4afa-a7ea-81f929178658,,,SCENARIO_TRIGGERED,"{""scenarioId"":6,""status"":""triggered"",""details"":{""name"":""Feedback Late"",""type"":""feedback_late"",""timestamp"":1766743841864}}",http://localhost:3000/login,1766743841871,,2025-12-26 10:10:41
1016,3e735bad-5746-4afa-a7ea-81f929178658,,,SCENARIO_TRIGGERED,"{""scenarioId"":6,""status"":""triggered"",""details"":{""name"":""Feedback Late"",""type"":""feedback_late"",""timestamp"":1766743843855}}",http://localhost:3000/login,1766743843872,,2025-12-26 10:10:43
1017,3e735bad-5746-4afa-a7ea-81f929178658,,,SCENARIO_TRIGGERED,"{""scenarioId"":16,""status"":""triggered"",""details"":{""name"":""Network Jitter"",""type"":""network_jitter"",""timestamp"":1766743845862}}",http://localhost:3000/login,1766743845870,,2025-12-26 10:10:45
1018,3e735bad-5746-4afa-a7ea-81f929178658,,,SCENARIO_TRIGGERED,"{""scenarioId"":6,""status"":""triggered"",""details"":{""name"":""Feedback Late"",""type"":""feedback_late"",""timestamp"":1766743846857}}",http://localhost:3000/login,1766743846874,,2025-12-26 10:10:46
1019,3e735bad-5746-4afa-a7ea-81f929178658,,,SCENARIO_TRIGGERED,"{""scenarioId"":6,""status"":""triggered"",""details"":{""name"":""Feedback Late"",""type"":""feedback_late"",""timestamp"":1766743848865}}",http://localhost:3000/login,1766743848881,,2025-12-26 10:10:48
1020,3e735bad-5746-4afa-a7ea-81f929178658,,,SCENARIO_TRIGGERED,"{""scenarioId"":6,""status"":""triggered"",""details"":{""name"":""Feedback Late"",""type"":""feedback_late"",""timestamp"":1766743849857}}",http://localhost:3000/login,1766743849862,,2025-12-26 10:10:49
1021,3e735bad-5746-4afa-a7ea-81f929178658,,,SCENARIO_TRIGGERED,"{""scenarioId"":16,""status"":""triggered"",""details"":{""name"":""Network Jitter"",""type"":""network_jitter"",""timestamp"":1766743851853}}",http://localhost:3000/login,1766743851858,,2025-12-26 10:10:51
1022,3e735bad-5746-4afa-a7ea-81f929178658,,,SCENARIO_TRIGGERED,"{""scenarioId"":16,""status"":""triggered"",""details"":{""name"":""Network Jitter"",""type"":""network_jitter"",""timestamp"":1766743852866}}",http://localhost:3000/login,1766743852876,,2025-12-26 10:10:52
1023,3e735bad-5746-4afa-a7ea-81f929178658,,,SCENARIO_TRIGGERED,"{""scenarioId"":6,""status"":""triggered"",""details"":{""name"":""Feedback Late"",""type"":""feedback_late"",""timestamp"":1766743854854}}",http://localhost:3000/login,1766743854864,,2025-12-26 10:10:54
1024,3e735bad-5746-4afa-a7ea-81f929178658,,,SCENARIO_TRIGGERED,"{""scenarioId"":6,""status"":""triggered"",""details"":{""name"":""Feedback Late"",""type"":""feedback_late"",""timestamp"":1766743856853}}",http://localhost:3000/login,1766743856863,,2025-12-26 10:10:56
1025,3e735bad-5746-4afa-a7ea-81f929178658,,,SCENARIO_TRIGGERED,"{""scenarioId"":6,""status"":""triggered"",""details"":{""name"":""Feedback Late"",""type"":""feedback_late"",""timestamp"":1766743857860}}",http://localhost:3000/login,1766743857878,,2025-12-26 10:10:57
1026,3e735bad-5746-4afa-a7ea-81f929178658,,,SCENARIO_TRIGGERED,"{""scenarioId"":16,""status"":""triggered"",""details"":{""name"":""Network Jitter"",""type"":""network_jitter"",""timestamp"":1766743858857}}",http://localhost:3000/login,1766743858865,,2025-12-26 10:10:59
1027,3e735bad-5746-4afa-a7ea-81f929178658,,,SCENARIO_TRIGGERED,"{""scenarioId"":16,""status"":""triggered"",""details"":{""name"":""Network Jitter"",""type"":""network_jitter"",""timestamp"":1766743859857}}",http://localhost:3000/login,1766743859874,,2025-12-26 10:10:59
1028,3e735bad-5746-4afa-a7ea-81f929178658,,,SCENARIO_TRIGGERED,"{""scenarioId"":6,""status"":""triggered"",""details"":{""name"":""Feedback Late"",""type"":""feedback_late"",""timestamp"":1766743860854}}",http://localhost:3000/login,1766743860863,,2025-12-26 10:11:00
1029,3e735bad-5746-4afa-a7ea-81f929178658,,,SCENARIO_TRIGGERED,"{""scenarioId"":6,""status"":""triggered"",""details"":{""name"":""Feedback Late"",""type"":""feedback_late"",""timestamp"":1766743861856}}",http://localhost:3000/login,1766743861875,,2025-12-26 10:11:01
1030,3e735bad-5746-4afa-a7ea-81f929178658,,,SCENARIO_TRIGGERED,"{""scenarioId"":5,""status"":""triggered"",""details"":{""name"":""First Click Miss"",""type"":""first_click_miss"",""timestamp"":1766743867854}}",http://localhost:3000/login,1766743867872,,2025-12-26 10:11:07
1031,3e735bad-5746-4afa-a7ea-81f929178658,,,SCENARIO_TRIGGERED,"{""scenarioId"":5,""status"":""triggered"",""details"":{""name"":""First Click Miss"",""type"":""first_click_miss"",""timestamp"":1766743870859}}",http://localhost:3000/login,1766743870878,,2025-12-26 10:11:10
1032,3e735bad-5746-4afa-a7ea-81f929178658,,,SCENARIO_TRIGGERED,"{""scenarioId"":5,""status"":""triggered"",""details"":{""name"":""First Click Miss"",""type"":""first_click_miss"",""timestamp"":1766743871868}}",http://localhost:3000/login,1766743871880,,2025-12-26 10:11:11
1033,3e735bad-5746-4afa-a7ea-81f929178658,,,SCENARIO_TRIGGERED,"{""scenarioId"":6,""status"":""triggered"",""details"":{""name"":""Feedback Late"",""type"":""feedback_late"",""timestamp"":1766743872853}}",http://localhost:3000/login,1766743872869,,2025-12-26 10:11:12
1034,3e735bad-5746-4afa-a7ea-81f929178658,,,SCENARIO_TRIGGERED,"{""scenarioId"":6,""status"":""triggered"",""details"":{""name"":""Feedback Late"",""type"":""feedback_late"",""timestamp"":1766743873865}}",http://localhost:3000/login,1766743873876,,2025-12-26 10:11:14
1035,3e735bad-5746-4afa-a7ea-81f929178658,,,SCENARIO_TRIGGERED,"{""scenarioId"":6,""status"":""triggered"",""details"":{""name"":""Feedback Late"",""type"":""feedback_late"",""timestamp"":1766743877862}}",http://localhost:3000/login,1766743877879,,2025-12-26 10:11:17
1036,3e735bad-5746-4afa-a7ea-81f929178658,,,SCENARIO_TRIGGERED,"{""scenarioId"":5,""status"":""triggered"",""details"":{""name"":""First Click Miss"",""type"":""first_click_miss"",""timestamp"":1766743879857}}",http://localhost:3000/login,1766743879873,,2025-12-26 10:11:19
1037,3e735bad-5746-4afa-a7ea-81f929178658,,,SCENARIO_TRIGGERED,"{""scenarioId"":6,""status"":""triggered"",""details"":{""name"":""Feedback Late"",""type"":""feedback_late"",""timestamp"":1766743881862}}",http://localhost:3000/login,1766743881872,,2025-12-26 10:11:21
1038,3e735bad-5746-4afa-a7ea-81f929178658,,,SCENARIO_TRIGGERED,"{""scenarioId"":6,""status"":""triggered"",""details"":{""name"":""Feedback Late"",""type"":""feedback_late"",""timestamp"":1766743882859}}",http://localhost:3000/login,1766743882865,,2025-12-26 10:11:22
1039,3e735bad-5746-4afa-a7ea-81f929178658,,,SCENARIO_TRIGGERED,"{""scenarioId"":6,""status"":""triggered"",""details"":{""name"":""Feedback Late"",""type"":""feedback_late"",""timestamp"":1766743883870}}",http://localhost:3000/login,1766743883876,,2025-12-26 10:11:23
1040,3e735bad-5746-4afa-a7ea-81f929178658,,,SCENARIO_TRIGGERED,"{""scenarioId"":6,""status"":""triggered"",""details"":{""name"":""Feedback Late"",""type"":""feedback_late"",""timestamp"":1766743884855}}",http://localhost:3000/login,1766743884859,,2025-12-26 10:11:24
1041,3e735bad-5746-4afa-a7ea-81f929178658,,,SCENARIO_TRIGGERED,"{""scenarioId"":6,""status"":""triggered"",""details"":{""name"":""Feedback Late"",""type"":""feedback_late"",""timestamp"":1766743885866}}",http://localhost:3000/login,1766743885876,,2025-12-26 10:11:25
1042,3e735bad-5746-4afa-a7ea-81f929178658,,,SCENARIO_TRIGGERED,"{""scenarioId"":16,""status"":""triggered"",""details"":{""name"":""Network Jitter"",""type"":""network_jitter"",""timestamp"":1766743886862}}",http://localhost:3000/login,1766743886881,,2025-12-26 10:11:26
1043,3e735bad-5746-4afa-a7ea-81f929178658,,,SCENARIO_TRIGGERED,"{""scenarioId"":5,""status"":""triggered"",""details"":{""name"":""First Click Miss"",""type"":""first_click_miss"",""timestamp"":1766743887859}}",http://localhost:3000/login,1766743887869,,2025-12-26 10:11:27
1044,3e735bad-5746-4afa-a7ea-81f929178658,,,SCENARIO_TRIGGERED,"{""scenarioId"":6,""status"":""triggered"",""details"":{""name"":""Feedback Late"",""type"":""feedback_late"",""timestamp"":1766743890861}}",http://localhost:3000/login,1766743890878,,2025-12-26 10:11:30
1045,3e735bad-5746-4afa-a7ea-81f929178658,,,SCENARIO_TRIGGERED,"{""scenarioId"":16,""status"":""triggered"",""details"":{""name"":""Network Jitter"",""type"":""network_jitter"",""timestamp"":1766743891856}}",http://localhost:3000/login,1766743891865,,2025-12-26 10:11:31
1046,3e735bad-5746-4afa-a7ea-81f929178658,,,SCENARIO_TRIGGERED,"{""scenarioId"":6,""status"":""triggered"",""details"":{""name"":""Feedback Late"",""type"":""feedback_late"",""timestamp"":1766743892853}}",http://localhost:3000/login,1766743892866,,2025-12-26 10:11:32
1047,3e735bad-5746-4afa-a7ea-81f929178658,,,SCENARIO_TRIGGERED,"{""scenarioId"":6,""status"":""triggered"",""details"":{""name"":""Feedback Late"",""type"":""feedback_late"",""timestamp"":1766743893864}}",http://localhost:3000/login,1766743893870,,2025-12-26 10:11:33
1048,3e735bad-5746-4afa-a7ea-81f929178658,,,SCENARIO_TRIGGERED,"{""scenarioId"":16,""status"":""triggered"",""details"":{""name"":""Network Jitter"",""type"":""network_jitter"",""timestamp"":1766743894856}}",http://localhost:3000/login,1766743894861,,2025-12-26 10:11:34
1049,3e735bad-5746-4afa-a7ea-81f929178658,,,SCENARIO_TRIGGERED,"{""scenarioId"":16,""status"":""triggered"",""details"":{""name"":""Network Jitter"",""type"":""network_jitter"",""timestamp"":1766743895868}}",http://localhost:3000/login,1766743895885,,2025-12-26 10:11:35
1050,3e735bad-5746-4afa-a7ea-81f929178658,,,SCENARIO_TRIGGERED,"{""scenarioId"":6,""status"":""triggered"",""details"":{""name"":""Feedback Late"",""type"":""feedback_late"",""timestamp"":1766743896868}}",http://localhost:3000/login,1766743896873,,2025-12-26 10:11:36
1051,3e735bad-5746-4afa-a7ea-81f929178658,,,SCENARIO_TRIGGERED,"{""scenarioId"":5,""status"":""triggered"",""details"":{""name"":""First Click Miss"",""type"":""first_click_miss"",""timestamp"":1766743897861}}",http://localhost:3000/login,1766743897867,,2025-12-26 10:11:37
1052,3e735bad-5746-4afa-a7ea-81f929178658,,,SCENARIO_TRIGGERED,"{""scenarioId"":6,""status"":""triggered"",""details"":{""name"":""Feedback Late"",""type"":""feedback_late"",""timestamp"":1766743899857}}",http://localhost:3000/login,1766743899861,,2025-12-26 10:11:39
1053,3e735bad-5746-4afa-a7ea-81f929178658,,,SCENARIO_TRIGGERED,"{""scenarioId"":16,""status"":""triggered"",""details"":{""name"":""Network Jitter"",""type"":""network_jitter"",""timestamp"":1766743902858}}",http://localhost:3000/login,1766743902870,,2025-12-26 10:11:42