id,session_id,scenario_id,status,triggered_at
928,d63f258f-d166-466a-9c28-4314e59d1f24,6,triggered,1766407417040
929,d63f258f-d166-466a-9c28-4314e59d1f24,16,triggered,1766407468947
930,d63f258f-d166-466a-9c28-4314e59d1f24,2,triggered,1766407519914
931,d63f258f-d166-466a-9c28-4314e59d1f24,9,triggered,1766407573930
932,d63f258f-d166-466a-9c28-4314e59d1f24,16,triggered,1766407632933
933,d63f258f-d166-466a-9c28-4314e59d1f24,9,triggered,1766407684922
934,d63f258f-d166-466a-9c28-4314e59d1f24,5,triggered,1766407738916
935,d63f258f-d166-466a-9c28-4314e59d1f24,13,triggered,1766407790939
936,d63f258f-d166-466a-9c28-4314e59d1f24,13,triggered,1766407840923
937,d63f258f-d166-466a-9c28-4314e59d1f24,10,triggered,1766407891931
938,d63f258f-d166-466a-9c28-4314e59d1f24,16,triggered,1766407941944
939,47460be4-ab0c-453a-8eaf-8588fde55007,16,triggered,1766737856623
940,47460be4-ab0c-453a-8eaf-8588fde55007,16,triggered,1766737907522
941,47460be4-ab0c-453a-8eaf-8588fde55007,16,triggered,1766737957512
942,47460be4-ab0c-453a-8eaf-8588fde55007,8,triggered,1766738008519
943,47460be4-ab0c-453a-8eaf-8588fde55007,1,triggered,1766738059501
944,47460be4-ab0c-453a-8eaf-8588fde55007,1,triggered,1766738110513
945,47460be4-ab0c-453a-8eaf-8588fde55007,5,triggered,1766738160511
946,47460be4-ab0c-453a-8eaf-8588fde55007,10,triggered,1766738210538
947,47460be4-ab0c-453a-8eaf-8588fde55007,16,triggered,1766738261528
948,d63f258f-d166-466a-9c28-4314e59d1f24,16,triggered,1766738925958
949,d63f258f-d166-466a-9c28-4314e59d1f24,15,triggered,1766738976896
950,d63f258f-d166-466a-9c28-4314e59d1f24,16,triggered,1766739026898
951,d63f258f-d166-466a-9c28-4314e59d1f24,6,triggered,1766739081129
952,d63f258f-d166-466a-9c28-4314e59d1f24,6,triggered,1766739132133
953,d63f258f-d166-466a-9c28-4314e59d1f24,15,triggered,1766739190874
954,d63f258f-d166-466a-9c28-4314e59d1f24,5,triggered,1766739218537
955,3e735bad-5746-4afa-a7ea-81f929178658,6,triggered,1766743252031
956,3e735bad-5746-4afa-a7ea-81f929178658,4,triggered,1766743303955
957,3e735bad-5746-4afa-a7ea-81f929178658,5,triggered,1766743356952
958,3e735bad-5746-4afa-a7ea-81f929178658,12,triggered,1766743407932
959,3e735bad-5746-4afa-a7ea-81f929178658,6,triggered,1766743458940
960,3e735bad-5746-4afa-a7ea-81f929178658,12,triggered,1766743511952
961,3e735bad-5746-4afa-a7ea-81f929178658,16,triggered,1766743562936
962,3e735bad-5746-4afa-a7ea-81f929178658,6,triggered,1766743613951
963,3e735bad-5746-4afa-a7ea-81f929178658,16,triggered,1766743664958
964,3e735bad-5746-4afa-a7ea-81f929178658,15,triggered,1766743715970
965,3e735bad-5746-4afa-a7ea-81f929178658,6,triggered,1766743767904
966,3e735bad-5746-4afa-a7ea-81f929178658,6,triggered,1766743823976
967,3e735bad-5746-4afa-a7ea-81f929178658,6,triggered,1766743826868
968,3e735bad-5746-4afa-a7ea-81f929178658,16,triggered,1766743827861
969,3e735bad-5746-4afa-a7ea-81f929178658,5,triggered,1766743828878
970,3e735bad-5746-4afa-a7ea-81f929178658,5,triggered,1766743829869
971,3e735bad-5746-4afa-a7ea-81f929178658,16,triggered,1766743830874
972,3e735bad-5746-4afa-a7ea-81f929178658,16,triggered,1766743831867
973,3e735bad-5746-4afa-a7ea-81f929178658,6,triggered,1766743832867
974,3e735bad-5746-4afa-a7ea-81f929178658,6,triggered,1766743833862
975,3e735bad-5746-4afa-a7ea-81f929178658,16,triggered,1766743834872
976,3e735bad-5746-4afa-a7ea-81f929178658,6,triggered,1766743835872
977,3e735bad-5746-4afa-a7ea-81f929178658,6,triggered,1766743836868
978,3e735bad-5746-4afa-a7ea-81f929178658,5,triggered,1766743838865
979,3e735bad-5746-4afa-a7ea-81f929178658,16,triggered,1766743839875
980,3e735bad-5746-4afa-a7ea-81f929178658,16,triggered,1766743840884
981,3e735bad-5746-4afa-a7ea-81f929178658,6,triggered,1766743841871
982,3e735bad-5746-4afa-a7ea-81f929178658,6,triggered,1766743843872
983,3e735bad-5746-4afa-a7ea-81f929178658,16,triggered,1766743845870
984,3e735bad-5746-4afa-a7ea-81f929178658,6,triggered,1766743846874
985,3e735bad-5746-4afa-a7ea-81f929178658,6,triggered,1766743848881
986,3e735bad-5746-4afa-a7ea-81f929178658,6,triggered,1766743849862
987,3e735bad-5746-4afa-a7ea-81f929178658,16,triggered,1766743851858
988,3e735bad-5746-4afa-a7ea-81f929178658,16,triggered,1766743852876
989,3e735bad-5746-4afa-a7ea-81f929178658,6,triggered,1766743854864
990,3e735bad-5746-4afa-a7ea-81f929178658,6,triggered,1766743856863
991,3e735bad-5746-4afa-a7ea-81f929178658,6,triggered,1766743857878
992,3e735bad-5746-4afa-a7ea-81f929178658,16,triggered,1766743858865
993,3e735bad-5746-4afa-a7ea-81f929178658,16,triggered,1766743859874
994,3e735bad-5746-4afa-a7ea-81f929178658,6,triggered,1766743860863
995,3e735bad-5746-4afa-a7ea-81f929178658,6,triggered,1766743861875
996,3e735bad-5746-4afa-a7ea-81f929178658,5,triggered,1766743867872
997,3e735bad-5746-4afa-a7ea-81f929178658,5,triggered,1766743870878
998,3e735bad-5746-4afa-a7ea-81f929178658,5,triggered,1766743871880
999,3e735bad-5746-4afa-a7ea-81f929178658,6,triggered,1766743872869
1000,3e735bad-5746-4afa-a7ea-81f929178658,6,triggered,1766743873876
1001,3e735bad-5746-4afa-a7ea-81f929178658,6,triggered,1766743877879
1002,3e735bad-5746-4afa-a7ea-81f929178658,5,triggered,1766743879873
1003,3e735bad-5746-4afa-a7ea-81f929178658,6,triggered,1766743881872
1004,3e735bad-5746-4afa-a7ea-81f929178658,6,triggered,1766743882865
1005,3e735bad-5746-4afa-a7ea-81f929178658,6,triggered,1766743883876
1006,3e735bad-5746-4afa-a7ea-81f929178658,6,triggered,1766743884859
1007,3e735bad-5746-4afa-a7ea-81f929178658,6,triggered,1766743885876
1008,3e735bad-5746-4afa-a7ea-81f929178658,16,triggered,1766743886881
1009,3e735bad-5746-4afa-a7ea-81f929178658,5,triggered,1766743887869
1010,3e735bad-5746-4afa-a7ea-81f929178658,6,triggered,1766743890878
1011,3e735bad-5746-4afa-a7ea-81f929178658,16,triggered,1766743891865
1012,3e735bad-5746-4afa-a7ea-81f929178658,6,triggered,1766743892866
1013,3e735bad-5746-4afa-a7ea-81f929178658,6,triggered,1766743893870
1014,3e735bad-5746-4afa-a7ea-81f929178658,16,triggered,1766743894861
1015,3e735bad-5746-4afa-a7ea-81f929178658,16,triggered,1766743895885
1016,3e735bad-5746-4afa-a7ea-81f929178658,6,triggered,1766743896873
1017,3e735bad-5746-4afa-a7ea-81f929178658,5,triggered,1766743897867
1018,3e735bad-5746-4afa-a7ea-81f929178658,6,triggered,1766743899861
1019,3e735bad-5746-4afa-a7ea-81f929178658,16,triggered,1766743902870