subject_id,phase,feature_name,mean,std,median,n_epochs
14,variant,delta_power,-25.542094319630237,0.2119339840541733,-25.545812926825928,66
14,variant,theta_power,-25.926915317470606,0.1989842451448685,-25.96719424925768,66
14,variant,alpha_power,-26.16883368655987,0.2096495517722894,-26.200967602435362,66
14,variant,beta_power,-25.73462220779009,0.10480718469105549,-25.74085123110249,66
14,variant,gamma_power,-26.453409224580735,0.09744154192883961,-26.476210724557863,66
14,variant,frontal_delta,-25.026546371154645,0.3039918627287992,-25.051821083599755,66
14,variant,frontal_theta,-25.647420031258214,0.26998717362135843,-25.662959745065137,66
14,variant,frontal_alpha,-26.10144749412649,0.24719713611761987,-26.15482019535372,66
14,variant,frontal_beta,-25.51812498637242,0.15016312353106576,-25.515153634648627,66
14,variant,frontal_gamma,-26.22950811813422,0.17410705452724942,-26.26132923157219,66
14,variant,parietal_delta,-26.020464293849468,0.22134770532312498,-26.05923334974638,66
14,variant,parietal_theta,-26.218815425835796,0.20556702034894364,-26.22716128350107,66
14,variant,parietal_alpha,-26.269917106042595,0.24609675134652015,-26.327668381412074,66
14,variant,parietal_beta,-25.878803704507053,0.14439050006322518,-25.89080591234236,66
14,variant,parietal_gamma,-26.53158712373002,0.11147212696145857,-26.550553576796744,66
14,variant,occipital_delta,-25.47027942590538,0.3240354742540197,-25.461915947420565,66
14,variant,occipital_theta,-25.78215910439998,0.31698028889711805,-25.80908477187999,66
14,variant,occipital_alpha,-26.031769215804932,0.302095308530589,-26.06501641481328,66
14,variant,occipital_beta,-25.698189175251628,0.12866551821629627,-25.67417666369475,66
14,variant,occipital_gamma,-26.485229346931902,0.13536673613380948,-26.514910636834536,66
14,variant,central_delta,-25.907257502615185,0.23177534899019295,-25.845093052607353,66
14,variant,central_theta,-26.155693220744116,0.2303373467019786,-26.164546339023886,66
14,variant,central_alpha,-26.32799218229373,0.2295033116759548,-26.354445263499535,66
14,variant,central_beta,-25.88788843547369,0.12517000275850065,-25.8998064337656,66
14,variant,central_gamma,-26.593977629960307,0.11325776679176497,-26.612865570707584,66
14,variant,FAA,0.49071275359730554,0.44040269329452836,0.5538219919475669,66
14,variant,theta_beta_ratio,-0.12929504488579535,0.2978300140566078,-0.15932349932985446,66
14,variant,engagement_index,0.6204362073713312,0.10072264186958187,0.6142465665143593,66
14,variant,spectral_entropy,3.097095338066675,0.10554527638677923,3.108493627533303,66
14,variant,fixation_count,0.4696969696969697,0.7887613847955046,0.0,66
14,variant,fixation_mean_dur_ms,136.8190476190476,34.91729684622822,122.5,66
14,variant,saccade_count,34.60606060606061,6.9722058928043005,37.0,66
14,variant,saccade_mean_amp_deg,1.1229242424242423,0.7228009048269433,0.9145000000000001,66
14,variant,blink_count,0.48484848484848486,0.7694638341563508,0.0,66
14,variant,gaze_dispersion,0.18601060606060607,0.09964447281562566,0.1645,66
14,variant,nan_ratio,0.09931818181818183,0.15446743835025398,0.0,66
14,variant,n_samples,134.65151515151516,2.858145844598849,136.0,66
14,variant,blink_rate_per_sec,0.22038567493112948,0.3497562882528867,0.0,66
14,variant,velocity_mean,893.6317741935485,645.2709475173319,798.79,66
14,variant,velocity_max,3029.869516129033,2071.0170823704602,2927.645,66
14,variant,acceleration_mean,722.8758064516127,2566.6744633816666,456.92999999999995,66
14,variant,path_length_px,1015.0693548387096,902.1598074763731,866.35,66
14,variant,auc_deviation,75.53940322580645,89.46100372540013,32.982,66
14,variant,x_flips,0.0,0.0,0.0,66
14,variant,y_flips,0.0,0.0,0.0,66
14,variant,idle_ratio,0.26475806451612904,0.19750531725432982,0.2405,66
14,variant,click_count,0.9393939393939394,1.5872451982435856,0.0,66
14,variant,rage_click_flag,0.12121212121212122,0.32887460856458367,0.0,66
14,control,delta_power,-25.631550942943274,0.22032733802555277,-25.647713854451936,72
14,control,theta_power,-26.00898295137083,0.15953861122460133,-26.0267623250906,72
14,control,alpha_power,-26.29740590518819,0.12799830902825768,-26.29376883905679,72
14,control,beta_power,-25.793594073812372,0.0841924880497768,-25.79564229483102,72
14,control,gamma_power,-26.452720925138458,0.08560299208335732,-26.46065293611253,72
14,control,frontal_delta,-25.310953260498668,0.3190777619589079,-25.275530076844994,72
14,control,frontal_theta,-25.800027103319692,0.25102508123043227,-25.813555804533678,72
14,control,frontal_alpha,-26.23121601833905,0.17987164725539992,-26.22208778627254,72
14,control,frontal_beta,-25.699835479525728,0.14011256753849435,-25.70584306064795,72
14,control,frontal_gamma,-26.323636391787502,0.13868198202973,-26.333695683564887,72
14,control,parietal_delta,-26.029292579314397,0.20210907548642157,-26.009628537894294,72
14,control,parietal_theta,-26.261155609790414,0.15913348560740545,-26.244931850979903,72
14,control,parietal_alpha,-26.38020723851399,0.16047715900496867,-26.391045633585982,72
14,control,parietal_beta,-25.873159577000504,0.1323359631870472,-25.882718987660347,72
14,control,parietal_gamma,-26.488086421698394,0.12462266379736481,-26.49182401264371,72
14,control,occipital_delta,-25.470355768496997,0.33482049476962356,-25.489996963273747,72
14,control,occipital_theta,-25.780348444594196,0.24380458824105644,-25.77346687090596,72
14,control,occipital_alpha,-26.180812449203025,0.21184195883056273,-26.193523284875,72
14,control,occipital_beta,-25.722889681534078,0.11288626506701789,-25.7281956329973,72
14,control,occipital_gamma,-26.48751375247544,0.1343666871196435,-26.473507634365344,72
14,control,central_delta,-25.918495090293497,0.22650625410891176,-25.919832079840624,72
14,control,central_theta,-26.217850799056396,0.1732807294964131,-26.186192579375234,72
14,control,central_alpha,-26.441139712142622,0.1418724235366377,-26.472553667033498,72
14,control,central_beta,-25.919308097413293,0.09573434835459507,-25.92138627996338,72
14,control,central_gamma,-26.57282420723123,0.0975686028422836,-26.57333768429438,72
14,control,FAA,0.6008529798703033,0.4469878203108871,0.5192920853817338,72
14,control,theta_beta_ratio,-0.10019162379396862,0.2905285729083208,-0.0650641944819625,72
14,control,engagement_index,0.6398609787446057,0.07873088306517492,0.6444471591440899,72
14,control,spectral_entropy,3.12751483662337,0.10564127914913066,3.136627579753208,72
14,control,fixation_count,0.2222222222222222,0.6102925233085031,0.0,72
14,control,fixation_mean_dur_ms,130.54166666666666,21.943582964806208,121.0,72
14,control,saccade_count,36.736111111111114,10.860178007458146,40.0,72
14,control,saccade_mean_amp_deg,1.2199082111422122,0.5459315656480989,1.152193008225617,72
14,control,blink_count,0.2361111111111111,0.5932259754115402,0.0,72
14,control,gaze_dispersion,0.2326686942146553,0.14951920627861182,0.1810232503849564,72
14,control,nan_ratio,0.06704298497652018,0.21009857182445088,0.0,72
14,control,n_samples,128.26388888888889,30.21751803062493,136.0,72
14,control,blink_rate_per_sec,0.10732323232323232,0.26964817064160923,0.0,72
14,control,velocity_mean,761.2689384336645,396.30284030329256,759.1047487785985,72
14,control,velocity_max,2769.796181228034,1608.29506871935,2598.104902237509,72
14,control,acceleration_mean,700.0854175239439,1923.4690148272784,384.75819113348746,72
14,control,path_length_px,764.7734165108299,561.7737241639519,729.752213779813,72
14,control,auc_deviation,143.168340195334,159.71295456221276,91.10270861936438,72
14,control,x_flips,2.5,1.8993926154674572,2.0,72
14,control,y_flips,1.9848484848484849,1.5139599043814178,2.0,72
14,control,idle_ratio,0.1890351750645868,0.14949775611930288,0.1428571428571428,72
14,control,click_count,0.9848484848484849,1.7051273288113142,0.0,72
14,control,rage_click_flag,0.12121212121212122,0.32887460856458367,0.0,72
15,variant,delta_power,-25.92009391332195,0.22024166367576894,-25.905642588619614,68
15,variant,theta_power,-26.11552989447256,0.18644297779184585,-26.108952843997663,68
15,variant,alpha_power,-25.97492862383329,0.2443278156815041,-26.026315649294478,68
15,variant,beta_power,-25.655446733377595,0.10661262744347322,-25.67319119986618,68
15,variant,gamma_power,-26.30693467744542,0.06558981583971459,-26.310021723529815,68
15,variant,frontal_delta,-25.933201800221173,0.30423057817050536,-25.963952270884292,68
15,variant,frontal_theta,-26.21366842818431,0.23822173563562518,-26.21671745947637,68
15,variant,frontal_alpha,-26.157375428621343,0.2567937724834692,-26.18898926953119,68
15,variant,frontal_beta,-25.85529129284635,0.1521997738854256,-25.877727066976977,68
15,variant,frontal_gamma,-26.514334015022506,0.12481726412294487,-26.528684624337608,68
15,variant,parietal_delta,-25.887602876771354,0.28785329180800345,-25.892791821261056,68
15,variant,parietal_theta,-26.046035387626105,0.22573949838172108,-26.02617862073994,68
15,variant,parietal_alpha,-25.816280765078616,0.3027607673257304,-25.830347688558632,68
15,variant,parietal_beta,-25.532131825914025,0.16641066275290448,-25.551368703597895,68
15,variant,parietal_gamma,-26.181285504587237,0.11931151303606434,-26.178586138304723,68
15,variant,occipital_delta,-25.50658354385904,0.394271021955316,-25.518297553065118,68
15,variant,occipital_theta,-25.452581891051807,0.37143091033627357,-25.448704974154595,68
15,variant,occipital_alpha,-25.385600478171792,0.3189383717625346,-25.42932796296486,68
15,variant,occipital_beta,-24.902627999368487,0.15372227938601024,-24.911252859933708,68
15,variant,occipital_gamma,-25.446014298801188,0.16561565587662014,-25.441170386403577,68
15,variant,central_delta,-26.00618855904613,0.23974709282111098,-26.007190603000552,68
15,variant,central_theta,-26.132823594477543,0.21399479254071196,-26.139425526736883,68
15,variant,central_alpha,-25.98068858397219,0.27822789252228336,-26.02647676952109,68
15,variant,central_beta,-25.75433597748424,0.1150386053772494,-25.755717852430877,68
15,variant,central_gamma,-26.47991895779458,0.08021227948796311,-26.48137428710431,68
15,variant,FAA,0.256642702395917,0.36057371853414794,0.2602048555662684,68
15,variant,theta_beta_ratio,-0.3583771353379631,0.2780415458119033,-0.3332675323388763,68
15,variant,engagement_index,0.67083742876862,0.10805778451806389,0.6568626834483289,68
15,variant,spectral_entropy,3.271219421342049,0.0784042046325524,3.281706382711729,68
15,variant,fixation_count,0.27941176470588236,0.5689893694491076,0.0,68
15,variant,fixation_mean_dur_ms,158.96666666666667,62.19194558170773,146.0,68
15,variant,saccade_count,25.83823529411765,13.99745210729614,29.5,68
15,variant,saccade_mean_amp_deg,1.0107377049180328,0.6746638644944939,0.86,68
15,variant,blink_count,0.6911764705882353,0.9020267881844102,0.0,68
15,variant,gaze_dispersion,0.1562779411764706,0.12164387200224258,0.13185,68
15,variant,nan_ratio,0.3143970588235294,0.35156575740857526,0.135,68
15,variant,n_samples,131.9264705882353,5.37633336872439,134.5,68
15,variant,blink_rate_per_sec,0.31417112299465233,0.4100121764474591,0.0,68
15,variant,velocity_mean,595.1962962962963,533.800592636643,471.29499999999996,68
15,variant,velocity_max,1776.4898148148147,1406.6506083594738,1371.97,68
15,variant,acceleration_mean,918.8790740740741,2427.091346395554,185.505,68
15,variant,path_length_px,519.0555555555555,419.0402604454778,407.9,68
15,variant,auc_deviation,34.62701851851852,49.79337555413494,15.7315,68
15,variant,x_flips,0.0,0.0,0.0,68
15,variant,y_flips,0.0,0.0,0.0,68
15,variant,idle_ratio,0.322425925925926,0.2312464667227761,0.3,68
15,variant,click_count,0.22058823529411764,0.5421237462770252,0.0,68
15,variant,rage_click_flag,0.0,0.0,0.0,68
15,control,delta_power,-25.888434798572806,0.20850137490618,-25.895085919163904,94
15,control,theta_power,-26.129757546825633,0.15188738378787645,-26.135964939377676,94
15,control,alpha_power,-26.08714522736159,0.1651552752561624,-26.105661641691775,94
15,control,beta_power,-25.619456376100043,0.10292699250560082,-25.62800409532151,94
15,control,gamma_power,-26.258654494082013,0.08678953679768381,-26.2687721113045,94
15,control,frontal_delta,-25.902493871553954,0.25434683870059444,-25.94029590156029,94
15,control,frontal_theta,-26.19610678692339,0.2169175895424741,-26.187356524087342,94
15,control,frontal_alpha,-26.23668199474808,0.20521359663234842,-26.218444400316805,94
15,control,frontal_beta,-25.802461494260385,0.15908836627961725,-25.812251762880884,94
15,control,frontal_gamma,-26.460662274257697,0.15950301072088388,-26.47538667371821,94
15,control,parietal_delta,-25.86569379607152,0.2834086902963045,-25.867589861342914,94
15,control,parietal_theta,-26.05657079697213,0.21096544614483054,-26.06170286826294,94
15,control,parietal_alpha,-25.93443907204367,0.23181939330406254,-25.91828922284074,94
15,control,parietal_beta,-25.5097298546949,0.15033152000525116,-25.51545387971965,94
15,control,parietal_gamma,-26.18808911173159,0.1085127949287175,-26.201703261358894,94
15,control,occipital_delta,-25.4695152839617,0.4070819472920574,-25.451247596233166,94
15,control,occipital_theta,-25.496984590760633,0.34589627197269995,-25.488759031319532,94
15,control,occipital_alpha,-25.532984036623084,0.30917643419382707,-25.541200514168825,94
15,control,occipital_beta,-24.890417023524623,0.1593188762262658,-24.887239999569225,94
15,control,occipital_gamma,-25.406650786277787,0.1917547119980725,-25.39202931574985,94
15,control,central_delta,-25.977870541034427,0.2435647221433511,-26.016215401720707,94
15,control,central_theta,-26.170748104866185,0.19203099504254145,-26.176139611593136,94
15,control,central_alpha,-26.110835004884088,0.20482136210999696,-26.121516329095307,94
15,control,central_beta,-25.78521428551434,0.12925268195994744,-25.809850830740334,94
15,control,central_gamma,-26.487430073213456,0.12017306238489077,-26.49972668301932,94
15,control,FAA,0.322236643735647,0.3832825908997402,0.28798692498560463,94
15,control,theta_beta_ratio,-0.3936452926630094,0.24307228813811776,-0.37553871667995864,94
15,control,engagement_index,0.7361761182898496,0.08400884431419553,0.7244464982926798,94
15,control,spectral_entropy,3.2747500688049582,0.07098237485534484,3.278807890681598,94
15,control,fixation_count,0.26595744680851063,0.589797339257784,0.0,94
15,control,fixation_mean_dur_ms,184.73684210526315,112.38121734389564,162.0,94
15,control,saccade_count,25.51063829787234,15.872302704289066,29.0,94
15,control,saccade_mean_amp_deg,0.821684478465723,0.32270279456676376,0.6991621621621622,94
15,control,blink_count,0.26595744680851063,0.5323013924115768,0.0,94
15,control,gaze_dispersion,0.26946758511924895,0.22925812601685908,0.1879793599395682,94
15,control,nan_ratio,0.14519788018651614,0.31921205737638025,0.0,94
15,control,n_samples,118.34042553191489,43.91917140636054,136.0,94
15,control,blink_rate_per_sec,0.12088974854932304,0.2419551783688986,0.0,94
15,control,velocity_mean,795.0227122094744,858.1249428060705,604.6333192527192,94
15,control,velocity_max,2635.8908081548852,2301.061855127335,1882.8067759409437,94
15,control,acceleration_mean,405.26981546784396,2695.5868372144782,233.3213109858524,94
15,control,path_length_px,698.276455178289,516.5619877883297,601.4970948094656,94
15,control,auc_deviation,116.22440278802414,160.62881890846103,60.259201925014374,94
15,control,x_flips,1.7076923076923076,1.702232696738655,1.0,94
15,control,y_flips,2.4153846153846152,2.1205269664365543,2.0,94
15,control,idle_ratio,0.21147686526645798,0.16935964850747848,0.1666666666666666,94
15,control,click_count,0.2,0.5062114182829147,0.0,94
15,control,rage_click_flag,0.0,0.0,0.0,94
16,variant,delta_power,-25.63975306500974,0.24438366409708365,-25.68806538064089,78
16,variant,theta_power,-26.002075777610692,0.17410508078649775,-26.00815538098498,78
16,variant,alpha_power,-26.334329203520536,0.10463018409330403,-26.33889508003592,78
16,variant,beta_power,-25.76606728288312,0.0869277233842295,-25.771657947903687,78
16,variant,gamma_power,-26.433686685303392,0.07748941868807539,-26.444038356991822,78
16,variant,frontal_delta,-25.346410260891105,0.3515443700393066,-25.377975235832615,78
16,variant,frontal_theta,-25.815140145942493,0.2615301195610378,-25.81699468793211,78
16,variant,frontal_alpha,-26.2852569335997,0.15642297427834934,-26.275939030893703,78
16,variant,frontal_beta,-25.606512708042835,0.16394798942913277,-25.58234457336537,78
16,variant,frontal_gamma,-26.302741254371956,0.15893561201062195,-26.29516438554412,78
16,variant,parietal_delta,-25.83678004137204,0.23052295363149555,-25.823842542225613,78
16,variant,parietal_theta,-26.094077096889176,0.19451155094510955,-26.10114660101192,78
16,variant,parietal_alpha,-26.324859760449407,0.18695382056347026,-26.343806826177094,78
16,variant,parietal_beta,-25.87010380813241,0.1465163324350002,-25.90243751983209,78
16,variant,parietal_gamma,-26.52606471460881,0.10293412274147114,-26.535421878202797,78
16,variant,occipital_delta,-25.35955567225881,0.3273258913553316,-25.339736757233993,78
16,variant,occipital_theta,-25.654639176519883,0.30510966727712585,-25.67178639687983,78
16,variant,occipital_alpha,-26.112542253716544,0.22443343245289446,-26.13238411655889,78
16,variant,occipital_beta,-25.670530362073276,0.15638722187461376,-25.674532604003282,78
16,variant,occipital_gamma,-26.389888531913158,0.13377380837955938,-26.403750242760047,78
16,variant,central_delta,-26.070146298840353,0.243603011231754,-26.09646831072604,78
16,variant,central_theta,-26.295819823491513,0.18040883584207335,-26.32120662565608,78
16,variant,central_alpha,-26.526215365026076,0.15094060741822768,-26.540009872640418,78
16,variant,central_beta,-25.955715126173594,0.12221211169118579,-25.96045914275431,78
16,variant,central_gamma,-26.5736179559789,0.12105674135165516,-26.587155035068136,78
16,variant,FAA,0.27239986025910556,0.3710371912473078,0.3014578188484389,78
16,variant,theta_beta_ratio,-0.20862743789965504,0.2918293642347545,-0.23176679885231793,78
16,variant,engagement_index,0.66311649142482,0.07398468913990502,0.6568817003126952,78
16,variant,spectral_entropy,3.121351257838192,0.1257842703495493,3.152005967878182,78
16,variant,fixation_count,0.38461538461538464,0.6881325987965353,0.0,78
16,variant,fixation_mean_dur_ms,174.25652173913045,62.60733202840874,167.0,78
16,variant,saccade_count,27.628205128205128,11.498287816480449,29.0,78
16,variant,saccade_mean_amp_deg,1.2144545454545452,0.6860756545948494,1.069,78
16,variant,blink_count,0.717948717948718,1.030665349311338,0.0,78
16,variant,gaze_dispersion,0.1748871794871795,0.10176355885788346,0.1588,78
16,variant,nan_ratio,0.2619615384615385,0.26653181103520507,0.16849999999999998,78
16,variant,n_samples,131.48717948717947,6.016737670958591,134.0,78
16,variant,blink_rate_per_sec,0.3263403263403263,0.4684842496869717,0.0,78
16,variant,velocity_mean,743.7344444444445,537.975611047342,720.415,78
16,variant,velocity_max,2364.648703703704,1961.3227674690943,1896.88,78
16,variant,acceleration_mean,1455.3516666666671,3562.0212497632715,918.8599999999999,78
16,variant,path_length_px,704.1833333333335,629.2559675806414,581.95,78
16,variant,auc_deviation,63.33379629629629,80.01403923920363,37.1595,78
16,variant,x_flips,0.0,0.0,0.0,78
16,variant,y_flips,0.0,0.0,0.0,78
16,variant,idle_ratio,0.3015,0.24549486026207218,0.273,78
16,variant,click_count,0.6923076923076923,1.230644349308733,0.0,78
16,variant,rage_click_flag,0.0641025641025641,0.2465209134587992,0.0,78
16,control,delta_power,-25.586322929549187,0.2675265229624558,-25.62755328350351,85
16,control,theta_power,-26.06018522437679,0.17792268506155465,-26.07849210611021,85
16,control,alpha_power,-26.401840410255783,0.09882038436059488,-26.38664620078872,85
16,control,beta_power,-25.808221345889,0.091645688934484,-25.81470903155141,85
16,control,gamma_power,-26.429521451089258,0.08514073145360228,-26.442426835750496,85
16,control,frontal_delta,-25.262452236535253,0.39483069575017776,-25.316105315952523,85
16,control,frontal_theta,-25.88687173678091,0.26406008594195596,-25.92601302902613,85
16,control,frontal_alpha,-26.330224602462614,0.1608061628421641,-26.344746882202084,85
16,control,frontal_beta,-25.669751453354998,0.15149467163591507,-25.662697572404532,85
16,control,frontal_gamma,-26.316622694721215,0.16601842528057723,-26.356612125168063,85
16,control,parietal_delta,-25.80495379178481,0.21472842529463376,-25.808411110958644,85
16,control,parietal_theta,-26.167197779702935,0.2113533411799689,-26.149273175901406,85
16,control,parietal_alpha,-26.423802041825088,0.14886965805658625,-26.431394161379018,85
16,control,parietal_beta,-25.9411393812672,0.1317605741948097,-25.952775776511647,85
16,control,parietal_gamma,-26.52432768156687,0.09969626987950768,-26.51954607802768,85
16,control,occipital_delta,-25.289086621595107,0.36041251765874577,-25.298662283245736,85
16,control,occipital_theta,-25.685682044373483,0.34505059440326996,-25.67771336764426,85
16,control,occipital_alpha,-26.178147544652028,0.2155610079607201,-26.208722129552395,85
16,control,occipital_beta,-25.676996103184827,0.15297409248617486,-25.682923057928804,85
16,control,occipital_gamma,-26.37039745894141,0.12967065371936418,-26.37793417557911,85
16,control,central_delta,-26.01792664122305,0.2852099031656773,-26.0320183645892,85
16,control,central_theta,-26.321738609610094,0.1718979584393895,-26.314759378614777,85
16,control,central_alpha,-26.592719141338677,0.1289325046269595,-26.58899573299936,85
16,control,central_beta,-25.991062364798104,0.12309209560023696,-25.97638363617337,85
16,control,central_gamma,-26.554970725970975,0.10713451242974827,-26.55733234148455,85
16,control,FAA,0.23150009653434564,0.3200653474904276,0.2494281105700082,85
16,control,theta_beta_ratio,-0.21712028342591436,0.27402117691636374,-0.2370016514367314,85
16,control,engagement_index,0.6722364197945783,0.07515833235102709,0.6693976262398234,85
16,control,spectral_entropy,3.0824334721123496,0.14521562747473643,3.112684073355751,85
16,control,fixation_count,0.23529411764705882,0.47926180397638646,0.0,85
16,control,fixation_mean_dur_ms,143.36111111111111,38.251415027865136,128.0,85
16,control,saccade_count,26.44705882352941,13.840508078302118,30.0,85
16,control,saccade_mean_amp_deg,1.0198141374060667,0.4624164810726396,0.8545161290322582,85
16,control,blink_count,0.35294117647058826,0.5712534745740153,0.0,85
16,control,gaze_dispersion,0.2896754478708375,0.24399070121634778,0.1865339749200755,85
16,control,nan_ratio,0.14192967393627257,0.3055552847494129,0.0,85
16,control,n_samples,120.29411764705883,39.471455487723375,136.0,85
16,control,blink_rate_per_sec,0.16042780748663102,0.25966067026091605,0.0,85
16,control,velocity_mean,706.7762592610975,426.76617271091385,578.1337354931301,85
16,control,velocity_max,2506.784126129853,1842.795438219388,1800.444389588304,85
16,control,acceleration_mean,902.630290898894,2509.646800963789,682.4427595796611,85
16,control,path_length_px,638.5629475773317,549.3391369987502,492.83426739092926,85
16,control,auc_deviation,126.95003250366183,151.46395437234295,84.99908034722971,85
16,control,x_flips,1.9836065573770492,1.755864490582806,2.0,85
16,control,y_flips,2.0163934426229506,1.7367767394293807,2.0,85
16,control,idle_ratio,0.25904172402231074,0.21263049348603372,0.2222222222222222,85
16,control,click_count,0.9180327868852459,1.2818616925811863,1.0,85
16,control,rage_click_flag,0.09836065573770492,0.3002730997379378,0.0,85
17,variant,delta_power,-25.464632387939226,0.22801323291915737,-25.45448733870642,72
17,variant,theta_power,-26.02227344655922,0.1953712001369271,-26.031852270225006,72
17,variant,alpha_power,-25.8941890212443,0.23758000151093683,-25.91870342322661,72
17,variant,beta_power,-25.384681342624123,0.14746492700090938,-25.389108247212064,72
17,variant,gamma_power,-26.119717527629803,0.14496930894981433,-26.128504644752297,72
17,variant,frontal_delta,-25.481486300951254,0.3202830617641103,-25.47460114254034,72
17,variant,frontal_theta,-26.127263816764454,0.27957772758470056,-26.182356618741764,72
17,variant,frontal_alpha,-26.046993534625848,0.23703119822119906,-26.04410358564642,72
17,variant,frontal_beta,-25.469020444773648,0.16112169486826197,-25.469016550359427,72
17,variant,frontal_gamma,-26.190194769484297,0.15852325124138492,-26.217341194016154,72
17,variant,parietal_delta,-25.467300015603193,0.2874731458239733,-25.454266861105324,72
17,variant,parietal_theta,-25.93733824648659,0.22763224051624942,-25.947625590906345,72
17,variant,parietal_alpha,-25.800150753123035,0.26709119850488117,-25.859557167167132,72
17,variant,parietal_beta,-25.473870080342145,0.19805128801929106,-25.48696104629071,72
17,variant,parietal_gamma,-26.322980010564038,0.16636576153440605,-26.30046976246035,72
17,variant,occipital_delta,-24.5505552970938,0.46095273769094647,-24.547112742700875,72
17,variant,occipital_theta,-25.060561195149678,0.4168125891771446,-25.054362778088997,72
17,variant,occipital_alpha,-25.044152552695696,0.34057759479435573,-25.047011330793566,72
17,variant,occipital_beta,-24.670385196794925,0.2938797770662129,-24.707052950071,72
17,variant,occipital_gamma,-25.57336673343789,0.29981655974084187,-25.542038415378485,72
17,variant,central_delta,-25.63323244133747,0.24334516618734248,-25.632158352354224,72
17,variant,central_theta,-26.1286631960442,0.2060307766792474,-26.098303829963214,72
17,variant,central_alpha,-25.975708232493552,0.336458825053706,-26.01444849409215,72
17,variant,central_beta,-25.628280063584995,0.163564880026815,-25.659566511537072,72
17,variant,central_gamma,-26.364278243794956,0.16452500351003616,-26.38742701392503,72
17,variant,FAA,0.05611909343393294,0.36812394046465424,0.10473269187963645,72
17,variant,theta_beta_ratio,-0.6582433719908074,0.2894802805171101,-0.6859359236494704,72
17,variant,engagement_index,0.8128596620728056,0.1277638760752102,0.8285217298849269,72
17,variant,spectral_entropy,3.1799476239938635,0.1001980431946359,3.2081989265050854,72
17,variant,fixation_count,0.1388888888888889,0.38659057046257483,0.0,72
17,variant,fixation_mean_dur_ms,159.83333333333334,63.27124149248219,131.0,72
17,variant,saccade_count,36.34722222222222,8.433935011660195,39.0,72
17,variant,saccade_mean_amp_deg,1.0432083333333333,0.3027304354525586,1.0099999999999998,72
17,variant,blink_count,0.09722222222222222,0.29833916903569274,0.0,72
17,variant,gaze_dispersion,0.16713888888888886,0.08978130793815645,0.16335,72
17,variant,nan_ratio,0.08909722222222222,0.1877973255537283,0.0,72
17,variant,n_samples,133.95833333333334,4.374823940119448,136.0,72
17,variant,blink_rate_per_sec,0.04419191919191919,0.13560871319804216,0.0,72
17,variant,velocity_mean,498.87044117647065,392.94109842082014,397.90999999999997,72
17,variant,velocity_max,1758.2252941176473,1695.295776268625,1183.01,72
17,variant,acceleration_mean,387.6805882352942,2193.0844680085956,431.865,72
17,variant,path_length_px,451.1823529411764,442.2235208245944,322.9,72
17,variant,auc_deviation,28.60666176470588,39.9395960489779,14.9465,72
17,variant,x_flips,0.0,0.0,0.0,72
17,variant,y_flips,0.0,0.0,0.0,72
17,variant,idle_ratio,0.30829411764705883,0.27751606428282805,0.25,72
17,variant,click_count,0.7777777777777778,1.2128678878187988,0.0,72
17,variant,rage_click_flag,0.09722222222222222,0.29833916903569274,0.0,72
17,control,delta_power,-25.397863791996336,0.2466289521444094,-25.3903327320743,87
17,control,theta_power,-25.944560364920264,0.17670430271074103,-25.96485320361077,87
17,control,alpha_power,-25.929116045919958,0.1750141179217503,-25.965299235895262,87
17,control,beta_power,-25.25750487608693,0.11799746824699495,-25.26141532687534,87
17,control,gamma_power,-25.970812831878522,0.1553521591502526,-26.00318723332112,87
17,control,frontal_delta,-25.433485883624257,0.316541047331493,-25.43666594050185,87
17,control,frontal_theta,-26.016204274784727,0.2490736498921486,-26.02037799180668,87
17,control,frontal_alpha,-26.06252762551246,0.22083370750822684,-26.058164243367052,87
17,control,frontal_beta,-25.343597984146626,0.13371661359347323,-25.33364950063902,87
17,control,frontal_gamma,-26.057225865441005,0.16335639521160883,-26.0474804852426,87
17,control,parietal_delta,-25.380499051273176,0.2823935723069875,-25.36103500054512,87
17,control,parietal_theta,-25.822171730451615,0.25140130859220633,-25.81452021263114,87
17,control,parietal_alpha,-25.80791435329898,0.21234025952482422,-25.80451563866749,87
17,control,parietal_beta,-25.34618886763252,0.15865780636595625,-25.35341454016318,87
17,control,parietal_gamma,-26.17219892279931,0.17529564566792527,-26.18488622764566,87
17,control,occipital_delta,-24.51494024237503,0.45590300023767755,-24.505429688567663,87
17,control,occipital_theta,-24.9143010311148,0.38970305351803425,-25.00198842376743,87
17,control,occipital_alpha,-25.047888880760272,0.3650780026354405,-25.012693235907317,87
17,control,occipital_beta,-24.479400866178036,0.2634717832245744,-24.48574135138135,87
17,control,occipital_gamma,-25.30846584257022,0.3330666427583304,-25.3486544793078,87
17,control,central_delta,-25.606071962630367,0.2974993240795804,-25.639510123457132,87
17,control,central_theta,-26.11648945925239,0.1916380943556091,-26.14126127494771,87
17,control,central_alpha,-26.076166093988412,0.21885344347391653,-26.118440702400196,87
17,control,central_beta,-25.642156018821915,0.1325858996984913,-25.655770553774172,87
17,control,central_gamma,-26.367428510032294,0.15103126868481626,-26.39415052168426,87
17,control,FAA,0.11970976028468132,0.29089057547101754,0.1462770243273254,87
17,control,theta_beta_ratio,-0.6726062906381088,0.28590987930151146,-0.6327358288620069,87
17,control,engagement_index,0.9112605833813445,0.1540000288828434,0.9093354616255492,87
17,control,spectral_entropy,3.1969823011373157,0.12024365168936552,3.1999249094872635,87
17,control,fixation_count,0.2413793103448276,0.5698942627626211,0.0,87
17,control,fixation_mean_dur_ms,133.77083333333334,32.93505815321351,115.0,87
17,control,saccade_count,32.804597701149426,13.547366585652028,39.0,87
17,control,saccade_mean_amp_deg,0.9712177121382527,0.295975670948395,0.9264615384615386,87
17,control,blink_count,0.11494252873563218,0.38655567174253425,0.0,87
17,control,gaze_dispersion,0.25730467222766007,0.20125862189026117,0.17801073842971926,87
17,control,nan_ratio,0.09350789829704821,0.2748385103664741,0.0,87
17,control,n_samples,124.10344827586206,37.037389807937124,136.0,87
17,control,blink_rate_per_sec,0.0522466039707419,0.17570712351933374,0.0,87
17,control,velocity_mean,647.6739786535265,399.14952571153844,530.5520797214529,87
17,control,velocity_max,2428.573781594288,1712.9919045145155,2000.8055945915348,87
17,control,acceleration_mean,692.8111234745446,2067.9270032237087,757.567742174075,87
17,control,path_length_px,517.8050390326853,366.5669923030657,471.0541102058157,87
17,control,auc_deviation,84.2601760026728,107.59872236092004,49.01170425891591,87
17,control,x_flips,1.7647058823529411,1.4048704944704116,2.0,87
17,control,y_flips,1.75,1.587027635681846,1.0,87
17,control,idle_ratio,0.304973539532363,0.20474323283764775,0.25,87
17,control,click_count,0.8676470588235294,0.9448116256173333,1.0,87
17,control,rage_click_flag,0.058823529411764705,0.23704354037838393,0.0,87
18,variant,delta_power,-25.414987892611478,0.19442871632289188,-25.41531709975309,75
18,variant,theta_power,-26.11105922098286,0.16837812875898633,-26.075414292174635,75
18,variant,alpha_power,-26.355939703535576,0.20330296880186002,-26.386547591589895,75
18,variant,beta_power,-25.69846772546754,0.12141247956653231,-25.70184790060992,75
18,variant,gamma_power,-26.32381583541654,0.14965879713349392,-26.32961053555439,75
18,variant,frontal_delta,-25.41488362592769,0.2707469391221278,-25.423226197491537,75
18,variant,frontal_theta,-26.180060102478,0.21219253188787401,-26.16085214836557,75
18,variant,frontal_alpha,-26.4725369886026,0.23057385149134638,-26.51732861054601,75
18,variant,frontal_beta,-25.70647288811869,0.19861948877789046,-25.69467689092959,75
18,variant,frontal_gamma,-26.35744018489713,0.22989980456182108,-26.39791253445554,75
18,variant,parietal_delta,-25.33805293592898,0.23742611669917027,-25.343626269345197,75
18,variant,parietal_theta,-26.038000702040158,0.1946606719556178,-26.04276640606679,75
18,variant,parietal_alpha,-26.25680030661948,0.2630695084965575,-26.289868039494547,75
18,variant,parietal_beta,-25.76693023912424,0.14334357961361727,-25.75489701729622,75
18,variant,parietal_gamma,-26.391033967464306,0.15282839508063617,-26.396247688208053,75
18,variant,occipital_delta,-24.706973448075903,0.3444333672787036,-24.709435845119035,75
18,variant,occipital_theta,-25.48972143913075,0.34188375015849576,-25.44779114638921,75
18,variant,occipital_alpha,-25.761748711541205,0.4415544196286566,-25.859466739586164,75
18,variant,occipital_beta,-25.480265604147913,0.15419494008682222,-25.492128471518782,75
18,variant,occipital_gamma,-26.27866155687139,0.1665716702821747,-26.27967484416622,75
18,variant,central_delta,-25.763450087631618,0.22231017507276046,-25.753805098768776,75
18,variant,central_theta,-26.35693675138918,0.16716765122764063,-26.34904181074756,75
18,variant,central_alpha,-26.571534558693592,0.17822624890837246,-26.593154384465727,75
18,variant,central_beta,-25.97861160371822,0.14632939336677614,-26.00396678778376,75
18,variant,central_gamma,-26.59548266155403,0.1636978494008195,-26.626724462259578,75
18,variant,FAA,0.17111208698647828,0.32057595657328164,0.1525375096668675,75
18,variant,theta_beta_ratio,-0.47358721435930684,0.281675536871926,-0.4363088234321672,75
18,variant,engagement_index,0.7579446968062565,0.12361774487029116,0.7551228339067517,75
18,variant,spectral_entropy,3.0303517225678163,0.11131836494957104,3.015186617847535,75
18,variant,fixation_count,0.32,0.5963855092770747,0.0,75
18,variant,fixation_mean_dur_ms,126.14000000000001,18.68400385356415,115.0,75
18,variant,saccade_count,33.77333333333333,6.003542497769339,35.0,75
18,variant,saccade_mean_amp_deg,0.88988,0.3979629196362463,0.734,75
18,variant,blink_count,0.22666666666666666,0.4214945523463591,0.0,75
18,variant,gaze_dispersion,0.173344,0.08904015832530057,0.1528,75
18,variant,nan_ratio,0.06856,0.106183960716831,0.0,75
18,variant,n_samples,130.70666666666668,8.89848656025636,136.0,75
18,variant,blink_rate_per_sec,0.10303030303030301,0.19158843288470864,0.0,75
18,variant,velocity_mean,485.39112903225805,776.8140962935365,317.16499999999996,75
18,variant,velocity_max,1271.22435483871,1341.9638677242565,833.06,75
18,variant,acceleration_mean,1354.1293548387096,5220.104748431424,240.39999999999998,75
18,variant,path_length_px,425.08387096774203,436.7024523250782,318.15,75
18,variant,auc_deviation,32.64585483870968,45.36175066295492,17.064999999999998,75
18,variant,x_flips,0.0,0.0,0.0,75
18,variant,y_flips,0.0,0.0,0.0,75
18,variant,idle_ratio,0.308016129032258,0.26230750893519295,0.2265,75
18,variant,click_count,0.44,0.8421337121794789,0.0,75
18,variant,rage_click_flag,0.02666666666666667,0.16219218941214866,0.0,75
18,control,delta_power,-25.30615016852668,0.2817979789413379,-25.375295167035848,96
18,control,theta_power,-26.039215086334792,0.1572491635272929,-26.0430174229519,96
18,control,alpha_power,-26.367920721055714,0.09927076531172249,-26.36899129981405,96
18,control,beta_power,-25.661166181743013,0.10682500425703807,-25.661126009210363,96
18,control,gamma_power,-26.235413990839803,0.14365762723348988,-26.25878797428416,96
18,control,frontal_delta,-25.318086266008876,0.41033562391328915,-25.380611031832473,96
18,control,frontal_theta,-26.154182554000204,0.20954863484998537,-26.178373887434617,96
18,control,frontal_alpha,-26.542801707705962,0.1361370963594208,-26.55134733037587,96
18,control,frontal_beta,-25.801898797150958,0.19364715068165042,-25.803652869015792,96
18,control,frontal_gamma,-26.34849030407059,0.25227600457863064,-26.34144085311054,96
18,control,parietal_delta,-25.266435502105605,0.27848141954396644,-25.269173964977462,96
18,control,parietal_theta,-25.96572798335731,0.19286211506202897,-25.962217117629862,96
18,control,parietal_alpha,-26.279501165474965,0.14380381245372703,-26.282797607840145,96
18,control,parietal_beta,-25.69220006544276,0.13819741594520232,-25.682970215940735,96
18,control,parietal_gamma,-26.27935668116046,0.16241351616123995,-26.244137572386844,96
18,control,occipital_delta,-24.671149461749426,0.3543790859845422,-24.690271486415707,96
18,control,occipital_theta,-25.432607829594627,0.2962786681546691,-25.43064481852258,96
18,control,occipital_alpha,-25.825356371591088,0.21963991509652026,-25.813415829082423,96
18,control,occipital_beta,-25.390973389730508,0.13341575494475114,-25.37777919125341,96
18,control,occipital_gamma,-26.161720072549443,0.148981124975622,-26.157996229280734,96
18,control,central_delta,-25.645358284213415,0.3114214759077303,-25.694830256395754,96
18,control,central_theta,-26.265501191437625,0.1539914975669902,-26.262390316803796,96
18,control,central_alpha,-26.573243551520715,0.1244392931581812,-26.582937044849537,96
18,control,central_beta,-25.99233534593199,0.10221697986962637,-26.001021160914803,96
18,control,central_gamma,-26.57829973153262,0.11211909475291144,-26.590890659722888,96
18,control,FAA,0.0637213612701707,0.3046185257111084,0.034214606088580554,96
18,control,theta_beta_ratio,-0.3522837568492427,0.24988108960477087,-0.3385733536782158,96
18,control,engagement_index,0.7622019193391733,0.09286498837485659,0.7590329059608267,96
18,control,spectral_entropy,2.9982930868171844,0.15866040644198162,3.029182558607212,96
18,control,fixation_count,0.4270833333333333,0.6608573644443639,0.0,96
18,control,fixation_mean_dur_ms,140.75757575757575,38.244713934600085,129.0,96
18,control,saccade_count,27.791666666666668,14.873442716654878,35.0,96
18,control,saccade_mean_amp_deg,0.805070336101454,0.2795965822501207,0.7462647058823528,96
18,control,blink_count,0.3541666666666667,0.5800030247955004,0.0,96
18,control,gaze_dispersion,0.2557647548005989,0.22204993870815493,0.1681493669118312,96
18,control,nan_ratio,0.17512573005877516,0.3264441556030966,0.0,96
18,control,n_samples,115.09375,44.67286427610814,136.0,96
18,control,blink_rate_per_sec,0.16098484848484848,0.2636377385434093,0.0,96
18,control,velocity_mean,463.6171281439158,366.0094759194384,415.8892150493352,96
18,control,velocity_max,1801.839900926305,2183.415679917545,1184.0823998386302,96
18,control,acceleration_mean,502.26395608052565,1759.9973274175597,288.93668475607495,96
18,control,path_length_px,383.41990995347277,345.7982983443594,303.917948997472,96
18,control,auc_deviation,60.35961213111662,97.48107051275653,24.125495672952347,96
18,control,x_flips,1.462686567164179,1.4598501190082287,1.0,96
18,control,y_flips,1.5522388059701493,1.5003391746792922,1.0,96
18,control,idle_ratio,0.2870920876714278,0.20440162120340857,0.25,96
18,control,click_count,0.43283582089552236,0.6330273725953702,0.0,96
18,control,rage_click_flag,0.0,0.0,0.0,96
20,variant,delta_power,-25.616746437505906,0.21749827810849587,-25.63665057930038,72
20,variant,theta_power,-25.978970159881865,0.15094720389462654,-25.989216073399596,72
20,variant,alpha_power,-26.35633926606742,0.1217521945566118,-26.39985889904709,72
20,variant,beta_power,-25.753356218200818,0.11632522260030283,-25.792149083304068,72
20,variant,gamma_power,-26.290438435247278,0.12191925750861508,-26.304725031186244,72
20,variant,frontal_delta,-25.865813646317257,0.20920314647770377,-25.862780826042076,72
20,variant,frontal_theta,-26.220469115046367,0.16874924442911787,-26.252782018035383,72
20,variant,frontal_alpha,-26.662422281275283,0.1341287728762652,-26.670625100726014,72
20,variant,frontal_beta,-26.196748683198305,0.11925118265574557,-26.2229867927003,72
20,variant,frontal_gamma,-26.696406744438924,0.1104879338072876,-26.713234099426995,72
20,variant,parietal_delta,-25.560276283950344,0.2336919570911099,-25.56137776122376,72
20,variant,parietal_theta,-25.86194430782442,0.16977697322985147,-25.874680610583802,72
20,variant,parietal_alpha,-26.230531460387436,0.16422733720676277,-26.211516428733816,72
20,variant,parietal_beta,-25.690610158799384,0.14481597150636974,-25.72325182717652,72
20,variant,parietal_gamma,-26.30547410420077,0.14951287537062835,-26.330346127365353,72
20,variant,occipital_delta,-25.079251971287924,0.3862821112797121,-25.084690989379546,72
20,variant,occipital_theta,-25.363017025744607,0.38597965682249613,-25.42698463371046,72
20,variant,occipital_alpha,-25.800907494117528,0.2972100351570693,-25.815428408613105,72
20,variant,occipital_beta,-25.272101773633477,0.3294392606844215,-25.395196923739384,72
20,variant,occipital_gamma,-25.969042185133333,0.32189585649254787,-26.030743293632792,72
20,variant,central_delta,-25.710899725704085,0.2979096289933447,-25.748598443078205,72
20,variant,central_theta,-26.118547735271125,0.1949484215550296,-26.138594220399114,72
20,variant,central_alpha,-26.561263712496842,0.13874434807155472,-26.583530099284395,72
20,variant,central_beta,-26.062327748065055,0.1177767814162578,-26.08170457357493,72
20,variant,central_gamma,-26.612212808649176,0.10253730250723216,-26.63466707871943,72
20,variant,FAA,0.09273235081997126,0.3750631833256653,0.09290689296601326,72
20,variant,theta_beta_ratio,-0.023720431848064386,0.18429713348784207,-0.011676876564276701,72
20,variant,engagement_index,0.6696960680115259,0.07891369467779444,0.6594839567960771,72
20,variant,spectral_entropy,3.145470487497372,0.09516996080700243,3.1553744539801363,72
20,variant,fixation_count,0.3888888888888889,0.6829009281156991,0.0,72
20,variant,fixation_mean_dur_ms,155.51428571428573,38.84648356948522,147.0,72
20,variant,saccade_count,31.40277777777778,11.981981451296672,36.0,72
20,variant,saccade_mean_amp_deg,1.7119154929577465,1.4326827556967472,1.243,72
20,variant,blink_count,0.18055555555555555,0.42214705697799193,0.0,72
20,variant,gaze_dispersion,0.19351527777777777,0.08183297255449573,0.19375,72
20,variant,nan_ratio,0.13541666666666666,0.2256459116952681,0.0,72
20,variant,n_samples,125.90277777777777,20.575631506556093,136.0,72
20,variant,blink_rate_per_sec,0.08207070707070706,0.1918850258990872,0.0,72
20,variant,velocity_mean,412.26609375,367.0424278213718,393.905,72
20,variant,velocity_max,1474.21390625,1645.0761841118842,1045.195,72
20,variant,acceleration_mean,471.91499999999996,955.7635685221977,166.64499999999998,72
20,variant,path_length_px,432.6546875,413.3333874537935,354.2,72
20,variant,auc_deviation,31.743593750000002,51.275144491827014,10.5745,72
20,variant,x_flips,0.0,0.0,0.0,72
20,variant,y_flips,0.0,0.0,0.0,72
20,variant,idle_ratio,0.37568750000000006,0.2883719420889054,0.27949999999999997,72
20,variant,click_count,0.4305555555555556,0.5771808340372787,0.0,72
20,variant,rage_click_flag,0.013888888888888888,0.11785113019775793,0.0,72
20,control,delta_power,-25.603596089709537,0.21822329109623134,-25.60896096645753,102
20,control,theta_power,-26.00809388364898,0.15566683950790722,-26.007651629658636,102
20,control,alpha_power,-26.303604063034665,0.11827735870956115,-26.313879554678557,102
20,control,beta_power,-25.73044183296659,0.11295063382552926,-25.728146642557174,102
20,control,gamma_power,-26.292148510664365,0.11412145861306756,-26.29334468801034,102
20,control,frontal_delta,-25.9237860401328,0.23948894191657163,-25.92656867793564,102
20,control,frontal_theta,-26.28439833448648,0.17336888809472328,-26.29220072268852,102
20,control,frontal_alpha,-26.661750307799064,0.11397815251829461,-26.65985283779567,102
20,control,frontal_beta,-26.224794566169294,0.12166864874996551,-26.228301495550916,102
20,control,frontal_gamma,-26.72461962631653,0.11401352372045848,-26.740159212694927,102
20,control,parietal_delta,-25.548301068471737,0.23455157946676558,-25.53941237824999,102
20,control,parietal_theta,-25.939955675187168,0.19063076072055968,-25.94485211210681,102
20,control,parietal_alpha,-26.211630346427224,0.16485122874206937,-26.224377204025792,102
20,control,parietal_beta,-25.664595411498183,0.13042313925109825,-25.689692388573256,102
20,control,parietal_gamma,-26.32281401929205,0.14407101148560034,-26.325548519679376,102
20,control,occipital_delta,-25.179675520835975,0.3909750044667034,-25.217944156278378,102
20,control,occipital_theta,-25.433063852233516,0.4276739928048152,-25.46787130491058,102
20,control,occipital_alpha,-25.71374833008391,0.34736717462533273,-25.73559458710571,102
20,control,occipital_beta,-25.196192398880093,0.26695207643706786,-25.190075186216873,102
20,control,occipital_gamma,-25.847773835699243,0.29444117881389054,-25.84633770248258,102
20,control,central_delta,-25.67588388404539,0.28556637815115854,-25.67443270972472,102
20,control,central_theta,-26.09730162606147,0.19531865319297095,-26.106859002593716,102
20,control,central_alpha,-26.48380823085092,0.14711604827735383,-26.49069854695989,102
20,control,central_beta,-26.033045011877764,0.1184678182883605,-26.044348962665424,102
20,control,central_gamma,-26.610638698456494,0.12378239962383063,-26.622449282968475,102
20,control,FAA,-0.017969791379807264,0.3396185107442224,-0.04101919796648975,102
20,control,theta_beta_ratio,-0.05960376831718114,0.2029492236124981,-0.06804417057067799,102
20,control,engagement_index,0.6822339012575732,0.07930271593264626,0.6788234298920541,102
20,control,spectral_entropy,3.1373460572572114,0.10707821295223233,3.156120991038242,102
20,control,fixation_count,0.23529411764705882,0.6320870755316582,0.0,102
20,control,fixation_mean_dur_ms,136.7111111111111,28.085150193218855,128.0,102
20,control,saccade_count,23.558823529411764,17.174453472164977,27.5,102
20,control,saccade_mean_amp_deg,1.48882839027412,0.9720603497328166,1.1866098484848484,102
20,control,blink_count,0.3235294117647059,0.5295573474845743,0.0,102
20,control,gaze_dispersion,0.25530585644168585,0.1554589828176743,0.2102970326721552,102
20,control,nan_ratio,0.27905875886014364,0.4171046417906583,0.0524027459954233,102
20,control,n_samples,94.17647058823529,55.98486566438757,129.0,102
20,control,blink_rate_per_sec,0.14705882352941177,0.240707885220261,0.0,102
20,control,velocity_mean,444.6953846412457,396.8397632578577,351.7505864572165,102
20,control,velocity_max,1490.1521610591967,1485.8072708271802,986.1543727864856,102
20,control,acceleration_mean,516.7922215348974,1236.7034275948938,273.07793111433426,102
20,control,path_length_px,582.1461780286133,579.2949251813053,363.86286718103526,102
20,control,auc_deviation,106.22423804892878,165.84048734844035,31.564541313528984,102
20,control,x_flips,1.161764705882353,1.3113772425082604,1.0,102
20,control,y_flips,1.7352941176470589,1.4415750823921163,2.0,102
20,control,idle_ratio,0.3256703672144848,0.24385076300941622,0.2857142857142857,102
20,control,click_count,0.5147058823529411,0.7429800234116406,0.0,102
20,control,rage_click_flag,0.014705882352941176,0.12126781251816653,0.0,102
21,variant,delta_power,-25.589818146335077,0.25082351922877144,-25.60633697922173,69
21,variant,theta_power,-25.88738800956215,0.1947503530715836,-25.91402782970706,69
21,variant,alpha_power,-25.76472058286029,0.33765077147253475,-25.834166157610905,69
21,variant,beta_power,-25.63408390884272,0.16067205677497232,-25.65031357949804,69
21,variant,gamma_power,-26.372029834038834,0.17522626305596448,-26.403445051044415,69
21,variant,frontal_delta,-25.688183157755116,0.3133759116333699,-25.73675848351656,69
21,variant,frontal_theta,-26.068352864440556,0.25107273742018865,-26.098892380727595,69
21,variant,frontal_alpha,-26.047062914478804,0.3757542298124479,-26.11775464856363,69
21,variant,frontal_beta,-25.820635306950066,0.26017056095554036,-25.90436896370814,69
21,variant,frontal_gamma,-26.415263295713473,0.2870787356796661,-26.483405659835448,69
21,variant,parietal_delta,-25.465745480807087,0.288233143852498,-25.488858498469572,69
21,variant,parietal_theta,-25.70795625640016,0.23207328638151037,-25.699878576008707,69
21,variant,parietal_alpha,-25.530465848564344,0.37100334002073837,-25.613730921810465,69
21,variant,parietal_beta,-25.56593624213113,0.18131530671060855,-25.579860751959018,69
21,variant,parietal_gamma,-26.492476120131673,0.1787897598595795,-26.508308596874137,69
21,variant,occipital_delta,-25.118806060147485,0.43613048676378896,-25.079661394683853,69
21,variant,occipital_theta,-25.328507262014273,0.3381922832905269,-25.363828058134043,69
21,variant,occipital_alpha,-25.29957418282742,0.4950226817610554,-25.350841447962154,69
21,variant,occipital_beta,-25.311896713359566,0.23174958527103165,-25.34178270727067,69
21,variant,occipital_gamma,-26.25877979420525,0.2555474028869458,-26.32147218639206,69
21,variant,central_delta,-25.722442338189598,0.3202366109014003,-25.728836715193054,69
21,variant,central_theta,-26.043753164109898,0.19168304683998383,-26.06500506716197,69
21,variant,central_alpha,-25.93138680845035,0.322331258325333,-25.956852690476705,69
21,variant,central_beta,-25.8733420513365,0.16329590727171434,-25.908747926820546,69
21,variant,central_gamma,-26.543919324359287,0.17006733498325122,-26.579025440746083,69
21,variant,FAA,0.2562778227723759,0.3229151158776025,0.2632447772221908,69
21,variant,theta_beta_ratio,-0.2477175574904869,0.3136914685624177,-0.2416404606334588,69
21,variant,engagement_index,0.5648431133794978,0.1267725832793022,0.5539759073450178,69
21,variant,spectral_entropy,3.1394644687724114,0.09360453131283038,3.145792972462707,69
21,variant,fixation_count,0.8840579710144928,1.0918983992281512,0.0,69
21,variant,fixation_mean_dur_ms,155.89705882352942,53.78309121069793,138.25,69
21,variant,saccade_count,32.11594202898551,8.82432505648292,35.0,69
21,variant,saccade_mean_amp_deg,0.913014705882353,0.5615941991835641,0.7995000000000001,69
21,variant,blink_count,0.13043478260869565,0.3392484547739255,0.0,69
21,variant,gaze_dispersion,0.19605362318840577,0.07916988542835134,0.1855,69
21,variant,nan_ratio,0.07031884057971015,0.17770460392870946,0.0,69
21,variant,n_samples,131.31884057971016,14.502020907469484,136.0,69
21,variant,blink_rate_per_sec,0.0592885375494071,0.154203843079057,0.0,69
21,variant,velocity_mean,425.2003174603174,367.3293458937583,352.84,69
21,variant,velocity_max,1308.6258730158727,1133.9948389704978,1070.41,69
21,variant,acceleration_mean,791.365873015873,1521.7485039273977,367.36,69
21,variant,path_length_px,413.7253968253969,409.44627043954887,337.3,69
21,variant,auc_deviation,26.80990476190476,43.83010186291339,11.312,69
21,variant,x_flips,0.0,0.0,0.0,69
21,variant,y_flips,0.0,0.0,0.0,69
21,variant,idle_ratio,0.40342857142857147,0.3004200668894503,0.273,69
21,variant,click_count,0.30434782608695654,0.46350162846617143,0.0,69
21,variant,rage_click_flag,0.0,0.0,0.0,69
21,control,delta_power,-25.62662063393748,0.2148919142083745,-25.652800312104404,89
21,control,theta_power,-25.962146663081754,0.15883094534803463,-25.952408499142415,89
21,control,alpha_power,-25.924787580756146,0.2375441739818879,-25.983271011703287,89
21,control,beta_power,-25.726673865623606,0.09598267358394744,-25.73698865695976,89
21,control,gamma_power,-26.485388703530973,0.10037930314607085,-26.50446731615841,89
21,control,frontal_delta,-25.72381721042362,0.241959696446087,-25.75842426216079,89
21,control,frontal_theta,-26.11483675524643,0.21403662210480298,-26.11393884572274,89
21,control,frontal_alpha,-26.19018727273471,0.26169561859821244,-26.256836841297297,89
21,control,frontal_beta,-25.95350625529401,0.12037559399978132,-25.95275297028649,89
21,control,frontal_gamma,-26.5931646225898,0.1657403225904375,-26.60110300505619,89
21,control,parietal_delta,-25.43482111621262,0.2486046044977063,-25.427623797357132,89
21,control,parietal_theta,-25.725636061409904,0.19499193357384073,-25.73139255880618,89
21,control,parietal_alpha,-25.605290256797776,0.2871701592523737,-25.616138375043533,89
21,control,parietal_beta,-25.513000984411867,0.15568484821832135,-25.509328200936505,89
21,control,parietal_gamma,-26.496062704121556,0.12636880949083681,-26.516650662379934,89
21,control,occipital_delta,-25.177373848805185,0.3817256536337734,-25.114268487427704,89
21,control,occipital_theta,-25.325635302420636,0.3469302162969564,-25.313134144512663,89
21,control,occipital_alpha,-25.408227706653012,0.33509046039543167,-25.446654872227665,89
21,control,occipital_beta,-25.28344913556292,0.20577175742519346,-25.285800803789986,89
21,control,occipital_gamma,-26.2101805452306,0.26503174138224156,-26.249737296361932,89
21,control,central_delta,-25.827892278075502,0.28255397606515703,-25.895251967959556,89
21,control,central_theta,-26.174070262796462,0.18451120727792897,-26.17382284510112,89
21,control,central_alpha,-26.141547972888933,0.27029894962599116,-26.15841199121397,89
21,control,central_beta,-25.9843245976342,0.12752079032648328,-26.000232109293457,89
21,control,central_gamma,-26.674765487356975,0.12187745789623168,-26.69495020861404,89
21,control,FAA,0.20943114163500356,0.26551143715487713,0.236117137520587,89
21,control,theta_beta_ratio,-0.16133049995241697,0.22174030458152597,-0.1676677476358214,89
21,control,engagement_index,0.5692995431278283,0.07981552446711988,0.5770342376135621,89
21,control,spectral_entropy,3.1368724077761105,0.09601619443039472,3.145803572861009,89
21,control,fixation_count,0.39325842696629215,0.7479969848032613,0.0,89
21,control,fixation_mean_dur_ms,167.34722222222223,75.51000376292517,132.33333333333331,89
21,control,saccade_count,32.01123595505618,13.099700189163311,37.0,89
21,control,saccade_mean_amp_deg,1.2553335379749047,0.9419121954441495,1.017170731707317,89
21,control,blink_count,0.20224719101123595,0.5261302828823708,0.0,89
21,control,gaze_dispersion,0.2426579957087261,0.19242956848994489,0.1983788793582103,89
21,control,nan_ratio,0.07321504161654849,0.2249547392425207,0.0,89
21,control,n_samples,124.19101123595506,31.442182293455264,136.0,89
21,control,blink_rate_per_sec,0.09193054136874361,0.23915012858289583,0.0,89
21,control,velocity_mean,550.4443129616029,409.3642317373316,453.88510500474706,89
21,control,velocity_max,1804.3147892981392,1549.3577153685628,1448.9977968918593,89
21,control,acceleration_mean,714.9680484534571,1685.7236694616452,609.9369073389491,89
21,control,path_length_px,761.8055605269712,742.4369102349198,549.1142124609164,89
21,control,auc_deviation,126.44080624106937,205.18789934342487,63.98747629700728,89
21,control,x_flips,1.2727272727272727,1.2715279064115017,1.0,89
21,control,y_flips,2.303030303030303,1.9132710368910255,2.0,89
21,control,idle_ratio,0.3255460869097233,0.22275125104205676,0.2857142857142857,89
21,control,click_count,0.4090909090909091,0.5811731564363909,0.0,89
21,control,rage_click_flag,0.0,0.0,0.0,89
22,variant,delta_power,-25.31006631474381,0.38850754790603814,-25.337733059389254,75
22,variant,theta_power,-25.747050464494517,0.191508682005203,-25.722340593881203,75
22,variant,alpha_power,-26.07960757380429,0.15220079556124907,-26.11453005104767,75
22,variant,beta_power,-25.58801493220561,0.09817978777979075,-25.5868382259756,75
22,variant,gamma_power,-26.31777670769668,0.08034289517598321,-26.332416514002112,75
22,variant,frontal_delta,-25.232988564388467,0.42023689274164494,-25.263062323937948,75
22,variant,frontal_theta,-25.716417055699115,0.23742726236260275,-25.659992502073703,75
22,variant,frontal_alpha,-26.163930642754284,0.186361531954426,-26.192335681381092,75
22,variant,frontal_beta,-25.554614108261628,0.15434101757722188,-25.573997835553364,75
22,variant,frontal_gamma,-26.269420058660444,0.12382909432201794,-26.284010256733552,75
22,variant,parietal_delta,-25.359187447092566,0.3449370597601653,-25.37063101791675,75
22,variant,parietal_theta,-25.63602609298845,0.27084682844334285,-25.600313471562135,75
22,variant,parietal_alpha,-25.92773128354017,0.22440352399903907,-25.924330264545056,75
22,variant,parietal_beta,-25.585842718048184,0.1497261388337497,-25.60089368037908,75
22,variant,parietal_gamma,-26.395415708351006,0.09693977957295745,-26.38375595263858,75
22,variant,occipital_delta,-24.994010162715416,0.47025834614781253,-24.939132765527603,75
22,variant,occipital_theta,-24.993488803980604,0.3823385926348205,-24.95884405135153,75
22,variant,occipital_alpha,-25.529256569076836,0.2814321901118939,-25.495815688745353,75
22,variant,occipital_beta,-25.33062035086478,0.17316201003243004,-25.316889520358615,75
22,variant,occipital_gamma,-26.24671712159141,0.1449641321144136,-26.23335525276995,75
22,variant,central_delta,-25.43006636977888,0.474698362582211,-25.466835072260192,75
22,variant,central_theta,-25.954090617845488,0.18368050362654778,-25.93268122246088,75
22,variant,central_alpha,-26.250918812232694,0.15579838934634763,-26.249283122539964,75
22,variant,central_beta,-25.836018316043837,0.11021105870078664,-25.856593394017988,75
22,variant,central_gamma,-26.515560087039155,0.09112017452733963,-26.526569396090206,75
22,variant,FAA,0.005860960182266641,0.36472186043336946,-0.0082602845596468,75
22,variant,theta_beta_ratio,-0.1618029474374894,0.2621809498675898,-0.1406198681607229,75
22,variant,engagement_index,0.6304177445440899,0.08891648389903029,0.6311220898104692,75
22,variant,spectral_entropy,3.035213844958624,0.23413039488354892,3.084230504040097,75
22,variant,fixation_count,0.24,0.48879332945419673,0.0,75
22,variant,fixation_mean_dur_ms,143.6875,30.189333105143835,146.0,75
22,variant,saccade_count,26.253333333333334,13.754697805175937,27.0,75
22,variant,saccade_mean_amp_deg,1.4373194444444444,1.0007794121230034,1.2005,75
22,variant,blink_count,0.36,0.5844840644719252,0.0,75
22,variant,gaze_dispersion,0.208616,0.10971771770492848,0.2051,75
22,variant,nan_ratio,0.22894666666666671,0.28104649482292476,0.117,75
22,variant,n_samples,112.02666666666667,31.60694985725891,133.0,75
22,variant,blink_rate_per_sec,0.1636363636363636,0.265674574759966,0.0,75
22,variant,velocity_mean,574.2851923076923,475.60373365299415,532.245,75
22,variant,velocity_max,1793.3057692307698,1619.4621519654038,1209.1599999999999,75
22,variant,acceleration_mean,1023.6688461538462,2857.511275360839,444.275,75
22,variant,path_length_px,442.151923076923,441.8294447312485,370.1,75
22,variant,auc_deviation,28.727884615384614,69.77201321774379,8.521,75
22,variant,x_flips,0.0,0.0,0.0,75
22,variant,y_flips,0.0,0.0,0.0,75
22,variant,idle_ratio,0.33661538461538465,0.25710142607166625,0.293,75
22,variant,click_count,0.4533333333333333,0.9196552428849443,0.0,75
22,variant,rage_click_flag,0.09333333333333334,0.29285792761297375,0.0,75
22,control,delta_power,-25.369253040310593,0.3305844034456528,-25.38118951330167,79
22,control,theta_power,-25.768513944961168,0.17114273282178583,-25.75009964312546,79
22,control,alpha_power,-26.11597944047821,0.12127311271132515,-26.10082581101883,79
22,control,beta_power,-25.5712764507747,0.10937270202092195,-25.59628218803215,79
22,control,gamma_power,-26.278981974165134,0.09476727708760027,-26.294254350314905,79
22,control,frontal_delta,-25.330610549432244,0.37664269253721766,-25.387654600674747,79
22,control,frontal_theta,-25.78370920191903,0.24124887802418163,-25.797176217299103,79
22,control,frontal_alpha,-26.189334410381804,0.17043812323954177,-26.20160960881353,79
22,control,frontal_beta,-25.483245152403157,0.14737861443397807,-25.504944380228785,79
22,control,frontal_gamma,-26.188657878105822,0.15136456915320734,-26.206295486243217,79
22,control,parietal_delta,-25.40674477904448,0.3418628449395339,-25.44130151265342,79
22,control,parietal_theta,-25.660500569206217,0.2238480334056883,-25.65946505267784,79
22,control,parietal_alpha,-25.952414879086145,0.19316835713059363,-25.95413801431014,79
22,control,parietal_beta,-25.600992668127713,0.13932503800816154,-25.599906118433076,79
22,control,parietal_gamma,-26.38593941979192,0.10481985358948366,-26.390966169463297,79
22,control,occipital_delta,-24.99015136919101,0.3803793853890793,-24.938393857384437,79
22,control,occipital_theta,-25.03568904994634,0.3799741957216977,-25.051797001830433,79
22,control,occipital_alpha,-25.601940593292714,0.2806576386408047,-25.62953338699485,79
22,control,occipital_beta,-25.36020024345642,0.1826243889855237,-25.387559152797337,79
22,control,occipital_gamma,-26.235308864531966,0.1570124372300067,-26.222355168396643,79
22,control,central_delta,-25.515186923439426,0.35878590224000884,-25.541650614658288,79
22,control,central_theta,-25.949788713619018,0.19052919544689367,-25.972509915484657,79
22,control,central_alpha,-26.29875981725588,0.14283930518042498,-26.294107217291703,79
22,control,central_beta,-25.864310996499032,0.12196903362564593,-25.883247570700465,79
22,control,central_gamma,-26.514696276321324,0.10783378456386822,-26.52604810057152,79
22,control,FAA,0.007947057514661023,0.37333335534472567,-0.0052929009664381,79
22,control,theta_beta_ratio,-0.30046404951587563,0.2841770244274525,-0.2941151219154534,79
22,control,engagement_index,0.6579634057310193,0.09096051691523703,0.6556796417583014,79
22,control,spectral_entropy,3.0794650009519486,0.17426917348729662,3.1148111140989765,79
22,control,fixation_count,0.34177215189873417,0.638228235628135,0.0,79
22,control,fixation_mean_dur_ms,126.015873015873,19.26906737940261,115.0,79
22,control,saccade_count,29.72151898734177,13.674734993786018,36.0,79
22,control,saccade_mean_amp_deg,1.0249399514344766,0.7997824886459803,0.8348947368421054,79
22,control,blink_count,0.35443037974683544,0.6209582066853243,0.0,79
22,control,gaze_dispersion,0.28820090357019296,0.16939441996096177,0.267067055543401,79
22,control,nan_ratio,0.1515381128168495,0.31215828524009875,0.0,79
22,control,n_samples,110.70886075949367,43.77598917412,136.0,79
22,control,blink_rate_per_sec,0.1611047180667434,0.282253730311511,0.0,79
22,control,velocity_mean,566.8442695359801,392.5794149407758,496.4961468270815,79
22,control,velocity_max,1969.2968444343794,1422.4849934975564,1714.7991710245408,79
22,control,acceleration_mean,986.152596116512,1722.3940353926894,533.7570698059079,79
22,control,path_length_px,715.9887445036342,555.3630199447078,611.2298618390929,79
22,control,auc_deviation,124.96358269980348,154.07222258071874,55.4838467235216,79
22,control,x_flips,1.5660377358490567,1.512886110440573,1.0,79
22,control,y_flips,1.9811320754716981,1.6812377084221641,2.0,79
22,control,idle_ratio,0.3446729894843102,0.2286881853367172,0.3076923076923077,79
22,control,click_count,0.9433962264150944,1.0815781621106801,1.0,79
22,control,rage_click_flag,0.09433962264150944,0.2950978288503027,0.0,79
23,variant,delta_power,-25.841497859613842,0.204292364473356,-25.86587852320602,81
23,variant,theta_power,-26.153412468774857,0.15983364686060564,-26.166039021610217,81
23,variant,alpha_power,-26.08705682990501,0.36637172160830045,-26.188999275699928,81
23,variant,beta_power,-25.873792522107124,0.10951295470494392,-25.886883224556,81
23,variant,gamma_power,-26.57590024884302,0.076210252857208,-26.576245375430915,81
23,variant,frontal_delta,-26.076736781077866,0.26608461741855854,-26.11908657173355,81
23,variant,frontal_theta,-26.36160356688849,0.19857907849632378,-26.34384941832887,81
23,variant,frontal_alpha,-26.321738375339027,0.44462036083797674,-26.481527004018695,81
23,variant,frontal_beta,-26.244919431432898,0.12102730031983887,-26.25936608468402,81
23,variant,frontal_gamma,-26.850760102748296,0.07918902393019328,-26.858301200284806,81
23,variant,parietal_delta,-25.62799690211779,0.24493761665453515,-25.628836091774055,81
23,variant,parietal_theta,-25.9513284014252,0.18285541004723108,-25.937918194688137,81
23,variant,parietal_alpha,-25.867318159695937,0.42028218455585936,-26.01998810927505,81
23,variant,parietal_beta,-25.70869647990823,0.15182383890617762,-25.71780921948606,81
23,variant,parietal_gamma,-26.492910903740498,0.11098596672084883,-26.49488639751011,81
23,variant,occipital_delta,-25.341190641571814,0.32096860517793496,-25.351872681985725,81
23,variant,occipital_theta,-25.641346501801475,0.3813885385349622,-25.64592873067546,81
23,variant,occipital_alpha,-25.850367564906016,0.27491152646313,-25.90592601241576,81
23,variant,occipital_beta,-25.37883279081857,0.2550053122871921,-25.350792803220497,81
23,variant,occipital_gamma,-26.238314095227256,0.23821094627620218,-26.260485796767597,81
23,variant,central_delta,-25.902822964477192,0.2820184717153713,-25.95370219494734,81
23,variant,central_theta,-26.18595188612587,0.2322203389009231,-26.19807928641838,81
23,variant,central_alpha,-26.032178170517902,0.438536778666184,-26.14924790700792,81
23,variant,central_beta,-25.980855976997415,0.13791431038573287,-26.011406661514823,81
23,variant,central_gamma,-26.692186846203338,0.09738076822509162,-26.70595214830014,81
23,variant,FAA,0.07114427217972553,0.34510020526406365,0.0362884459967176,81
23,variant,theta_beta_ratio,-0.11668413545558372,0.2442995236254681,-0.1030039571578171,81
23,variant,engagement_index,0.5771082481688941,0.11795632866500898,0.5681578817950875,81
23,variant,spectral_entropy,3.1241196609569584,0.11033637054904216,3.131907189193671,81
23,variant,fixation_count,0.09876543209876543,0.3002056908023621,0.0,81
23,variant,fixation_mean_dur_ms,160.875,44.169923509749744,162.5,81
23,variant,saccade_count,11.703703703703704,9.022810599315001,11.0,81
23,variant,saccade_mean_amp_deg,2.995636363636364,3.394502311823646,1.923,81
23,variant,blink_count,0.0,0.0,0.0,81
23,variant,gaze_dispersion,0.15556172839506174,0.08682567818321552,0.155,81
23,variant,nan_ratio,0.4116049382716049,0.2796740370061344,0.327,81
23,variant,n_samples,66.5679012345679,27.395683178014075,64.0,81
23,variant,blink_rate_per_sec,0.0,0.0,0.0,81
23,variant,velocity_mean,334.2086440677966,291.9884694904426,308.13,81
23,variant,velocity_max,958.7503389830509,896.8984178035457,805.29,81
23,variant,acceleration_mean,486.8003389830509,1492.4664946692199,263.48,81
23,variant,path_length_px,267.2728813559322,297.33233109429665,155.3,81
23,variant,auc_deviation,14.83022033898305,25.672695007212862,4.93,81
23,variant,x_flips,0.0,0.0,0.0,81
23,variant,y_flips,0.0,0.0,0.0,81
23,variant,idle_ratio,0.4061186440677966,0.30960058165909016,0.25,81
23,variant,click_count,0.1728395061728395,0.4120110270608701,0.0,81
23,variant,rage_click_flag,0.0,0.0,0.0,81
23,control,delta_power,-25.847974954460142,0.1787603361740088,-25.860396610762436,92
23,control,theta_power,-26.19381927035938,0.14593445380906403,-26.18938864917505,92
23,control,alpha_power,-25.965029102307998,0.43576111822367797,-26.07264270572869,92
23,control,beta_power,-25.725786307568153,0.16716628593634733,-25.777249496557253,92
23,control,gamma_power,-26.42830397885761,0.18643862229320796,-26.48371238485336,92
23,control,frontal_delta,-26.084894891944185,0.25476942494208815,-26.12833696836059,92
23,control,frontal_theta,-26.386094369016025,0.1775350221662454,-26.394058961658047,92
23,control,frontal_alpha,-26.16442733133024,0.5143252455703204,-26.33941262609725,92
23,control,frontal_beta,-26.124582659272647,0.16155254317758486,-26.131133156268632,92
23,control,frontal_gamma,-26.740281802070786,0.15001302638629846,-26.771521013550128,92
23,control,parietal_delta,-25.62272600310176,0.24817022325086582,-25.632781446676418,92
23,control,parietal_theta,-25.995566498140924,0.1866276295737988,-26.00063195232405,92
23,control,parietal_alpha,-25.76896413948233,0.44133136614415375,-25.89478015572749,92
23,control,parietal_beta,-25.568710394338595,0.20407380847342896,-25.62323271631348,92
23,control,parietal_gamma,-26.3196238404321,0.21624545169517492,-26.34833919095628,92
23,control,occipital_delta,-25.384449933611233,0.34828363302968546,-25.398636650010157,92
23,control,occipital_theta,-25.718949141625558,0.3256000310255392,-25.742606357251567,92
23,control,occipital_alpha,-25.811881923378465,0.3083657892296638,-25.82192631234412,92
23,control,occipital_beta,-25.321045457234103,0.2223256778349122,-25.331842049101354,92
23,control,occipital_gamma,-26.191407912852075,0.217814856078631,-26.221729817684874,92
23,control,central_delta,-25.92173329677113,0.2404407875938867,-25.926451100530045,92
23,control,central_theta,-26.249700994030704,0.18372189248976065,-26.24457190827315,92
23,control,central_alpha,-25.897029659070956,0.5631555601341445,-26.061764275185944,92
23,control,central_beta,-25.91185773330868,0.14515562833755224,-25.93810545593789,92
23,control,central_gamma,-26.660623677704933,0.09983535466489052,-26.671477166978356,92
23,control,FAA,0.05145486830479326,0.33971680103228763,0.06409664319736835,92
23,control,theta_beta_ratio,-0.2615117097433702,0.2335943731096779,-0.2639202327730992,92
23,control,engagement_index,0.6480647768729836,0.18138079788038464,0.641870986501619,92
23,control,spectral_entropy,3.1650402205557118,0.12502738991247153,3.1897746033106937,92
23,control,fixation_count,0.18478260869565216,0.4671481828597473,0.0,92
23,control,fixation_mean_dur_ms,141.03571428571428,31.77351599494961,128.5,92
23,control,saccade_count,17.75,11.161772477306856,19.0,92
23,control,saccade_mean_amp_deg,1.7122056798309704,1.4189474310874417,1.341911330049261,92
23,control,blink_count,1.391304347826087,0.9487588391819828,1.0,92
23,control,gaze_dispersion,0.2058276986880885,0.1190467228249932,0.1856246612926385,92
23,control,nan_ratio,0.23753980069860406,0.2542910469484828,0.1538461538461538,92
23,control,n_samples,84.25,31.81147246230171,89.5,92
23,control,blink_rate_per_sec,0.6324110671936758,0.4312540178099922,0.4545454545454545,92
23,control,velocity_mean,320.6307118103191,251.56661202949837,319.0118555066146,92
23,control,velocity_max,841.7986270319204,786.0120833373505,669.6340517876981,92
23,control,acceleration_mean,450.1987435289351,723.4524242617535,251.6681865861787,92
23,control,path_length_px,389.6609727280202,394.20794305174553,288.0328720321084,92
23,control,auc_deviation,46.22933145483715,53.81631740014866,27.56664920713413,92
23,control,x_flips,0.9538461538461539,1.2428642478008363,1.0,92
23,control,y_flips,1.1538461538461537,1.4602094159611279,1.0,92
23,control,idle_ratio,0.35502629062345664,0.296315618338198,0.25,92
23,control,click_count,0.26153846153846155,0.5085802258777333,0.0,92
23,control,rage_click_flag,0.0,0.0,0.0,92
