subject_id,feature,variant_mean,control_mean,u_statistic,p_value,rank_biserial,direction,n_variant,n_control
14,delta_power,-25.542094319630237,-25.631550942943274,2907.0,0.02374964080560091,-0.2234848484848484,variant>,66,72
14,theta_power,-25.926915317470606,-26.00898295137083,2955.0,0.01367281806858469,-0.24368686868686873,variant>,66,72
14,alpha_power,-26.16883368655987,-26.29740590518819,3246.0,0.00021049322998176792,-0.36616161616161613,variant>,66,72
14,beta_power,-25.73462220779009,-25.793594073812372,3148.0,0.0010076860615101423,-0.3249158249158248,variant>,66,72
14,gamma_power,-26.453409224580735,-26.452720925138458,2269.0,0.6498749003779813,0.04503367003366998,control>,66,72
14,frontal_delta,-25.026546371154645,-25.310953260498668,3516.0,1.192365973584007e-06,-0.4797979797979799,variant>,66,72
14,frontal_theta,-25.647420031258214,-25.800027103319692,3203.0,0.00042701506810500725,-0.34806397306397296,variant>,66,72
14,frontal_alpha,-26.10144749412649,-26.23121601833905,3025.0,0.005707866663982276,-0.27314814814814814,variant>,66,72
14,frontal_beta,-25.51812498637242,-25.699835479525728,3859.0,2.634756505448782e-10,-0.6241582491582491,variant>,66,72
14,frontal_gamma,-26.22950811813422,-26.323636391787502,3121.0,0.0015072209850327852,-0.3135521885521886,variant>,66,72
14,parietal_delta,-26.020464293849468,-26.029292579314397,2361.0,0.9507193231585149,0.0063131313131312705,variant>,66,72
14,parietal_theta,-26.218815425835796,-26.261155609790414,2586.0,0.3718818652915792,-0.08838383838383845,variant>,66,72
14,parietal_alpha,-26.269917106042595,-26.38020723851399,2951.0,0.01433740227650055,-0.242003367003367,variant>,66,72
14,parietal_beta,-25.878803704507053,-25.873159577000504,2235.0,0.5492699026084111,0.059343434343434365,control>,66,72
14,parietal_gamma,-26.53158712373002,-26.488086421698394,1876.0,0.03325229821112218,0.21043771043771042,control>,66,72
14,occipital_delta,-25.47027942590538,-25.470355768496997,2462.0,0.7155388158456806,-0.036195286195286114,variant>,66,72
14,occipital_theta,-25.78215910439998,-25.780348444594196,2288.0,0.7091840927137074,0.03703703703703709,control>,66,72
14,occipital_alpha,-26.031769215804932,-26.180812449203025,3089.0,0.002390281537004446,-0.3000841750841752,variant>,66,72
14,occipital_beta,-25.698189175251628,-25.722889681534078,2723.0,0.13970503845010976,-0.14604377104377098,variant>,66,72
14,occipital_gamma,-26.485229346931902,-26.48751375247544,2353.0,0.923598430562829,0.009680134680134733,variant>,66,72
14,central_delta,-25.907257502615185,-25.918495090293497,2515.0,0.5549694976650579,-0.05850168350168361,variant>,66,72
14,central_theta,-26.155693220744116,-26.217850799056396,2762.0,0.10035802355814531,-0.1624579124579124,variant>,66,72
14,central_alpha,-26.32799218229373,-26.441139712142622,3120.0,0.0015295003081138257,-0.31313131313131315,variant>,66,72
14,central_beta,-25.88788843547369,-25.919308097413293,2661.0,0.22527241446185142,-0.11994949494949503,variant>,66,72
14,central_gamma,-26.593977629960307,-26.57282420723123,2018.0,0.12756474339594673,0.15067340067340063,control>,66,72
14,FAA,0.49071275359730554,0.6008529798703033,2186.0,0.4192588719217758,0.07996632996633002,control>,66,72
14,theta_beta_ratio,-0.12929504488579535,-0.10019162379396862,2223.0,0.5156907773000148,0.06439393939393945,control>,66,72
14,engagement_index,0.6204362073713312,0.6398609787446057,2055.0,0.1719169077156113,0.13510101010101006,control>,66,72
14,spectral_entropy,3.097095338066675,3.12751483662337,2009.0,0.11825583090156387,0.1544612794612794,control>,66,72
14,fixation_count,0.4696969696969697,0.2222222222222222,2760.0,0.02819441192252668,-0.16161616161616155,variant>,66,72
14,fixation_mean_dur_ms,136.8190476190476,130.54166666666666,141.0,0.5866829396542232,-0.11904761904761907,variant>,21,12
14,saccade_count,34.60606060606061,36.736111111111114,1600.5,0.0009345535149890864,0.32638888888888884,control>,66,72
14,saccade_mean_amp_deg,1.1229242424242423,1.2199082111422122,1852.0,0.08145089255849418,0.1746880570409982,control>,66,68
14,blink_count,0.48484848484848486,0.2361111111111111,2804.5,0.016488645975176536,-0.18034511784511786,variant>,66,72
14,gaze_dispersion,0.18601060606060607,0.2326686942146553,1885.0,0.084837110948949,0.17215634606938957,control>,66,69
14,nan_ratio,0.09931818181818183,0.06704298497652018,2908.0,0.005782102837466972,-0.22390572390572383,variant>,66,72
14,n_samples,134.65151515151516,128.26388888888889,2088.0,0.16335871048277462,0.12121212121212122,variant>,66,72
14,blink_rate_per_sec,0.22038567493112948,0.10732323232323232,2804.5,0.016488645975176536,-0.18034511784511786,variant>,66,72
14,velocity_mean,893.6317741935485,761.2689384336645,2188.0,0.49989236292146244,-0.06940371456500483,variant>,62,66
14,velocity_max,3029.869516129033,2769.796181228034,2145.0,0.6386129320075595,-0.048387096774193505,variant>,62,66
14,acceleration_mean,722.8758064516127,700.0854175239439,2050.0,0.986685774611046,-0.0019550342130987275,variant>,62,66
14,path_length_px,1015.0693548387096,764.7734165108299,2296.0,0.23419959280394353,-0.12218963831867047,variant>,62,66
14,auc_deviation,75.53940322580645,143.168340195334,1497.0,0.008914153782840677,0.26832844574780057,control>,62,66
14,x_flips,0.0,2.5,330.0,7.461905069887109e-21,0.8484848484848485,control>,66,66
14,y_flips,0.0,1.9848484848484849,462.0,7.031402284686012e-19,0.7878787878787878,control>,66,66
14,idle_ratio,0.26475806451612904,0.1890351750645868,2541.5,0.01808325430270466,-0.2421798631476051,variant>,62,66
14,click_count,0.9393939393939394,0.9848484848484849,2185.5,0.9719502868945539,-0.003443526170798794,control>,66,66
14,rage_click_flag,0.12121212121212122,0.12121212121212122,2178.0,1.0,0.0,control>,66,66
15,delta_power,-25.92009391332195,-25.888434798572806,3015.0,0.5401607743246265,0.05663329161451813,control>,68,94
15,theta_power,-26.11552989447256,-26.129757546825633,3414.0,0.46043045449171904,-0.0682102628285357,variant>,68,94
15,alpha_power,-25.97492862383329,-26.08714522736159,4087.0,0.002510072310857298,-0.2787859824780976,variant>,68,94
15,beta_power,-25.655446733377595,-25.619456376100043,2540.0,0.026108377709390868,0.20525657071339176,control>,68,94
15,gamma_power,-26.30693467744542,-26.258654494082013,2186.0,0.0006125865971154331,0.3160200250312891,control>,68,94
15,frontal_delta,-25.933201800221173,-25.902493871553954,2925.0,0.358615517288593,0.0847934918648311,control>,68,94
15,frontal_theta,-26.21366842818431,-26.19610678692339,3030.0,0.5743451011300276,0.05193992490613264,control>,68,94
15,frontal_alpha,-26.157375428621343,-26.23668199474808,3695.0,0.09068814094408635,-0.15613266583229035,variant>,68,94
15,frontal_beta,-25.85529129284635,-25.802461494260385,2452.0,0.011627737891113467,0.23279098873591986,control>,68,94
15,frontal_gamma,-26.514334015022506,-26.460662274257697,2612.0,0.04767581478158758,0.18272841051314148,control>,68,94
15,parietal_delta,-25.887602876771354,-25.86569379607152,3089.0,0.7177756313984343,0.0334793491864831,control>,68,94
15,parietal_theta,-26.046035387626105,-26.05657079697213,3318.0,0.6800907566343044,-0.03817271589486859,variant>,68,94
15,parietal_alpha,-25.816280765078616,-25.93443907204367,3958.0,0.009756775710376621,-0.23842302878598254,variant>,68,94
15,parietal_beta,-25.532131825914025,-25.5097298546949,2890.0,0.29983501392007195,0.0957446808510638,control>,68,94
15,parietal_gamma,-26.181285504587237,-26.18808911173159,3391.0,0.5092010595483504,-0.061013767209011194,variant>,68,94
15,occipital_delta,-25.50658354385904,-25.4695152839617,3045.0,0.6095207197485573,0.047246558197747146,control>,68,94
15,occipital_theta,-25.452581891051807,-25.496984590760633,3393.0,0.5048553596357728,-0.06163954943679606,variant>,68,94
15,occipital_alpha,-25.385600478171792,-25.532984036623084,3965.0,0.009104943434792517,-0.240613266583229,variant>,68,94
15,occipital_beta,-24.902627999368487,-24.890417023524623,3046.0,0.6118994553295682,0.046933667083854824,control>,68,94
15,occipital_gamma,-25.446014298801188,-25.406650786277787,2755.0,0.13492957349563606,0.13798498122653313,control>,68,94
15,central_delta,-26.00618855904613,-25.977870541034427,3109.0,0.7690953506414433,0.027221526908635774,control>,68,94
15,central_theta,-26.132823594477543,-26.170748104866185,3537.0,0.247857852132068,-0.10669586983729662,variant>,68,94
15,central_alpha,-25.98068858397219,-26.110835004884088,4055.0,0.003573733114829754,-0.268773466833542,variant>,68,94
15,central_beta,-25.75433597748424,-25.78521428551434,3839.0,0.02922209974052896,-0.2011889862327909,variant>,68,94
15,central_gamma,-26.47991895779458,-26.487430073213456,3500.0,0.3030101075850081,-0.09511889862327916,variant>,68,94
15,FAA,0.256642702395917,0.322236643735647,2953.0,0.41051839761922393,0.07603254067584475,control>,68,94
15,theta_beta_ratio,-0.3583771353379631,-0.3936452926630094,3416.0,0.4563166330271099,-0.06883604505632035,variant>,68,94
15,engagement_index,0.67083742876862,0.7361761182898496,1855.0,5.382284362133742e-06,0.4195869837296621,control>,68,94
15,spectral_entropy,3.271219421342049,3.2747500688049582,3208.0,0.9688680661540192,-0.003754693366708306,control>,68,94
15,fixation_count,0.27941176470588236,0.26595744680851063,3253.5,0.7850334425156139,-0.01799123904881106,variant>,68,94
15,fixation_mean_dur_ms,158.96666666666667,184.73684210526315,132.0,0.7283894506405757,0.0736842105263158,control>,15,19
15,saccade_count,25.83823529411765,25.51063829787234,3065.0,0.6571049153537663,0.04098873591989982,variant>,68,94
15,saccade_mean_amp_deg,1.0107377049180328,0.821684478465723,2767.0,0.07312456769529363,-0.17819885032999783,variant>,61,77
15,blink_count,0.6911764705882353,0.26595744680851063,4043.5,0.000500573231660974,-0.2651752190237797,variant>,68,94
15,gaze_dispersion,0.1562779411764706,0.26946758511924895,1983.0,0.0017116839497144313,0.29730687455705174,control>,68,83
15,nan_ratio,0.3143970588235294,0.14519788018651614,4408.5,9.657237365953659e-06,-0.37938047559449317,variant>,68,94
15,n_samples,131.9264705882353,118.34042553191489,2587.5,0.026473656034781,0.19039424280350437,variant>,68,94
15,blink_rate_per_sec,0.31417112299465233,0.12088974854932304,4043.5,0.000500573231660974,-0.2651752190237797,variant>,68,94
15,velocity_mean,595.1962962962963,795.0227122094744,1439.0,0.09217888244338354,0.18005698005698,control>,54,65
15,velocity_max,1776.4898148148147,2635.8908081548852,1427.0,0.08045265513575478,0.18689458689458693,control>,54,65
15,acceleration_mean,918.8790740740741,405.26981546784396,1854.0,0.5990590661953246,-0.05641025641025643,variant>,54,65
15,path_length_px,519.0555555555555,698.276455178289,1424.0,0.07771876463755067,0.18860398860398864,control>,54,65
15,auc_deviation,34.62701851851852,116.22440278802414,1122.5,0.0007411908102722074,0.3603988603988604,control>,54,65
15,x_flips,0.0,1.7076923076923076,646.0,9.460484385181102e-17,0.7076923076923076,control>,68,65
15,y_flips,0.0,2.4153846153846152,510.0,1.334801007225374e-18,0.7692307692307692,control>,68,65
15,idle_ratio,0.322425925925926,0.21147686526645798,2276.0,0.005424350845568553,-0.2968660968660968,variant>,54,65
15,click_count,0.22058823529411764,0.2,2231.0,0.8842224160225052,-0.00950226244343888,variant>,68,65
15,rage_click_flag,0.0,0.0,2210.0,1.0,0.0,control>,68,65
16,delta_power,-25.63975306500974,-25.586322929549187,3020.0,0.32789792426624664,0.08898944193061842,control>,78,85
16,theta_power,-26.002075777610692,-26.06018522437679,3999.0,0.023168092718879495,-0.2063348416289592,variant>,78,85
16,alpha_power,-26.334329203520536,-26.401840410255783,4393.0,0.00034417791884374944,-0.3251885369532428,variant>,78,85
16,beta_power,-25.76606728288312,-25.808221345889,4149.0,0.005623459585125613,-0.2515837104072398,variant>,78,85
16,gamma_power,-26.433686685303392,-26.429521451089258,3294.0,0.945703698116588,0.0063348416289592535,control>,78,85
16,frontal_delta,-25.346410260891105,-25.262452236535253,2952.0,0.22848944001275473,0.10950226244343897,control>,78,85
16,frontal_theta,-25.815140145942493,-25.88687173678091,3903.0,0.05097023255605579,-0.17737556561085976,variant>,78,85
16,frontal_alpha,-26.2852569335997,-26.330224602462614,3887.0,0.05762014122916474,-0.1725490196078432,variant>,78,85
16,frontal_beta,-25.606512708042835,-25.669751453354998,4023.0,0.018754173038517816,-0.21357466063348407,variant>,78,85
16,frontal_gamma,-26.302741254371956,-26.316622694721215,3600.0,0.34458955949420855,-0.08597285067873295,variant>,78,85
16,parietal_delta,-25.83678004137204,-25.80495379178481,3013.0,0.31653132139818263,0.09110105580693817,control>,78,85
16,parietal_theta,-26.094077096889176,-26.167197779702935,4013.0,0.020494981590975896,-0.2105580693815987,variant>,78,85
16,parietal_alpha,-26.324859760449407,-26.423802041825088,4305.0,0.0010118457480568937,-0.29864253393665163,variant>,78,85
16,parietal_beta,-25.87010380813241,-25.9411393812672,4175.0,0.004299079032660033,-0.25942684766214175,variant>,78,85
16,parietal_gamma,-26.52606471460881,-26.52432768156687,3181.0,0.6574044320902395,0.04042232277526392,control>,78,85
16,occipital_delta,-25.35955567225881,-25.289086621595107,2938.0,0.211018971405318,0.11372549019607847,control>,78,85
16,occipital_theta,-25.654639176519883,-25.685682044373483,3512.0,0.5138907054499963,-0.05942684766214179,variant>,78,85
16,occipital_alpha,-26.112542253716544,-26.178147544652028,3881.0,0.06029308690505363,-0.17073906485671198,variant>,78,85
16,occipital_beta,-25.670530362073276,-25.676996103184827,3326.0,0.9721738430126088,-0.0033182503770738947,variant>,78,85
16,occipital_gamma,-26.389888531913158,-26.37039745894141,2951.0,0.22720838691266276,0.1098039215686275,control>,78,85
16,central_delta,-26.070146298840353,-26.01792664122305,2968.0,0.24968878678962336,0.10467571644042228,control>,78,85
16,central_theta,-26.295819823491513,-26.321738609610094,3577.0,0.38499613219243056,-0.07903469079939662,variant>,78,85
16,central_alpha,-26.526215365026076,-26.592719141338677,4139.0,0.006223932597152208,-0.24856711915535445,variant>,78,85
16,central_beta,-25.955715126173594,-25.991062364798104,3840.0,0.08143176588495378,-0.158371040723982,variant>,78,85
16,central_gamma,-26.5736179559789,-26.554970725970975,2844.0,0.11804194213772659,0.14208144796380096,control>,78,85
16,FAA,0.27239986025910556,0.23150009653434564,3545.0,0.4458090125673698,-0.06938159879336347,variant>,78,85
16,theta_beta_ratio,-0.20862743789965504,-0.21712028342591436,3397.0,0.7865828010451501,-0.024736048265459942,variant>,78,85
16,engagement_index,0.66311649142482,0.6722364197945783,3036.0,0.3548602102982735,0.08416289592760184,control>,78,85
16,spectral_entropy,3.121351257838192,3.0824334721123496,3868.0,0.06643800313134123,-0.166817496229261,variant>,78,85
16,fixation_count,0.38461538461538464,0.23529411764705882,3614.5,0.18891456944933727,-0.09034690799396672,variant>,78,85
16,fixation_mean_dur_ms,174.25652173913045,143.36111111111111,267.5,0.11478510950915972,-0.29227053140096615,variant>,23,18
16,saccade_count,27.628205128205128,26.44705882352941,3370.5,0.85490486240135,-0.01674208144796374,variant>,78,85
16,saccade_mean_amp_deg,1.2144545454545452,1.0198141374060667,3309.0,0.12078097973288945,-0.14597402597402587,variant>,77,75
16,blink_count,0.717948717948718,0.35294117647058826,3888.5,0.026264243828163045,-0.173001508295626,variant>,78,85
16,gaze_dispersion,0.1748871794871795,0.2896754478708375,2287.0,0.014494186666959664,0.2284075573549258,control>,78,76
16,nan_ratio,0.2619615384615385,0.14192967393627257,4674.0,2.7724611197410478e-06,-0.4099547511312218,variant>,78,85
16,n_samples,131.48717948717947,120.29411764705883,3148.0,0.5617731075135153,0.050377073906485714,variant>,78,85
16,blink_rate_per_sec,0.3263403263403263,0.16042780748663102,3888.5,0.026264243828163045,-0.173001508295626,variant>,78,85
16,velocity_mean,743.7344444444445,706.7762592610975,1689.0,0.8160977226749973,-0.02550091074681249,variant>,54,61
16,velocity_max,2364.648703703704,2506.784126129853,1555.0,0.6081136079256482,0.05585913782635099,control>,54,61
16,acceleration_mean,1455.3516666666671,902.630290898894,1741.0,0.6002951935387084,-0.05707346690953252,variant>,54,61
16,path_length_px,704.1833333333335,638.5629475773317,1695.0,0.7900694297497248,-0.02914389799635697,variant>,54,61
16,auc_deviation,63.33379629629629,126.95003250366183,1174.5,0.00813073883718483,0.28688524590163933,control>,54,61
16,x_flips,0.0,1.9836065573770492,663.0,9.731297410790769e-19,0.7213114754098361,control>,78,61
16,y_flips,0.0,2.0163934426229506,468.0,1.7665832812855685e-21,0.8032786885245902,control>,78,61
16,idle_ratio,0.3015,0.25904172402231074,1880.5,0.1909850241947456,-0.14177292046144507,variant>,54,61
16,click_count,0.6923076923076923,0.9180327868852459,2085.0,0.16665280031997898,0.12358133669609084,control>,78,61
16,rage_click_flag,0.0641025641025641,0.09836065573770492,2297.5,0.46218109020006837,0.03425809163514082,control>,78,61
17,delta_power,-25.464632387939226,-25.397863791996336,2660.0,0.10278535398545365,0.1507024265644955,control>,72,87
17,theta_power,-26.02227344655922,-25.944560364920264,2415.0,0.013165766187194072,0.22892720306513414,control>,72,87
17,alpha_power,-25.8941890212443,-25.929116045919958,3337.0,0.4791833236732618,-0.06545338441890158,variant>,72,87
17,beta_power,-25.384681342624123,-25.25750487608693,1522.0,2.55856546369168e-08,0.5140485312899106,control>,72,87
17,gamma_power,-26.119717527629803,-25.970812831878522,1437.0,4.536017800089507e-09,0.5411877394636015,control>,72,87
17,frontal_delta,-25.481486300951254,-25.433485883624257,2831.0,0.2984334739627047,0.0961047254150702,control>,72,87
17,frontal_theta,-26.127263816764454,-26.016204274784727,2424.0,0.014360719060051536,0.22605363984674332,control>,72,87
17,frontal_alpha,-26.046993534625848,-26.06252762551246,3255.0,0.6716548111843579,-0.039272030651340994,variant>,72,87
17,frontal_beta,-25.469020444773648,-25.343597984146626,1698.0,7.040711481721912e-07,0.4578544061302682,control>,72,87
17,frontal_gamma,-26.190194769484297,-26.057225865441005,1712.0,9.024679026698786e-07,0.45338441890166026,control>,72,87
17,parietal_delta,-25.467300015603193,-25.380499051273176,2649.0,0.09500641676678186,0.15421455938697315,control>,72,87
17,parietal_theta,-25.93733824648659,-25.822171730451615,2250.0,0.002286956697165849,0.2816091954022989,control>,72,87
17,parietal_alpha,-25.800150753123035,-25.80791435329898,3018.0,0.6945145412515947,0.036398467432950166,variant>,72,87
17,parietal_beta,-25.473870080342145,-25.34618886763252,1790.0,3.4522611977025826e-06,0.4284802043422733,control>,72,87
17,parietal_gamma,-26.322980010564038,-26.17219892279931,1747.0,1.6621196486819844e-06,0.4422094508301405,control>,72,87
17,occipital_delta,-24.5505552970938,-24.51494024237503,3019.0,0.6970722198100119,0.036079182630906814,control>,72,87
17,occipital_theta,-25.060561195149678,-24.9143010311148,2564.0,0.04956726262830061,0.18135376756066413,control>,72,87
17,occipital_alpha,-25.044152552695696,-25.047888880760272,2999.0,0.6466074460935867,0.042464878671775175,variant>,72,87
17,occipital_beta,-24.670385196794925,-24.479400866178036,1907.0,2.2647613316030275e-05,0.39112388250319285,control>,72,87
17,occipital_gamma,-25.57336673343789,-25.30846584257022,1799.0,4.012106155928541e-06,0.42560664112388247,control>,72,87
17,central_delta,-25.63323244133747,-25.606071962630367,3118.0,0.9627419034675876,0.004469987228607919,control>,72,87
17,central_theta,-26.1286631960442,-26.11648945925239,3138.0,0.9848161713986865,-0.0019157088122605526,control>,72,87
17,central_alpha,-25.975708232493552,-26.076166093988412,3706.0,0.04720670526122844,-0.18326947637292457,variant>,72,87
17,central_beta,-25.628280063584995,-25.642156018821915,3240.0,0.7099118016740651,-0.034482758620689724,variant>,72,87
17,central_gamma,-26.364278243794956,-26.367428510032294,3131.0,0.9986195693090943,0.00031928480204346243,variant>,72,87
17,FAA,0.05611909343393294,0.11970976028468132,2864.0,0.3546481344351059,0.08556832694763727,control>,72,87
17,theta_beta_ratio,-0.6582433719908074,-0.6726062906381088,3129.0,0.9930979291852744,0.0009578544061302763,variant>,72,87
17,engagement_index,0.8128596620728056,0.9112605833813445,1947.0,4.155840218715562e-05,0.3783524904214559,control>,72,87
17,spectral_entropy,3.1799476239938635,3.1969823011373157,2807.0,0.26150371538032247,0.10376756066411241,control>,72,87
17,fixation_count,0.1388888888888889,0.2413793103448276,2937.0,0.2869254849203602,0.0622605363984674,control>,72,87
17,fixation_mean_dur_ms,159.83333333333334,133.77083333333334,86.0,0.4436424667616201,-0.19444444444444442,variant>,9,16
17,saccade_count,36.34722222222222,32.804597701149426,3381.5,0.3877077160423862,-0.07966155810983389,variant>,72,87
17,saccade_mean_amp_deg,1.0432083333333333,0.9712177121382527,3370.0,0.050256761216221676,-0.18495077355836842,variant>,72,79
17,blink_count,0.09722222222222222,0.11494252873563218,3141.5,0.9509805501337313,-0.003033205619412449,control>,72,87
17,gaze_dispersion,0.16713888888888886,0.25730467222766007,2217.0,0.014498630556500098,0.23020833333333335,control>,72,80
17,nan_ratio,0.08909722222222222,0.09350789829704821,3583.0,0.0389563893563074,-0.14399744572158357,control>,72,87
17,n_samples,133.95833333333334,124.10344827586206,3086.5,0.8499387603985916,0.014527458492975764,variant>,72,87
17,blink_rate_per_sec,0.04419191919191919,0.0522466039707419,3141.5,0.9509805501337313,-0.003033205619412449,control>,72,87
17,velocity_mean,498.87044117647065,647.6739786535265,1720.0,0.010041385265147217,0.25605536332179935,control>,68,68
17,velocity_max,1758.2252941176473,2428.573781594288,1669.0,0.0051680275263038785,0.27811418685121103,control>,68,68
17,acceleration_mean,387.6805882352942,692.8111234745446,1975.0,0.14304162176677712,0.14576124567474047,control>,68,68
17,path_length_px,451.1823529411764,517.8050390326853,1959.5,0.1255020181545331,0.15246539792387548,control>,68,68
17,auc_deviation,28.60666176470588,84.2601760026728,1333.5,2.0623847338816295e-05,0.42322664359861595,control>,68,68
17,x_flips,0.0,1.7647058823529411,468.0,5.536787957219455e-21,0.8088235294117647,control>,72,68
17,y_flips,0.0,1.75,576.0,1.7536707917952497e-19,0.7647058823529411,control>,72,68
17,idle_ratio,0.30829411764705883,0.304973539532363,2122.0,0.4089407331158177,0.08217993079584773,variant>,68,68
17,click_count,0.7777777777777778,0.8676470588235294,2103.0,0.11743404782156865,0.14093137254901966,control>,72,68
17,rage_click_flag,0.09722222222222222,0.058823529411764705,2542.0,0.40290491464133193,-0.0383986928104576,variant>,72,68
18,delta_power,-25.414987892611478,-25.30615016852668,2921.0,0.03467973857466253,0.18861111111111106,control>,75,96
18,theta_power,-26.11105922098286,-26.039215086334792,2731.0,0.006860882109230418,0.24138888888888888,control>,75,96
18,alpha_power,-26.355939703535576,-26.367920721055714,3329.0,0.3997713176883694,0.07527777777777778,variant>,75,96
18,beta_power,-25.69846772546754,-25.661166181743013,2909.0,0.031600122447027056,0.19194444444444447,control>,75,96
18,gamma_power,-26.32381583541654,-26.235413990839803,2330.0,7.75717510482416e-05,0.35277777777777775,control>,75,96
18,frontal_delta,-25.41488362592769,-25.318086266008876,3259.0,0.289176353972998,0.09472222222222226,control>,75,96
18,frontal_theta,-26.180060102478,-26.154182554000204,3410.0,0.5552659180691528,0.05277777777777781,control>,75,96
18,frontal_alpha,-26.4725369886026,-26.542801707705962,4185.0,0.06883990407674082,-0.1625000000000001,variant>,75,96
18,frontal_beta,-25.70647288811869,-25.801898797150958,4555.0,0.0029661079241268856,-0.2652777777777777,variant>,75,96
18,frontal_gamma,-26.35744018489713,-26.34849030407059,3525.0,0.8166091831311971,0.02083333333333337,control>,75,96
18,parietal_delta,-25.33805293592898,-25.266435502105605,3122.0,0.13717531258183613,0.13277777777777777,control>,75,96
18,parietal_theta,-26.038000702040158,-25.96572798335731,2778.0,0.010551313014084386,0.2283333333333334,control>,75,96
18,parietal_alpha,-26.25680030661948,-26.279501165474965,3470.0,0.6868629700202803,0.036111111111111094,variant>,75,96
18,parietal_beta,-25.76693023912424,-25.69220006544276,2505.0,0.0006567398444356866,0.3041666666666667,control>,75,96
18,parietal_gamma,-26.391033967464306,-26.27935668116046,2126.0,4.500803735386475e-06,0.4094444444444445,control>,75,96
18,occipital_delta,-24.706973448075903,-24.671149461749426,3445.0,0.6305609246413052,0.043055555555555514,control>,75,96
18,occipital_theta,-25.48972143913075,-25.432607829594627,3386.0,0.5063086271609649,0.05944444444444441,control>,75,96
18,occipital_alpha,-25.761748711541205,-25.825356371591088,3581.0,0.9540768206987176,0.005277777777777826,variant>,75,96
18,occipital_beta,-25.480265604147913,-25.390973389730508,2275.0,3.739885226027348e-05,0.3680555555555556,control>,75,96
18,occipital_gamma,-26.27866155687139,-26.161720072549443,2119.0,4.0539874591373625e-06,0.4113888888888889,control>,75,96
18,central_delta,-25.763450087631618,-25.645358284213415,2898.0,0.02898620291190511,0.19499999999999995,control>,75,96
18,central_theta,-26.35693675138918,-26.265501191437625,2556.0,0.0011610755993496787,0.29000000000000004,control>,75,96
18,central_alpha,-26.571534558693592,-26.573243551520715,3364.0,0.4635099550796259,0.06555555555555559,variant>,75,96
18,central_beta,-25.97861160371822,-25.99233534593199,3619.0,0.9540768206987176,-0.005277777777777715,variant>,75,96
18,central_gamma,-26.59548266155403,-26.57829973153262,2961.0,0.046859966060831565,0.1775,control>,75,96
18,FAA,0.17111208698647828,0.0637213612701707,4281.0,0.03414933232843529,-0.1891666666666667,variant>,75,96
18,theta_beta_ratio,-0.47358721435930684,-0.3522837568492427,2798.0,0.012597114458649939,0.22277777777777774,control>,75,96
18,engagement_index,0.7579446968062565,0.7622019193391733,3422.0,0.5805829810543767,0.0494444444444444,control>,75,96
18,spectral_entropy,3.0303517225678163,2.9982930868171844,3816.0,0.5023338039654255,-0.06000000000000005,variant>,75,96
18,fixation_count,0.32,0.4270833333333333,3304.0,0.255871449245233,0.0822222222222222,control>,75,96
18,fixation_mean_dur_ms,126.14000000000001,140.75757575757575,280.0,0.36285993068369526,0.1515151515151515,control>,20,33
18,saccade_count,33.77333333333333,27.791666666666668,4007.5,0.20429583443767596,-0.11319444444444438,variant>,75,96
18,saccade_mean_amp_deg,0.88988,0.805070336101454,3259.5,0.4320562795997065,-0.0730864197530865,variant>,75,81
18,blink_count,0.22666666666666666,0.3541666666666667,3286.0,0.20605026686668482,0.0872222222222222,control>,75,96
18,gaze_dispersion,0.173344,0.2557647548005989,2763.0,0.18235049698123695,0.12285714285714289,control>,75,84
18,nan_ratio,0.06856,0.17512573005877516,3264.0,0.2479562184593821,0.09333333333333338,control>,75,96
18,n_samples,130.70666666666668,115.09375,3856.5,0.3870219534757646,-0.07125000000000004,variant>,75,96
18,blink_rate_per_sec,0.10303030303030301,0.16098484848484848,3286.0,0.20605026686668482,0.0872222222222222,control>,75,96
18,velocity_mean,485.39112903225805,463.6171281439158,1856.0,0.2986058577089449,0.10640346653827637,variant>,62,67
18,velocity_max,1271.22435483871,1801.839900926305,1725.0,0.09752832941850634,0.169475204622051,control>,62,67
18,acceleration_mean,1354.1293548387096,502.26395608052565,2028.0,0.8191588693841998,0.023591718825228702,variant>,62,67
18,path_length_px,425.08387096774203,383.41990995347277,2086.0,0.9680346507129057,-0.004333172845450095,variant>,62,67
18,auc_deviation,32.64585483870968,60.35961213111662,1700.0,0.07574365888725787,0.18151179585941257,control>,62,67
18,x_flips,0.0,1.462686567164179,862.5,1.6498994859487384e-16,0.6567164179104478,control>,75,67
18,y_flips,0.0,1.5522388059701493,750.0,6.557465288562774e-18,0.7014925373134329,control>,75,67
18,idle_ratio,0.308016129032258,0.2870920876714278,1986.5,0.6709053624776373,0.04357246027924888,variant>,62,67
18,click_count,0.44,0.43283582089552236,2393.0,0.5547612832404443,0.04756218905472642,variant>,75,67
18,rage_click_flag,0.02666666666666667,0.0,2579.5,0.18305178764642605,-0.026666666666666616,variant>,75,67
20,delta_power,-25.616746437505906,-25.603596089709537,3569.0,0.754124676992256,0.028050108932461848,control>,72,102
20,theta_power,-25.978970159881865,-26.00809388364898,4052.0,0.24620208861398163,-0.10348583877995643,variant>,72,102
20,alpha_power,-26.35633926606742,-26.303604063034665,2599.0,0.0010484314426277342,0.29221132897603486,control>,72,102
20,beta_power,-25.753356218200818,-25.73044183296659,3067.0,0.06472576997046066,0.164760348583878,control>,72,102
20,gamma_power,-26.290438435247278,-26.292148510664365,3630.0,0.8990908134283225,0.011437908496731986,variant>,72,102
20,frontal_delta,-25.865813646317257,-25.9237860401328,4219.0,0.09493537173466403,-0.14896514161220042,variant>,72,102
20,frontal_theta,-26.220469115046367,-26.28439833448648,4426.0,0.021310311776106986,-0.2053376906318083,variant>,72,102
20,frontal_alpha,-26.662422281275283,-26.661750307799064,3532.0,0.6699149033044423,0.03812636165577343,control>,72,102
20,frontal_beta,-26.196748683198305,-26.224794566169294,4108.0,0.1832743620350602,-0.11873638344226589,variant>,72,102
20,frontal_gamma,-26.696406744438924,-26.72461962631653,4243.0,0.08128908637552115,-0.1555010893246187,variant>,72,102
20,parietal_delta,-25.560276283950344,-25.548301068471737,3571.0,0.7587718271711483,0.027505446623093732,control>,72,102
20,parietal_theta,-25.86194430782442,-25.939955675187168,4509.0,0.01058645659659898,-0.2279411764705883,variant>,72,102
20,parietal_alpha,-26.230531460387436,-26.211630346427224,3453.0,0.5043493256667172,0.059640522875817004,control>,72,102
20,parietal_beta,-25.690610158799384,-25.664595411498183,3123.0,0.09373223449810837,0.14950980392156865,control>,72,102
20,parietal_gamma,-26.30547410420077,-26.32281401929205,3889.0,0.5082591805909487,-0.05909586056644889,variant>,72,102
20,occipital_delta,-25.079251971287924,-25.179675520835975,4220.0,0.0943322654980623,-0.1492374727668846,variant>,72,102
20,occipital_theta,-25.363017025744607,-25.433063852233516,3984.0,0.3411788395131351,-0.08496732026143783,variant>,72,102
20,occipital_alpha,-25.800907494117528,-25.71374833008391,3025.0,0.04821310559614789,0.17619825708061,control>,72,102
20,occipital_beta,-25.272101773633477,-25.196192398880093,2908.0,0.019648267346691298,0.2080610021786492,control>,72,102
20,occipital_gamma,-25.969042185133333,-25.847773835699243,2639.0,0.0016051424606572033,0.281318082788671,control>,72,102
20,central_delta,-25.710899725704085,-25.67588388404539,3540.0,0.6878168642467211,0.03594771241830064,control>,72,102
20,central_theta,-26.118547735271125,-26.09730162606147,3387.0,0.3846635190479383,0.07761437908496727,control>,72,102
20,central_alpha,-26.561263712496842,-26.48380823085092,2538.0,0.0005330133240021778,0.3088235294117647,control>,72,102
20,central_beta,-26.062327748065055,-26.033045011877764,3082.0,0.07165363138390164,0.16067538126361658,control>,72,102
20,central_gamma,-26.612212808649176,-26.610638698456494,3668.0,0.991466934261302,0.0010893246187363426,control>,72,102
20,FAA,0.09273235081997126,-0.017969791379807264,4185.0,0.11734239020419204,-0.13970588235294112,variant>,72,102
20,theta_beta_ratio,-0.023720431848064386,-0.05960376831718114,4136.0,0.15668792844112717,-0.1263616557734204,variant>,72,102
20,engagement_index,0.6696960680115259,0.6822339012575732,3175.0,0.12923234755100413,0.13534858387799564,control>,72,102
20,spectral_entropy,3.145470487497372,3.1373460572572114,3683.0,0.9744047062055969,-0.00299564270152497,variant>,72,102
20,fixation_count,0.3888888888888889,0.23529411764705882,4172.0,0.030659738159986592,-0.13616557734204804,variant>,72,102
20,fixation_mean_dur_ms,155.51428571428573,136.7111111111111,197.0,0.21016822402243052,-0.2507936507936508,variant>,21,15
20,saccade_count,31.40277777777778,23.558823529411764,4562.5,0.0063983455324917865,-0.24251089324618746,variant>,72,102
20,saccade_mean_amp_deg,1.7119154929577465,1.48882839027412,2812.0,0.6599613362489019,-0.04225352112676051,variant>,71,76
20,blink_count,0.18055555555555555,0.3235294117647059,3201.0,0.05319752322560253,0.12826797385620914,control>,72,102
20,gaze_dispersion,0.19351527777777777,0.25530585644168585,2284.0,0.06404601997147447,0.176046176046176,control>,72,77
20,nan_ratio,0.13541666666666666,0.27905875886014364,3077.5,0.053019936290572674,0.161900871459695,control>,72,102
20,n_samples,125.90277777777777,94.17647058823529,4549.5,0.004880413623030008,-0.23897058823529416,variant>,72,102
20,blink_rate_per_sec,0.08207070707070706,0.14705882352941177,3201.0,0.05319752322560253,0.12826797385620914,control>,72,102
20,velocity_mean,412.26609375,444.6953846412457,2057.0,0.5895013965519773,0.0546875,control>,64,68
20,velocity_max,1474.21390625,1490.1521610591967,2073.0,0.6407095902384348,0.04733455882352944,control>,64,68
20,acceleration_mean,471.91499999999996,516.7922215348974,2041.0,0.5402661822456953,0.06204044117647056,control>,64,68
20,path_length_px,432.6546875,582.1461780286133,1887.0,0.18894544597377128,0.1328125,control>,64,68
20,auc_deviation,31.743593750000002,106.22423804892878,1514.0,0.002588223893798397,0.30422794117647056,control>,64,68
20,x_flips,0.0,1.161764705882353,1008.0,4.490173289949179e-14,0.5882352941176471,control>,72,68
20,y_flips,0.0,1.7352941176470589,576.0,1.7863443814700545e-19,0.7647058823529411,control>,72,68
20,idle_ratio,0.37568750000000006,0.3256703672144848,2291.0,0.6017227054890781,-0.05284926470588225,variant>,64,68
20,click_count,0.4305555555555556,0.5147058823529411,2389.5,0.7784673839041752,0.023897058823529438,control>,72,68
20,rage_click_flag,0.013888888888888888,0.014705882352941176,2446.0,0.9757268318281828,0.0008169934640522847,control>,72,68
21,delta_power,-25.589818146335077,-25.62662063393748,3327.0,0.36947640029791906,-0.08353688324377129,variant>,69,89
21,theta_power,-25.88738800956215,-25.962146663081754,3675.0,0.03422320958194019,-0.19687347337567163,variant>,69,89
21,alpha_power,-25.76472058286029,-25.924787580756146,3922.0,0.0028512541141095,-0.2773163979807849,variant>,69,89
21,beta_power,-25.63408390884272,-25.726673865623606,4158.0,0.000138587150175687,-0.35417684416218864,variant>,69,89
21,gamma_power,-26.372029834038834,-26.485388703530973,4476.0,8.415216880395452e-07,-0.457743038593063,variant>,69,89
21,frontal_delta,-25.688183157755116,-25.72381721042362,3253.0,0.5234514733947456,-0.05943657384790746,variant>,69,89
21,frontal_theta,-26.068352864440556,-26.11483675524643,3334.0,0.3565315217034468,-0.08581664224067742,variant>,69,89
21,frontal_alpha,-26.047062914478804,-26.19018727273471,3788.0,0.011951471650951588,-0.23367529718286928,variant>,69,89
21,frontal_beta,-25.820635306950066,-25.95350625529401,4076.0,0.00042635282329168804,-0.32747109591271784,variant>,69,89
21,frontal_gamma,-26.415263295713473,-26.5931646225898,4380.0,4.455074205449838e-06,-0.4264777723497801,variant>,69,89
21,parietal_delta,-25.465745480807087,-25.43482111621262,2791.0,0.3280321558194408,0.09102751994789127,control>,69,89
21,parietal_theta,-25.70795625640016,-25.725636061409904,3225.0,0.589283226163342,-0.05031753786028337,variant>,69,89
21,parietal_alpha,-25.530465848564344,-25.605290256797776,3363.0,0.30599630652079934,-0.09526135808500236,variant>,69,89
21,parietal_beta,-25.56593624213113,-25.513000984411867,2457.0,0.03163574491071984,0.19980459208597945,control>,69,89
21,parietal_gamma,-26.492476120131673,-26.496062704121556,2966.0,0.7154167919073899,0.03403354502524014,variant>,69,89
21,occipital_delta,-25.118806060147485,-25.177373848805185,3305.0,0.4120282505092445,-0.07637192639635249,variant>,69,89
21,occipital_theta,-25.328507262014273,-25.325635302420636,2968.0,0.7206579780552544,0.03338218531183845,control>,69,89
21,occipital_alpha,-25.29957418282742,-25.408227706653012,3404.0,0.24305206470707785,-0.10861423220973787,variant>,69,89
21,occipital_beta,-25.311896713359566,-25.28344913556292,2718.0,0.21720288735178295,0.11480214948705425,control>,69,89
21,occipital_gamma,-26.25877979420525,-26.2101805452306,2722.0,0.22247347362407888,0.11349943006025076,control>,69,89
21,central_delta,-25.722442338189598,-25.827892278075502,3720.0,0.02289467939196597,-0.21152906692721052,variant>,69,89
21,central_theta,-26.043753164109898,-26.174070262796462,4231.0,4.770584973062206e-05,-0.3779514737013516,variant>,69,89
21,central_alpha,-25.93138680845035,-26.141547972888933,4229.0,4.9161127152133256e-05,-0.37730011398794994,variant>,69,89
21,central_beta,-25.8733420513365,-25.9843245976342,4242.0,4.0404639079157874e-05,-0.38153395212506114,variant>,69,89
21,central_gamma,-26.543919324359287,-26.674765487356975,4474.0,8.722249222502766e-07,-0.4570916788796613,variant>,69,89
21,FAA,0.2562778227723759,0.20943114163500356,3377.0,0.2833883822925549,-0.09982087607881462,variant>,69,89
21,theta_beta_ratio,-0.2477175574904869,-0.16133049995241697,2534.0,0.0602382775391553,0.17472724312001298,control>,69,89
21,engagement_index,0.5648431133794978,0.5692995431278283,2910.0,0.5748594982969836,0.052271617000488546,control>,69,89
21,spectral_entropy,3.1394644687724114,3.1368724077761105,3073.0,0.9944057868334377,-0.0008141996417521113,variant>,69,89
21,fixation_count,0.8840579710144928,0.39325842696629215,3846.0,0.001556470543691698,-0.2525647288715194,variant>,69,89
21,fixation_mean_dur_ms,155.89705882352942,167.34722222222223,420.0,0.8558478011736874,-0.02941176470588225,control>,34,24
21,saccade_count,32.11594202898551,32.01123595505618,2521.5,0.05414056598191025,0.17879824132877387,variant>,69,89
21,saccade_mean_amp_deg,0.913014705882353,1.2553335379749047,1881.0,0.0004356119567619735,0.33345145287030475,control>,68,83
21,blink_count,0.13043478260869565,0.20224719101123595,2974.5,0.5841771611643443,0.03126526624328285,control>,69,89
21,gaze_dispersion,0.19605362318840577,0.2426579957087261,2777.0,0.5733335511063848,0.05302642796248935,control>,69,85
21,nan_ratio,0.07031884057971015,0.07321504161654849,3246.0,0.4131027304154943,-0.05715681485100155,control>,69,89
21,n_samples,131.31884057971016,124.19101123595506,3080.0,0.9708223062786445,-0.003093958638658245,variant>,69,89
21,blink_rate_per_sec,0.0592885375494071,0.09193054136874361,2974.5,0.5841771611643443,0.03126526624328285,control>,69,89
21,velocity_mean,425.2003174603174,550.4443129616029,1707.0,0.08005055462331834,0.17893217893217894,control>,63,66
21,velocity_max,1308.6258730158727,1804.3147892981392,1700.0,0.0745253374953015,0.1822991822991823,control>,63,66
21,acceleration_mean,791.365873015873,714.9680484534571,1978.0,0.6358387833164107,0.048581048581048614,variant>,63,66
21,path_length_px,413.7253968253969,761.8055605269712,1432.0,0.0023128039548906193,0.31120731120731115,control>,63,66
21,auc_deviation,26.80990476190476,126.44080624106937,1069.5,1.949212846543988e-06,0.48556998556998554,control>,63,66
21,x_flips,0.0,1.2727272727272727,793.5,2.433400079763576e-15,0.6515151515151515,control>,69,66
21,y_flips,0.0,2.303030303030303,448.5,5.54814707470649e-20,0.803030303030303,control>,69,66
21,idle_ratio,0.40342857142857147,0.3255460869097233,2220.5,0.5056001276495667,-0.06806156806156816,variant>,63,66
21,click_count,0.30434782608695654,0.4090909090909091,2110.5,0.37331606356359537,0.0731225296442688,control>,69,66
21,rage_click_flag,0.0,0.0,2277.0,1.0,0.0,control>,69,66
22,delta_power,-25.31006631474381,-25.369253040310593,3127.0,0.5533001618747859,-0.05552742616033757,variant>,75,79
22,theta_power,-25.747050464494517,-25.768513944961168,3184.0,0.42436925435853456,-0.07476793248945146,variant>,75,79
22,alpha_power,-26.07960757380429,-26.11597944047821,3245.0,0.30802973038820725,-0.09535864978902953,variant>,75,79
22,beta_power,-25.58801493220561,-25.5712764507747,2797.0,0.5508833622453297,0.05586497890295361,control>,75,79
22,gamma_power,-26.31777670769668,-26.278981974165134,2182.0,0.004809551450600565,0.26345991561181437,control>,75,79
22,frontal_delta,-25.232988564388467,-25.330610549432244,3355.0,0.15648596731647388,-0.13248945147679314,variant>,75,79
22,frontal_theta,-25.716417055699115,-25.78370920191903,3561.0,0.030646545290430018,-0.2020253164556962,variant>,75,79
22,frontal_alpha,-26.163930642754284,-26.189334410381804,3142.0,0.5176036470791014,-0.0605907172995781,variant>,75,79
22,frontal_beta,-25.554614108261628,-25.483245152403157,2136.0,0.0028283800197171876,0.2789873417721519,control>,75,79
22,frontal_gamma,-26.269420058660444,-26.188657878105822,1990.0,0.00044215144827093345,0.32827004219409284,control>,75,79
22,parietal_delta,-25.359187447092566,-25.40674477904448,3177.0,0.43919064938654717,-0.07240506329113927,variant>,75,79
22,parietal_theta,-25.63602609298845,-25.660500569206217,3222.0,0.34915721330909244,-0.08759493670886065,variant>,75,79
22,parietal_alpha,-25.92773128354017,-25.952414879086145,3167.0,0.4608712586279259,-0.06902953586497884,variant>,75,79
22,parietal_beta,-25.585842718048184,-25.600992668127713,3174.0,0.44563258215738566,-0.07139240506329103,variant>,75,79
22,parietal_gamma,-26.395415708351006,-26.38593941979192,2844.0,0.6697123760138416,0.040000000000000036,control>,75,79
22,occipital_delta,-24.994010162715416,-24.99015136919101,3009.0,0.8679370829433325,-0.01569620253164561,control>,75,79
22,occipital_theta,-24.993488803980604,-25.03568904994634,3209.0,0.373877725269818,-0.08320675105485242,variant>,75,79
22,occipital_alpha,-25.529256569076836,-25.601940593292714,3438.0,0.08597634680016715,-0.16050632911392415,variant>,75,79
22,occipital_beta,-25.33062035086478,-25.36020024345642,3305.0,0.21636522929712498,-0.11561181434599166,variant>,75,79
22,occipital_gamma,-26.24671712159141,-26.235308864531966,2900.0,0.8226672744161898,0.021097046413502074,control>,75,79
22,central_delta,-25.43006636977888,-25.515186923439426,3200.0,0.3916105117423613,-0.08016877637130793,variant>,75,79
22,central_theta,-25.954090617845488,-25.949788713619018,2992.0,0.9165120437279879,-0.00995780590717299,control>,75,79
22,central_alpha,-26.250918812232694,-26.29875981725588,3548.0,0.03446063354263527,-0.19763713080168777,variant>,75,79
22,central_beta,-25.836018316043837,-25.864310996499032,3412.0,0.10458268019977877,-0.15172995780590726,variant>,75,79
22,central_gamma,-26.515560087039155,-26.514696276321324,3022.0,0.831115284315721,-0.020084388185654056,control>,75,79
22,FAA,0.005860960182266641,0.007947057514661023,3008.0,0.8707825028731598,-0.015358649789029455,control>,75,79
22,theta_beta_ratio,-0.1618029474374894,-0.30046404951587563,3834.0,0.0016413085809198868,-0.2941772151898734,variant>,75,79
22,engagement_index,0.6304177445440899,0.6579634057310193,2480.0,0.0814526670949145,0.16286919831223634,control>,75,79
22,spectral_entropy,3.035213844958624,3.0794650009519486,2728.0,0.3976330594005101,0.07915611814345991,control>,75,79
22,fixation_count,0.24,0.34177215189873417,2787.0,0.3954043851032554,0.05924050632911393,control>,75,79
22,fixation_mean_dur_ms,143.6875,126.015873015873,234.5,0.04266577044017663,-0.39583333333333326,variant>,16,21
22,saccade_count,26.253333333333334,29.72151898734177,2531.5,0.11919196585343776,0.14548523206751052,control>,75,79
22,saccade_mean_amp_deg,1.4373194444444444,1.0249399514344766,3450.0,0.00030911801119450484,-0.3497652582159625,variant>,72,71
22,blink_count,0.36,0.35443037974683544,3006.5,0.8441768125461802,-0.014852320675105446,variant>,75,79
22,gaze_dispersion,0.208616,0.28820090357019296,1977.0,0.007317586457365484,0.2574647887323943,control>,75,71
22,nan_ratio,0.22894666666666671,0.1515381128168495,3668.0,0.006434628074994717,-0.2381434599156118,variant>,75,79
22,n_samples,112.02666666666667,110.70886075949367,2695.5,0.3144668450152813,0.09012658227848103,variant>,75,79
22,blink_rate_per_sec,0.1636363636363636,0.1611047180667434,3006.5,0.8441768125461802,-0.014852320675105446,variant>,75,79
22,velocity_mean,574.2851923076923,566.8442695359801,1338.5,0.8026212642222434,0.028664731494920215,variant>,52,53
22,velocity_max,1793.3057692307698,1969.2968444343794,1232.5,0.35272113610097033,0.10558780841799709,control>,52,53
22,acceleration_mean,1023.6688461538462,986.152596116512,1269.0,0.4868115467923593,0.079100145137881,variant>,52,53
22,path_length_px,442.151923076923,715.9887445036342,948.5,0.005957539986727162,0.31168359941944845,control>,52,53
22,auc_deviation,28.727884615384614,124.96358269980348,700.0,1.3846717921488816e-05,0.4920174165457184,control>,52,53
22,x_flips,0.0,1.5660377358490567,637.5,1.6695080999044848e-16,0.679245283018868,control>,75,53
22,y_flips,0.0,1.9811320754716981,487.5,9.663061486327446e-19,0.7547169811320755,control>,75,53
22,idle_ratio,0.33661538461538465,0.3446729894843102,1335.5,0.7874866336407774,0.030841799709724227,control>,52,53
22,click_count,0.4533333333333333,0.9433962264150944,1353.5,0.0004905764669920279,0.3189937106918239,control>,75,53
22,rage_click_flag,0.09333333333333334,0.09433962264150944,1985.5,0.9885327299361162,0.0010062893081761448,control>,75,53
23,delta_power,-25.841497859613842,-25.847974954460142,3664.0,0.851588678164822,0.016639828234031095,variant>,81,92
23,theta_power,-26.153412468774857,-26.19381927035938,4289.0,0.08704323091287275,-0.1511003757380569,variant>,81,92
23,alpha_power,-26.08705682990501,-25.965029102307998,3047.0,0.039008824415375246,0.18223295759527647,control>,81,92
23,beta_power,-25.873792522107124,-25.725786307568153,1685.0,5.38368174989258e-10,0.5477724100912507,control>,81,92
23,gamma_power,-26.57590024884302,-26.42830397885761,1437.0,3.3561018488262566e-12,0.6143317230273753,control>,81,92
23,frontal_delta,-26.076736781077866,-26.084894891944185,3803.0,0.8159757989208987,-0.020665593129361337,variant>,81,92
23,frontal_theta,-26.36160356688849,-26.386094369016025,4111.0,0.24212016767802447,-0.10332796564680624,variant>,81,92
23,frontal_alpha,-26.321738375339027,-26.16442733133024,2898.0,0.011823356964078992,0.2222222222222222,control>,81,92
23,frontal_beta,-26.244919431432898,-26.124582659272647,2075.0,5.138805172718846e-07,0.4431025228126677,control>,81,92
23,frontal_gamma,-26.850760102748296,-26.740281802070786,1989.0,1.273071471878063e-07,0.466183574879227,control>,81,92
23,parietal_delta,-25.62799690211779,-25.62272600310176,3633.0,0.77840500182555,0.0249597423510467,control>,81,92
23,parietal_theta,-25.9513284014252,-25.995566498140924,4244.0,0.1154160705789743,-0.1390230810520665,variant>,81,92
23,parietal_alpha,-25.867318159695937,-25.76896413948233,3109.0,0.06072658813948664,0.16559312936124526,control>,81,92
23,parietal_beta,-25.70869647990823,-25.568710394338595,2308.0,1.6161090654693774e-05,0.38056897477187335,control>,81,92
23,parietal_gamma,-26.492910903740498,-26.3196238404321,1629.0,1.7958884086067088e-10,0.5628019323671498,control>,81,92
23,occipital_delta,-25.341190641571814,-25.384449933611233,4049.0,0.32654786491347787,-0.08668813741277503,variant>,81,92
23,occipital_theta,-25.641346501801475,-25.718949141625558,4147.0,0.2008192473504462,-0.11298980139559855,variant>,81,92
23,occipital_alpha,-25.850367564906016,-25.811881923378465,3508.0,0.5081852813757866,0.05850778314546434,control>,81,92
23,occipital_beta,-25.37883279081857,-25.321045457234103,3289.0,0.18421270766742903,0.11728395061728392,control>,81,92
23,occipital_gamma,-26.238314095227256,-26.191407912852075,3268.0,0.16398894771896722,0.1229200214707461,control>,81,92
23,central_delta,-25.902822964477192,-25.92173329677113,3639.0,0.7924385588859929,0.023349436392914646,variant>,81,92
23,central_theta,-26.18595188612587,-26.249700994030704,4369.0,0.05063305876957765,-0.17257112184648427,variant>,81,92
23,central_alpha,-26.032178170517902,-25.897029659070956,3288.0,0.1832096057385023,0.11755233494363926,control>,81,92
23,central_beta,-25.980855976997415,-25.91185773330868,2657.0,0.001151903460017269,0.2869028448738594,control>,81,92
23,central_gamma,-26.692186846203338,-26.660623677704933,3003.0,0.027952806821988477,0.1940418679549114,control>,81,92
23,FAA,0.07114427217972553,0.05145486830479326,3783.0,0.8635310368306537,-0.015297906602254496,variant>,81,92
23,theta_beta_ratio,-0.11668413545558372,-0.2615117097433702,5001.0,0.00010566079992490567,-0.34219001610305955,variant>,81,92
23,engagement_index,0.5771082481688941,0.6480647768729836,2828.0,0.0063272292863514445,0.24100912506709604,control>,81,92
23,spectral_entropy,3.1241196609569584,3.1650402205557118,2835.0,0.00674806373116627,0.23913043478260865,control>,81,92
23,fixation_count,0.09876543209876543,0.18478260869565216,3515.0,0.2676447396231121,0.05662909286097695,control>,81,92
23,fixation_mean_dur_ms,160.875,141.03571428571428,71.5,0.30552662745683445,-0.2767857142857142,variant>,8,14
23,saccade_count,11.703703703703704,17.75,2467.5,0.00012759360137240997,0.3377616747181964,control>,81,92
23,saccade_mean_amp_deg,2.995636363636364,1.7122056798309704,4185.0,0.0003981081523500343,-0.32562559391827683,variant>,77,82
23,blink_count,0.0,1.391304347826087,364.5,3.852804563100117e-29,0.9021739130434783,control>,81,92
23,gaze_dispersion,0.15556172839506174,0.2058276986880885,2665.0,0.004691384120658864,0.25224466891133557,control>,81,88
23,nan_ratio,0.4116049382716049,0.23753980069860406,5454.5,1.4626744551484764e-07,-0.4639023081052067,variant>,81,92
23,n_samples,66.5679012345679,84.25,2274.0,1.0029680341356667e-05,0.38969404186795487,control>,81,92
23,blink_rate_per_sec,0.0,0.6324110671936758,364.5,3.852804563100117e-29,0.9021739130434783,control>,81,92
23,velocity_mean,334.2086440677966,320.6307118103191,1931.0,0.9481402739696445,-0.007040417209908778,variant>,59,65
23,velocity_max,958.7503389830509,841.7986270319204,2029.0,0.5786472968283441,-0.05814863102998702,variant>,59,65
23,acceleration_mean,486.8003389830509,450.1987435289351,1909.0,0.9680723443803001,0.004432855280312897,variant>,59,65
23,path_length_px,267.2728813559322,389.6609727280202,1566.0,0.07860679972486408,0.18331160365058674,control>,59,65
23,auc_deviation,14.83022033898305,46.22933145483715,1165.5,0.00015572225468596032,0.3921773142112125,control>,59,65
23,x_flips,0.0,0.9538461538461539,1255.5,2.2571093683698764e-13,0.523076923076923,control>,81,65
23,y_flips,0.0,1.1538461538461537,1255.5,2.386405981311139e-13,0.523076923076923,control>,81,65
23,idle_ratio,0.4061186440677966,0.35502629062345664,2147.5,0.24918947678394354,-0.11994784876140807,variant>,59,65
23,click_count,0.1728395061728395,0.26153846153846155,2442.0,0.2736370418106152,0.07236467236467237,control>,81,65
23,rage_click_flag,0.0,0.0,2632.5,1.0,0.0,control>,81,65
