scenario_name,n_epochs,feature,scenario_mean,control_mean,u_statistic,p_value,effect_size,direction
facet_reset_once,33,delta_power,-25.652994482415945,-25.587119695499197,11699.0,0.28722104790191294,0.10925841327851382,control>
facet_reset_once,33,theta_power,-25.94136842225732,-26.017464484522623,15521.0,0.0766414548551173,-0.1817420435510888,scenario>
facet_reset_once,33,alpha_power,-26.14122798426415,-26.15469040070429,13234.0,0.9411553557342319,-0.007613826709303995,scenario>
facet_reset_once,33,beta_power,-25.684707798608795,-25.654552243273766,12500.0,0.6383651970129535,0.048271661336988014,control>
facet_reset_once,33,gamma_power,-26.35547365265375,-26.31145916659081,11376.0,0.1922788179196827,0.13385107354956605,control>
facet_reset_once,33,frontal_delta,-25.658338789729836,-25.605974275734795,12120.0,0.4521093851003454,0.07720420283234353,control>
facet_reset_once,33,frontal_theta,-25.998793276557667,-26.08579672658557,15177.0,0.12969511030011927,-0.1555504796710827,scenario>
facet_reset_once,33,frontal_alpha,-26.284757771792744,-26.300280842923176,13468.0,0.8045835904226029,-0.025430181209075586,scenario>
facet_reset_once,33,frontal_beta,-25.794775357334633,-25.805342703306685,13538.0,0.764671772507625,-0.030759859905588494,scenario>
facet_reset_once,33,frontal_gamma,-26.439639472449173,-26.429225469824146,13070.0,0.9624256702429078,0.004872849093954579,control>
facet_reset_once,33,parietal_delta,-25.70760899184662,-25.58622612897348,10518.0,0.052330265697941664,0.19917770671539514,control>
facet_reset_once,33,parietal_theta,-25.879045200574264,-25.952010362031984,14640.0,0.26403208973365644,-0.11466423024211969,scenario>
facet_reset_once,33,parietal_alpha,-26.031736900097943,-26.03617918667539,13071.0,0.9630169646358643,0.0047967108268616165,scenario>
facet_reset_once,33,parietal_beta,-25.660795547475303,-25.628887157922502,12063.0,0.42708447765352464,0.08154408405664693,control>
facet_reset_once,33,parietal_gamma,-26.4028513818974,-26.3469362030039,10983.0,0.11061630412259126,0.16377341251713107,control>
facet_reset_once,33,occipital_delta,-25.269278698798107,-25.12249634673567,10722.0,0.07360486563847454,0.18364550022841475,control>
facet_reset_once,33,occipital_theta,-25.386053515041926,-25.423839152613898,13388.0,0.8508229619685673,-0.01933911984163239,scenario>
facet_reset_once,33,occipital_alpha,-25.697768661531093,-25.691008945679798,12245.0,0.5097884884729849,0.06768691944571337,control>
facet_reset_once,33,occipital_beta,-25.355076117557388,-25.244678198333617,10911.0,0.09917938463964619,0.16925536774783,control>
facet_reset_once,33,occipital_gamma,-26.097541101253977,-26.006971773133145,11205.0,0.15250758101664935,0.14687071722247602,control>
facet_reset_once,33,central_delta,-25.813098869386785,-25.788165448582493,12733.0,0.7663703479766886,0.030531445104309385,control>
facet_reset_once,33,central_theta,-26.11183710365782,-26.174785022127125,14973.0,0.17258008305446382,-0.14001827318410243,scenario>
facet_reset_once,33,central_alpha,-26.272007531967265,-26.28931466231381,13378.0,0.8566426099451253,-0.018577737170702102,scenario>
facet_reset_once,33,central_beta,-25.89144677386468,-25.905175068210703,13361.0,0.8665537571576903,-0.0172833866301203,scenario>
facet_reset_once,33,central_gamma,-26.544650619420473,-26.55966708028362,13248.0,0.9328940511161754,-0.008679762448606576,scenario>
facet_reset_once,33,FAA,0.1982588451346587,0.16574030829950992,13407.0,0.8397882401127047,-0.020785746916400116,scenario>
facet_reset_once,33,theta_beta_ratio,-0.20401791922303295,-0.2804540232788894,14976.0,0.1718806244996176,-0.14024668798538142,scenario>
facet_reset_once,33,engagement_index,0.6463844963908763,0.6993948267259402,10145.0,0.026614148336758597,0.22757728034109947,control>
facet_reset_once,33,spectral_entropy,3.1566670358768087,3.133970344052931,13829.0,0.6063846975973608,-0.052916095629663484,scenario>
facet_reset_once,33,fixation_count,0.21212121212121213,0.28391959798994976,12636.0,0.6057868337895578,0.03791685701233438,control>
facet_reset_once,33,fixation_mean_dur_ms,138.66666666666666,146.10562015503874,545.0,0.8181925621412042,-0.056201550387597,control>
facet_reset_once,33,saccade_count,32.06060606060606,27.695979899497488,14793.5,0.217675971186451,-0.12635145424090144,scenario>
facet_reset_once,33,saccade_mean_amp_deg,1.3633636363636361,1.149077548553271,13715.0,0.050725590873807035,-0.20117358556664922,scenario>
facet_reset_once,33,blink_count,0.42424242424242425,0.4057788944723618,13460.5,0.7657519719392861,-0.02485914420587787,scenario>
facet_reset_once,33,gaze_dispersion,0.20535757575757577,0.2543667305815465,11782.0,0.9887926407995737,-0.0014875260317055439,control>
facet_reset_once,33,nan_ratio,0.1173030303030303,0.15614608022904636,13305.5,0.8877992136531538,-0.013057712806456623,control>
facet_reset_once,33,n_samples,124.21212121212122,112.54522613065326,14460.0,0.29341745631953475,-0.10095934216537228,scenario>
facet_reset_once,33,blink_rate_per_sec,0.1928374655647383,0.1844449520328917,13460.5,0.7657519719392861,-0.02485914420587787,scenario>
facet_reset_once,33,velocity_mean,517.715,583.057184012772,7208.0,0.7148949332916227,0.042380762588016485,control>
facet_reset_once,33,velocity_max,1838.6142307692307,2024.9125030281734,7093.0,0.6190590365317125,0.057659093928523975,control>
facet_reset_once,33,acceleration_mean,622.0869230769231,642.8846855722694,7231.0,0.7346766744364392,0.03932509631991499,control>
facet_reset_once,33,path_length_px,522.6576923076924,602.5141714790428,6889.5,0.46501803395872743,0.0846950976484655,control>
facet_reset_once,33,auc_deviation,35.18742307692308,103.13946878185713,4814.5,0.001863353123635398,0.3603693370532749,control>
facet_reset_once,33,x_flips,0.0,1.5941278065630398,2986.5,6.430956255811153e-12,0.6873920552677029,control>
facet_reset_once,33,y_flips,0.0,1.8721934369602764,2475.0,2.1630900277496338e-13,0.7409326424870466,control>
facet_reset_once,33,idle_ratio,0.30696153846153845,0.28838210287383353,7700.5,0.8425174950337755,-0.023050352065896007,scenario>
facet_reset_once,33,click_count,0.21212121212121213,0.6062176165803109,7201.0,0.005994699607746946,0.2462448317370597,control>
facet_reset_once,33,rage_click_flag,0.0,0.04145077720207254,9157.5,0.2337668565643154,0.041450777202072575,control>
skeleton_prolong,39,delta_power,-25.5579252414171,-25.587119695499197,16975.0,0.32331103210182677,-0.09360907099600557,scenario>
skeleton_prolong,39,theta_power,-25.97041395127909,-26.017464484522623,17440.0,0.1922781904991171,-0.123566550702229,scenario>
skeleton_prolong,39,alpha_power,-26.132996244785947,-26.15469040070429,16164.0,0.6626845989400578,-0.04136064940085049,scenario>
skeleton_prolong,39,beta_power,-25.700387155403924,-25.654552243273766,13685.0,0.21174171649937956,0.11834815101146756,control>
skeleton_prolong,39,gamma_power,-26.384715957327433,-26.31145916659081,12054.0,0.018381402556708934,0.2234248163896405,control>
skeleton_prolong,39,frontal_delta,-25.544487847591974,-25.605974275734795,17356.0,0.21248898501281643,-0.11815487694884674,scenario>
skeleton_prolong,39,frontal_theta,-25.973217002858956,-26.08579672658557,18512.0,0.042071525549744714,-0.19262981574539362,scenario>
skeleton_prolong,39,frontal_alpha,-26.289689640528124,-26.300280842923176,16025.0,0.7325827511404777,-0.03240561783275342,scenario>
skeleton_prolong,39,frontal_beta,-25.76968538417792,-25.805342703306685,16780.0,0.3925069784856824,-0.08104625692565381,scenario>
skeleton_prolong,39,frontal_gamma,-26.444922794580023,-26.429225469824146,15470.0,0.9720644530338708,0.00335008375209378,control>
skeleton_prolong,39,parietal_delta,-25.509986143727176,-25.58622612897348,17608.0,0.15615968008092482,-0.13438989820899372,scenario>
skeleton_prolong,39,parietal_theta,-25.9264299210077,-25.952010362031984,16359.0,0.5694874260668495,-0.05392346347120225,scenario>
skeleton_prolong,39,parietal_alpha,-26.00314333835181,-26.03617918667539,16578.0,0.47292807762399547,-0.06803247004252033,scenario>
skeleton_prolong,39,parietal_beta,-25.683860185150486,-25.628887157922502,13424.0,0.15379149241986026,0.13516299445947688,control>
skeleton_prolong,39,parietal_gamma,-26.399876493977427,-26.3469362030039,12739.0,0.05848361644798266,0.1792939054245587,control>
skeleton_prolong,39,occipital_delta,-25.122927150199743,-25.12249634673567,15432.0,0.9514718514382634,0.005798221878623888,control>
skeleton_prolong,39,occipital_theta,-25.473799381474336,-25.423839152613898,14637.0,0.547543112735972,0.0570158484731349,control>
skeleton_prolong,39,occipital_alpha,-25.729353270259548,-25.691008945679798,15078.0,0.7629776911671128,0.028604561267877804,control>
skeleton_prolong,39,occipital_beta,-25.344730627980237,-25.244678198333617,13574.0,0.18541382283507535,0.12549929132843707,control>
skeleton_prolong,39,occipital_gamma,-26.111754535289613,-26.006971773133145,13373.0,0.14403040790061816,0.13844865352403046,control>
skeleton_prolong,39,central_delta,-25.76722059481294,-25.788165448582493,16388.0,0.556179228205046,-0.0557917794098699,scenario>
skeleton_prolong,39,central_theta,-26.137233028686147,-26.174785022127125,17249.0,0.24039813025193013,-0.11126143538203848,scenario>
skeleton_prolong,39,central_alpha,-26.275025901968657,-26.28931466231381,15965.0,0.7634961741287957,-0.028540136580337494,scenario>
skeleton_prolong,39,central_beta,-25.893247464620885,-25.905175068210703,16736.0,0.40928047854014316,-0.07821157067388218,scenario>
skeleton_prolong,39,central_gamma,-26.569964123369935,-26.55966708028362,14923.0,0.6840297431265435,0.038590387836618945,control>
skeleton_prolong,39,FAA,0.10057706929738203,0.16574030829950992,13361.0,0.1418042377408025,0.13922174977451363,control>
skeleton_prolong,39,theta_beta_ratio,-0.20353161868104225,-0.2804540232788894,17990.0,0.09337436677865148,-0.15900012884937498,scenario>
skeleton_prolong,39,engagement_index,0.6457235589319166,0.6993948267259402,11371.0,0.004768452364810523,0.2674268779796418,control>
skeleton_prolong,39,spectral_entropy,3.11056829032146,3.133970344052931,13220.0,0.11758689386688066,0.14830563071769098,control>
skeleton_prolong,39,fixation_count,0.46153846153846156,0.28391959798994976,17763.0,0.035630388461032246,-0.14437572477773486,scenario>
skeleton_prolong,39,fixation_mean_dur_ms,143.82142857142858,146.10562015503874,1324.0,0.5370272648542951,-0.09966777408637872,control>
skeleton_prolong,39,saccade_count,29.974358974358974,27.695979899497488,15371.0,0.9183640186255988,0.009728127818580123,scenario>
skeleton_prolong,39,saccade_mean_amp_deg,1.2173333333333336,1.149077548553271,12645.0,0.5084169548724726,0.06291685193419294,scenario>
skeleton_prolong,39,blink_count,0.3333333333333333,0.4057788944723618,15241.0,0.813995530546954,0.01810333719881463,control>
skeleton_prolong,39,gaze_dispersion,0.15884358974358972,0.2543667305815465,9733.0,0.001594906190620962,0.29996044161542057,control>
skeleton_prolong,39,nan_ratio,0.13125641025641024,0.15614608022904636,18410.5,0.029948594813572222,-0.1860907099600566,control>
skeleton_prolong,39,n_samples,120.23076923076923,112.54522613065326,13329.5,0.11217305266162624,0.14125112743203194,scenario>
skeleton_prolong,39,blink_rate_per_sec,0.1515151515151515,0.1844449520328917,15241.0,0.813995530546954,0.01810333719881463,control>
skeleton_prolong,39,velocity_mean,400.85064516129023,583.057184012772,6716.0,0.0181782538565746,0.25165747395398075,control>
skeleton_prolong,39,velocity_max,1292.3274193548382,2024.9125030281734,6334.0,0.005752665478673348,0.29422251936041,control>
skeleton_prolong,39,acceleration_mean,476.44935483870967,642.8846855722694,7628.0,0.15913846763195505,0.15003621371664155,control>
skeleton_prolong,39,path_length_px,403.71935483870965,602.5141714790428,6213.5,0.003880161385292392,0.3076494512229093,control>
skeleton_prolong,39,auc_deviation,19.086129032258068,103.13946878185713,4211.0,6.235952183958119e-07,0.5307816591453562,control>
skeleton_prolong,39,x_flips,0.0,1.5941278065630398,3529.5,1.0147435354352082e-13,0.6873920552677029,control>
skeleton_prolong,39,y_flips,0.0,1.8721934369602764,2925.0,1.953269546512421e-15,0.7409326424870466,control>
skeleton_prolong,39,idle_ratio,0.38948387096774195,0.28838210287383353,10260.0,0.17834683285775954,-0.14323917767006522,scenario>
skeleton_prolong,39,click_count,0.23076923076923078,0.6062176165803109,8898.5,0.010555595426799402,0.21185952792170404,control>
skeleton_prolong,39,rage_click_flag,0.02564102564102564,0.04145077720207254,11112.0,0.6288773294398884,0.015809751561046914,control>
feedback_late,167,delta_power,-25.573295347771257,-25.587119695499197,68561.0,0.5215613542793942,-0.03151987482321794,scenario>
feedback_late,167,theta_power,-25.99448720116227,-26.017464484522623,71740.0,0.10658163826680687,-0.07934884000842546,scenario>
feedback_late,167,alpha_power,-26.106366973337725,-26.15469040070429,72207.0,0.07897623080920413,-0.08637498871603522,scenario>
feedback_late,167,beta_power,-25.653614363094555,-25.654552243273766,68479.0,0.5379951339731726,-0.03028616134565043,scenario>
feedback_late,167,gamma_power,-26.33203281137368,-26.31145916659081,63624.0,0.38455683947142394,0.042758703698131395,control>
feedback_late,167,frontal_delta,-25.525967030119503,-25.605974275734795,73492.0,0.03156456889654641,-0.10570818162669626,scenario>
feedback_late,167,frontal_theta,-26.032717814052017,-26.08579672658557,72367.0,0.07097784983367562,-0.08878223452592304,scenario>
feedback_late,167,frontal_alpha,-26.241344007059425,-26.300280842923176,74311.0,0.016372469777104277,-0.11803027111605924,scenario>
feedback_late,167,frontal_beta,-25.738791455185872,-25.805342703306685,75771.0,0.004409437903354422,-0.1399963891312852,scenario>
feedback_late,167,frontal_gamma,-26.399739035366185,-26.429225469824146,71162.0,0.1507533332988112,-0.07065266452020591,scenario>
feedback_late,167,parietal_delta,-25.61880084689153,-25.58622612897348,62895.0,0.2745637408055478,0.05372671741943247,control>
feedback_late,167,parietal_theta,-25.95403200477131,-25.952010362031984,66127.0,0.9174988548124644,0.00510035205969972,control>
feedback_late,167,parietal_alpha,-26.017433323872357,-26.03617918667539,67844.0,0.6733677865201687,-0.020732404537658455,scenario>
feedback_late,167,parietal_beta,-25.673001596190268,-25.628887157922502,58927.0,0.021062318845749065,0.11342641350464899,control>
feedback_late,167,parietal_gamma,-26.38655213981292,-26.3469362030039,58345.0,0.012956452412016812,0.12218277013811574,control>
feedback_late,167,occipital_delta,-25.094375706660795,-25.12249634673567,68193.0,0.5972714547784683,-0.025983209460475942,scenario>
feedback_late,167,occipital_theta,-25.3993885588949,-25.423839152613898,69320.0,0.38255244608732675,-0.04293924713387298,scenario>
feedback_late,167,occipital_alpha,-25.632305755711847,-25.691008945679798,70499.0,0.2172065538966237,-0.06067763969548334,scenario>
feedback_late,167,occipital_beta,-25.263160406093153,-25.244678198333617,64939.0,0.6404096527704078,0.022974152198116382,control>
feedback_late,167,occipital_gamma,-26.053475763638296,-26.006971773133145,61948.0,0.16684718448225322,0.0679746035567057,control>
feedback_late,167,central_delta,-25.79064270089012,-25.788165448582493,66467.0,0.9998779191903896,-1.5045286311687889e-05,control>
feedback_late,167,central_theta,-26.154549146802804,-26.174785022127125,70418.0,0.22658475110609233,-0.05945897150422774,scenario>
feedback_late,167,central_alpha,-26.230453224612827,-26.28931466231381,72798.0,0.05268303482573742,-0.09526675292630826,scenario>
feedback_late,167,central_beta,-25.87487862890964,-25.905175068210703,71772.0,0.10447349084528065,-0.07983028917040302,scenario>
feedback_late,167,central_gamma,-26.534310296621044,-26.55966708028362,70650.0,0.20047554483399987,-0.06294947792856509,scenario>
feedback_late,167,FAA,0.18396559908208474,0.16574030829950992,68445.0,0.5448845678569159,-0.029774621611049268,scenario>
feedback_late,167,theta_beta_ratio,-0.2939263588661437,-0.2804540232788894,65127.0,0.6821023279549099,0.020145638371498187,control>
feedback_late,167,engagement_index,0.6761663194285273,0.6993948267259402,60757.0,0.08066075925070591,0.08589353955405776,control>
feedback_late,167,spectral_entropy,3.124273350153352,3.133970344052931,63430.0,0.35294245282584924,0.04567748924262027,control>
feedback_late,167,fixation_count,0.3532934131736527,0.28391959798994976,67736.0,0.589319434385619,-0.019107513615984173,scenario>
feedback_late,167,fixation_mean_dur_ms,160.46315789473684,146.10562015503874,3970.5,0.038258781723427074,-0.21496328029375755,scenario>
feedback_late,167,saccade_count,27.862275449101798,27.695979899497488,64704.0,0.5893890245013538,0.026509794481389015,scenario>
feedback_late,167,saccade_mean_amp_deg,1.2907098765432097,1.149077548553271,59999.5,0.16254150600768302,-0.07042567615785345,scenario>
feedback_late,167,blink_count,0.32934131736526945,0.4057788944723618,60916.5,0.033435675849942816,0.08349381638732589,control>
feedback_late,167,gaze_dispersion,0.1860263473053892,0.2543667305815465,49713.0,0.0008937466431759623,0.16498559682878278,control>
feedback_late,167,nan_ratio,0.21602395209580838,0.15614608022904636,75687.5,0.0018790872545231085,-0.13874010772425005,scenario>
feedback_late,167,n_samples,122.37724550898204,112.54522613065326,66426.0,0.989709856379519,0.0006018114524719564,scenario>
feedback_late,167,blink_rate_per_sec,0.1497005988023952,0.1844449520328917,60916.5,0.033435675849942816,0.08349381638732589,control>
feedback_late,167,velocity_mean,536.4197826086956,583.057184012772,36328.0,0.09756926245773913,0.09068609046081455,control>
feedback_late,167,velocity_max,1756.5810869565219,2024.9125030281734,35681.0,0.050859910033309585,0.10688092913819425,control>
feedback_late,167,acceleration_mean,709.5295652173912,642.8846855722694,38937.0,0.6429879722291515,0.025381091837500924,scenario>
feedback_late,167,path_length_px,492.8072463768116,602.5141714790428,34008.5,0.006572724552064531,0.14874471227253383,control>
feedback_late,167,auc_deviation,31.259231884057968,103.13946878185713,24932.5,6.37804367465608e-12,0.37592300568196035,control>
feedback_late,167,x_flips,0.0,1.5941278065630398,15113.5,6.512247784946327e-47,0.6873920552677029,control>
feedback_late,167,y_flips,0.0,1.8721934369602764,12525.0,9.27225106619643e-53,0.7409326424870466,control>
feedback_late,167,idle_ratio,0.33271014492753626,0.28838210287383353,43797.0,0.07824871723901752,-0.09626792821205976,scenario>
feedback_late,167,click_count,0.6467065868263473,0.6062176165803109,46415.5,0.3647255426115893,0.03994084370119866,scenario>
feedback_late,167,rage_click_flag,0.0658682634730539,0.04145077720207254,49527.0,0.18912277054862436,-0.024417486270981392,scenario>
broken_image,17,delta_power,-25.58572424132542,-25.587119695499197,6967.0,0.8342356535202653,-0.029707360331067134,scenario>
broken_image,17,theta_power,-25.906000613562288,-26.017464484522623,8860.0,0.0288818567137648,-0.3094886195684303,scenario>
broken_image,17,alpha_power,-26.084367552851205,-26.15469040070429,7442.0,0.48077622898117767,-0.09991132131244451,scenario>
broken_image,17,beta_power,-25.71330106143193,-25.654552243273766,5556.0,0.2067982896093712,0.17883535323677213,control>
broken_image,17,gamma_power,-26.366912913309214,-26.31145916659081,5956.0,0.39815693143212194,0.11971622819982264,control>
broken_image,17,frontal_delta,-25.47780828844634,-25.605974275734795,7811.0,0.27562539315262,-0.1544487141590305,scenario>
broken_image,17,frontal_theta,-25.93783473195464,-26.08579672658557,8403.0,0.08761768459536115,-0.24194501921371558,scenario>
broken_image,17,frontal_alpha,-26.228428192454732,-26.300280842923176,7640.0,0.3619174002052873,-0.12917528820573465,scenario>
broken_image,17,frontal_beta,-25.814954848158862,-25.805342703306685,6569.0,0.8374960920152902,0.029116169080697585,control>
broken_image,17,frontal_gamma,-26.437656550642004,-26.429225469824146,6728.0,0.9687782043387336,0.005616316878510164,control>
broken_image,17,parietal_delta,-25.65348687107892,-25.58622612897348,6314.0,0.6374592590343426,0.06680461129175286,control>
broken_image,17,parietal_theta,-25.894708995497304,-25.952010362031984,7366.0,0.5314923963029872,-0.08867868755542418,scenario>
broken_image,17,parietal_alpha,-25.95449523190285,-26.03617918667539,7612.0,0.3775105175397263,-0.12503694945314803,scenario>
broken_image,17,parietal_beta,-25.705903462686543,-25.628887157922502,5081.0,0.07871337120505809,0.24903931421814962,control>
broken_image,17,parietal_gamma,-26.41308474022719,-26.3469362030039,5414.0,0.15835339578072982,0.19982264262488914,control>
broken_image,17,occipital_delta,-25.062658720474523,-25.12249634673567,7259.0,0.6072184425599749,-0.07286432160804024,scenario>
broken_image,17,occipital_theta,-25.384550348238864,-25.423839152613898,7144.0,0.6935688754071074,-0.055867573159917194,scenario>
broken_image,17,occipital_alpha,-25.666256105879015,-25.691008945679798,6927.0,0.8669591524453416,-0.023795447827372085,scenario>
broken_image,17,occipital_beta,-25.40163196575577,-25.244678198333617,5260.0,0.11609695833384706,0.22258350576411468,control>
broken_image,17,occipital_gamma,-26.101410235485616,-26.006971773133145,6278.0,0.610871933581959,0.07212533254507836,control>
broken_image,17,central_delta,-25.837312597820702,-25.788165448582493,6414.0,0.7137093383419599,0.05202483003251557,control>
broken_image,17,central_theta,-26.065914450402875,-26.174785022127125,8555.0,0.061936381390775445,-0.26441028672775646,scenario>
broken_image,17,central_alpha,-26.271752399885003,-26.28931466231381,6938.0,0.8579349445121756,-0.02542122376588818,scenario>
broken_image,17,central_beta,-25.928217351612336,-25.905175068210703,6520.0,0.7977646141674716,0.036358261897723954,control>
broken_image,17,central_gamma,-26.61357293502734,-26.55966708028362,5281.0,0.12127352936830856,0.21947975169967482,control>
broken_image,17,FAA,0.307684767072432,0.16574030829950992,8409.0,0.08646206545309884,-0.2428318060892698,scenario>
broken_image,17,theta_beta_ratio,-0.12287988379577751,-0.2804540232788894,8864.0,0.028577195986051906,-0.3100798108187999,scenario>
broken_image,17,engagement_index,0.5969241611019693,0.6993948267259402,3464.0,0.0005690597153897149,0.4880283771800177,control>
broken_image,17,spectral_entropy,3.114523519471054,3.133970344052931,5803.0,0.3150839365374537,0.14232929352645585,control>
broken_image,17,fixation_count,0.35294117647058826,0.28391959798994976,6616.5,0.828033510931931,0.022095772982559825,scenario>
broken_image,17,fixation_mean_dur_ms,130.1,146.10562015503874,208.5,0.5730034385887837,0.19186046511627908,control>
broken_image,17,saccade_count,32.705882352941174,27.695979899497488,7612.0,0.3767348019742849,-0.12503694945314803,scenario>
broken_image,17,saccade_mean_amp_deg,1.8491176470588235,1.149077548553271,6531.0,0.4369762450410122,-0.1103366201972118,scenario>
broken_image,17,blink_count,0.23529411764705882,0.4057788944723618,6141.0,0.42075644363964493,0.09237363287023348,control>
broken_image,17,gaze_dispersion,0.2095352941176471,0.2543667305815465,5915.0,0.8659972831991865,0.024007920138602423,control>
broken_image,17,nan_ratio,0.09211764705882353,0.15614608022904636,6619.0,0.8649390966661605,0.021726278451078884,control>
broken_image,17,n_samples,124.6470588235294,112.54522613065326,7278.5,0.568417071223771,-0.07574637895359149,scenario>
broken_image,17,blink_rate_per_sec,0.106951871657754,0.1844449520328917,6141.0,0.42075644363964493,0.09237363287023348,control>
broken_image,17,velocity_mean,531.381875,583.057184012772,4166.0,0.4925499395588744,0.10060449050086351,control>
broken_image,17,velocity_max,1742.773125,2024.9125030281734,3940.0,0.30799551356622623,0.1493955094991365,control>
broken_image,17,acceleration_mean,-28.471249999999998,642.8846855722694,4349.0,0.6770640462684672,0.0610967184801382,control>
broken_image,17,path_length_px,547.0250000000001,602.5141714790428,4105.0,0.4376169564627935,0.11377374784110539,control>
broken_image,17,auc_deviation,42.925374999999995,103.13946878185713,3055.0,0.02008735266208601,0.3404576856649395,control>
broken_image,17,x_flips,0.0,1.5941278065630398,1538.5,6.213957758165322e-07,0.6873920552677029,control>
broken_image,17,y_flips,0.0,1.8721934369602764,1275.0,9.92017183254447e-08,0.7409326424870466,control>
broken_image,17,idle_ratio,0.33962499999999995,0.28838210287383353,4738.0,0.8762427126803423,-0.022884283246977555,scenario>
broken_image,17,click_count,0.29411764705882354,0.6062176165803109,4067.5,0.16140845174084884,0.17352433201259776,control>
broken_image,17,rage_click_flag,0.0,0.04145077720207254,4717.5,0.39307487021973486,0.041450777202072575,control>
network_jitter,150,delta_power,-25.63434367469409,-25.587119695499197,55420.0,0.16327522278590711,0.07169179229480738,control>
network_jitter,150,theta_power,-26.018280670761985,-26.017464484522623,58934.0,0.8030681668339311,0.012830820770519225,control>
network_jitter,150,alpha_power,-26.123740726595763,-26.15469040070429,60399.0,0.8199948556649793,-0.011708542713567915,scenario>
network_jitter,150,beta_power,-25.711307065993374,-25.654552243273766,50199.0,0.0019681630634633793,0.15914572864321608,control>
network_jitter,150,gamma_power,-26.394128244911755,-26.31145916659081,45557.0,4.08073463870089e-06,0.2369011725293132,control>
network_jitter,150,frontal_delta,-25.617218317447556,-25.605974275734795,59625.0,0.9806372441029139,0.0012562814070351536,control>
network_jitter,150,frontal_theta,-26.086744930175016,-26.08579672658557,58773.0,0.7627835197559691,0.015527638190954818,control>
network_jitter,150,frontal_alpha,-26.2750407371005,-26.300280842923176,60592.0,0.7714907010055697,-0.014941373534338442,scenario>
network_jitter,150,frontal_beta,-25.83143951759933,-25.805342703306685,57747.0,0.52473117991693,0.03271356783919599,control>
network_jitter,150,frontal_gamma,-26.478719523281903,-26.429225469824146,54335.0,0.08053283861332312,0.08986599664991624,control>
network_jitter,150,parietal_delta,-25.632943382906895,-25.58622612897348,55318.0,0.15347353704358654,0.07340033500837517,control>
network_jitter,150,parietal_theta,-25.9473399024321,-25.952010362031984,59863.0,0.9577813746274273,-0.0027303182579565544,scenario>
network_jitter,150,parietal_alpha,-26.00269662157784,-26.03617918667539,60659.0,0.7548488200158554,-0.01606365159128975,scenario>
network_jitter,150,parietal_beta,-25.69260349145695,-25.628887157922502,49459.0,0.0008497299285060182,0.17154103852596314,control>
network_jitter,150,parietal_gamma,-26.432129380752684,-26.3469362030039,44389.0,6.109320101604084e-07,0.25646566164154105,control>
network_jitter,150,occipital_delta,-25.134218986086047,-25.12249634673567,59056.0,0.8339532279420279,0.01078726968174204,control>
network_jitter,150,occipital_theta,-25.43993578210684,-25.423839152613898,58106.0,0.6036789152383635,0.026700167504187577,control>
network_jitter,150,occipital_alpha,-25.69044955496544,-25.691008945679798,58508.0,0.6978997899932449,0.019966499162479057,scenario>
network_jitter,150,occipital_beta,-25.341439074956433,-25.244678198333617,51146.0,0.005328242973612551,0.14328308207705187,control>
network_jitter,150,occipital_gamma,-26.16105373458134,-26.006971773133145,47374.0,5.9370186493991436e-05,0.206465661641541,control>
network_jitter,150,central_delta,-25.83637964700707,-25.788165448582493,54272.0,0.07703977924383819,0.09092127303182584,control>
network_jitter,150,central_theta,-26.167319547820842,-26.174785022127125,62144.0,0.4260184570026011,-0.04093802345058628,scenario>
network_jitter,150,central_alpha,-26.233097766200764,-26.28931466231381,63311.0,0.2395153492751133,-0.060485762144053545,scenario>
network_jitter,150,central_beta,-25.89135797038046,-25.905175068210703,62359.0,0.38645490368192104,-0.04453936348408716,scenario>
network_jitter,150,central_gamma,-26.57649563797234,-26.55966708028362,56243.0,0.26015274433058744,0.05790619765494143,control>
network_jitter,150,FAA,0.19457086111842153,0.16574030829950992,63259.0,0.24635066769905045,-0.05961474036850922,scenario>
network_jitter,150,theta_beta_ratio,-0.25530541257569106,-0.2804540232788894,63453.0,0.2215342390291659,-0.06286432160804023,scenario>
network_jitter,150,engagement_index,0.6502144956966036,0.6993948267259402,48272.0,0.00019705908446667625,0.1914237855946399,control>
network_jitter,150,spectral_entropy,3.121378597388188,3.133970344052931,55924.0,0.21871531151086765,0.06324958123953095,control>
network_jitter,150,fixation_count,0.4066666666666667,0.28391959798994976,66396.0,0.0031541389427467304,-0.11216080402010054,scenario>
network_jitter,150,fixation_mean_dur_ms,144.45,146.10562015503874,4390.5,0.8217480008459647,-0.02104651162790705,control>
network_jitter,150,saccade_count,27.88,27.695979899497488,56634.5,0.3173876067569459,0.05134840871021773,scenario>
network_jitter,150,saccade_mean_amp_deg,1.3267430555555555,1.149077548553271,52498.0,0.31054278478685426,-0.053668914579319216,scenario>
network_jitter,150,blink_count,0.2866666666666667,0.4057788944723618,53344.0,0.009334515278177214,0.10646566164154103,control>
network_jitter,150,gaze_dispersion,0.17419733333333334,0.2543667305815465,41234.0,1.028677515686272e-05,0.22891070593735385,control>
network_jitter,150,nan_ratio,0.19707333333333332,0.15614608022904636,71075.0,4.9639444289292e-05,-0.1905360134003351,scenario>
network_jitter,150,n_samples,119.56666666666666,112.54522613065326,57412.5,0.4289195835100148,0.03831658291457285,scenario>
network_jitter,150,blink_rate_per_sec,0.1303030303030303,0.1844449520328917,53344.0,0.009334515278177214,0.10646566164154103,control>
network_jitter,150,velocity_mean,505.27350427350433,583.057184012772,29112.0,0.016433100067885682,0.14051636331429074,control>
network_jitter,150,velocity_max,1596.6564102564107,2024.9125030281734,28708.0,0.009246044693321943,0.1524437949308416,control>
network_jitter,150,acceleration_mean,800.2928205128204,642.8846855722694,32295.5,0.427046489729455,0.04652879264278231,scenario>
network_jitter,150,path_length_px,499.9136752136751,602.5141714790428,28822.5,0.010920093845098748,0.14906337186129937,control>
network_jitter,150,auc_deviation,44.429923076923075,103.13946878185713,23592.5,2.177299648898578e-07,0.3034704692735781,control>
network_jitter,150,x_flips,0.0,1.5941278065630398,13575.0,6.22477784702211e-43,0.6873920552677029,control>
network_jitter,150,y_flips,0.0,1.8721934369602764,11250.0,2.561467399829732e-48,0.7409326424870466,control>
network_jitter,150,idle_ratio,0.3516923076923078,0.28838210287383353,38179.5,0.029706553222017058,-0.12718657278242773,scenario>
network_jitter,150,click_count,0.4066666666666667,0.6062176165803109,38781.5,0.019075821587520525,0.10693149107656885,control>
network_jitter,150,rage_click_flag,0.04666666666666667,0.04145077720207254,43651.5,0.7784599808603715,-0.00521588946459417,scenario>
button_delay,40,delta_power,-25.59983541508307,-25.587119695499197,15860.0,0.9681519373520753,0.0037688442211055717,control>
button_delay,40,theta_power,-26.025532761543012,-26.017464484522623,15366.0,0.7103287412334824,0.034798994974874375,control>
button_delay,40,alpha_power,-26.13020372840914,-26.15469040070429,14201.0,0.24884326735069762,0.1079773869346734,scenario>
button_delay,40,beta_power,-25.68455125459182,-25.654552243273766,14755.0,0.434559389287296,0.07317839195979903,control>
button_delay,40,gamma_power,-26.37084286604327,-26.31145916659081,13256.0,0.07389126755187349,0.1673366834170854,control>
button_delay,40,frontal_delta,-25.664302560301696,-25.605974275734795,14970.0,0.5240322583805359,0.059673366834170904,control>
button_delay,40,frontal_theta,-26.107887423506533,-26.08579672658557,14636.0,0.38909162858952373,0.08065326633165826,control>
button_delay,40,frontal_alpha,-26.27542627726971,-26.300280842923176,15125.0,0.5939417712671905,0.04993718592964824,scenario>
button_delay,40,frontal_beta,-25.799689419565873,-25.805342703306685,16345.0,0.7757576390422063,-0.026695979899497457,scenario>
button_delay,40,frontal_gamma,-26.45487065863906,-26.429225469824146,15155.0,0.6079500902534722,0.04805276381909551,control>
button_delay,40,parietal_delta,-25.525027444164785,-25.58622612897348,17694.0,0.23401882655419248,-0.11143216080402008,scenario>
button_delay,40,parietal_theta,-25.961658429351804,-25.952010362031984,15236.0,0.6464866736418741,0.042964824120602985,control>
button_delay,40,parietal_alpha,-25.98813296093087,-26.03617918667539,15293.0,0.6741934572645774,0.03938442211055282,scenario>
button_delay,40,parietal_beta,-25.694763062379117,-25.628887157922502,12947.0,0.046082807437638665,0.18674623115577893,control>
button_delay,40,parietal_gamma,-26.4415095751663,-26.3469362030039,11352.0,0.0021772423416788356,0.2869346733668342,control>
button_delay,40,occipital_delta,-25.077467042686035,-25.12249634673567,16809.0,0.5510353672383652,-0.05584170854271364,scenario>
button_delay,40,occipital_theta,-25.46511405380017,-25.423839152613898,15325.0,0.689947134474487,0.037374371859296485,control>
button_delay,40,occipital_alpha,-25.574620837508927,-25.691008945679798,16593.0,0.6517970679796032,-0.04227386934673372,scenario>
button_delay,40,occipital_beta,-25.367220354475496,-25.244678198333617,12944.0,0.04586352879004778,0.18693467336683423,control>
button_delay,40,occipital_gamma,-26.203389410575358,-26.006971773133145,12021.0,0.008896473166977652,0.24491206030150758,control>
button_delay,40,central_delta,-25.8209351008936,-25.788165448582493,15207.0,0.6325731640346823,0.044786432160804024,control>
button_delay,40,central_theta,-26.1511832186711,-26.174785022127125,16726.0,0.5888426413071213,-0.05062814070351762,scenario>
button_delay,40,central_alpha,-26.263747356099497,-26.28931466231381,14762.0,0.4373262260362317,0.07273869346733663,scenario>
button_delay,40,central_beta,-25.887460193000642,-25.905175068210703,16741.0,0.5819220407821926,-0.051570351758793986,scenario>
button_delay,40,central_gamma,-26.5671570431642,-26.55966708028362,15048.0,0.5586809438804723,0.05477386934673367,control>
button_delay,40,FAA,0.22598178776567962,0.16574030829950992,17781.0,0.21186642896861052,-0.11689698492462308,scenario>
button_delay,40,theta_beta_ratio,-0.3081980039406556,-0.2804540232788894,15046.0,0.5577787954659967,0.054899497487437166,control>
button_delay,40,engagement_index,0.6765045115746252,0.6993948267259402,14773.0,0.44169453518353974,0.07204773869346737,control>
button_delay,40,spectral_entropy,3.1175164928321273,3.133970344052931,13862.0,0.16738893798156973,0.12927135678391954,control>
button_delay,40,fixation_count,0.375,0.28391959798994976,16454.0,0.6184893505813577,-0.03354271356783922,scenario>
button_delay,40,fixation_mean_dur_ms,179.27,146.10562015503874,1279.5,0.009631189816446,-0.4877906976744186,scenario>
button_delay,40,saccade_count,28.075,27.695979899497488,15367.5,0.710661393457086,0.03470477386934678,scenario>
button_delay,40,saccade_mean_amp_deg,1.5208750000000002,1.149077548553271,15419.0,0.22476746249545987,-0.11408959537572261,scenario>
button_delay,40,blink_count,0.35,0.4057788944723618,14466.0,0.2267695436975622,0.09133165829145728,control>
button_delay,40,gaze_dispersion,0.15137,0.2543667305815465,9586.0,0.0004808892749066248,0.3277699859747546,control>
button_delay,40,nan_ratio,0.15985,0.15614608022904636,18401.0,0.06512636032557256,-0.1558417085427135,scenario>
button_delay,40,n_samples,115.6,112.54522613065326,15618.5,0.8295203227580358,0.01893844221105523,scenario>
button_delay,40,blink_rate_per_sec,0.1590909090909091,0.1844449520328917,14466.0,0.2267695436975622,0.09133165829145728,control>
button_delay,40,velocity_mean,622.308484848485,583.057184012772,8382.0,0.23590667386019526,0.12262521588946462,scenario>
button_delay,40,velocity_max,1553.339393939394,2024.9125030281734,8007.0,0.11761730193047437,0.16187784581566966,control>
button_delay,40,acceleration_mean,2129.916666666667,642.8846855722694,10522.0,0.32718256186577643,-0.10137645888941216,scenario>
button_delay,40,path_length_px,442.6909090909091,602.5141714790428,7702.5,0.0610439724100052,0.1937509813157482,control>
button_delay,40,auc_deviation,40.06266666666666,103.13946878185713,6403.5,0.001428760539812599,0.32972209138012243,control>
button_delay,40,x_flips,0.0,1.5941278065630398,3620.0,5.118200576551393e-14,0.6873920552677029,control>
button_delay,40,y_flips,0.0,1.8721934369602764,3000.0,8.988432412138667e-16,0.7409326424870466,control>
button_delay,40,idle_ratio,0.3342727272727272,0.28838210287383353,10030.5,0.6291396433147866,-0.04992934526613291,scenario>
button_delay,40,click_count,0.4,0.6062176165803109,10230.0,0.15606174023986386,0.11658031088082899,control>
button_delay,40,rage_click_flag,0.05,0.04145077720207254,11679.0,0.7955075592343608,-0.008549222797927358,scenario>
sort_reset,29,delta_power,-25.652245679069633,-25.587119695499197,10080.0,0.24628165816611036,0.12666782186796044,control>
sort_reset,29,theta_power,-26.005971182600753,-26.017464484522623,12062.0,0.6802466521604371,-0.045052850459192495,scenario>
sort_reset,29,alpha_power,-26.142602211465114,-26.15469040070429,12450.0,0.4715666372889459,-0.07866920810951306,scenario>
sort_reset,29,beta_power,-25.72326840226608,-25.654552243273766,9308.0,0.07641670276344774,0.19355397678045394,control>
sort_reset,29,gamma_power,-26.390584713918983,-26.31145916659081,8869.0,0.03399496465226982,0.23158897937965695,control>
sort_reset,29,frontal_delta,-25.58596335828471,-25.605974275734795,10778.0,0.5447171942923097,0.06619303413619826,scenario>
sort_reset,29,frontal_theta,-25.998746034580375,-26.08579672658557,12576.0,0.4122788631514994,-0.08958586033616367,scenario>
sort_reset,29,frontal_alpha,-26.262735613493522,-26.300280842923176,12437.0,0.47794025542189456,-0.07754288684803323,scenario>
sort_reset,29,frontal_beta,-25.855099480130555,-25.805342703306685,10565.0,0.4385340746914871,0.0846473748050598,control>
sort_reset,29,frontal_gamma,-26.474801564401723,-26.429225469824146,10573.0,0.4422944125611934,0.08395425402876455,control>
sort_reset,29,parietal_delta,-25.73955505918676,-25.58622612897348,8115.0,0.006562027701065317,0.29691561254548604,control>
sort_reset,29,parietal_theta,-25.986223409974468,-25.952010362031984,10499.0,0.40822020180537877,0.09036562120949576,control>
sort_reset,29,parietal_alpha,-26.033762547312932,-26.03617918667539,11963.0,0.7386900995446943,-0.03647548085253849,scenario>
sort_reset,29,parietal_beta,-25.674799853235303,-25.628887157922502,9823.0,0.17278484885154088,0.14893432680644603,control>
sort_reset,29,parietal_gamma,-26.420168530829454,-26.3469362030039,8773.0,0.02807122551204811,0.23990642869520018,control>
sort_reset,29,occipital_delta,-25.261187050672493,-25.12249634673567,9644.0,0.13224358987432672,0.16444290417605267,control>
sort_reset,29,occipital_theta,-25.50495569163633,-25.423839152613898,10497.0,0.40732151977990705,0.09053890140356957,control>
sort_reset,29,occipital_alpha,-25.746597636298574,-25.691008945679798,10555.0,0.43385959358747306,0.08551377577542885,control>
sort_reset,29,occipital_beta,-25.409043584340285,-25.244678198333617,8865.0,0.033728329901404216,0.23193553976780457,control>
sort_reset,29,occipital_gamma,-26.21675467093584,-26.006971773133145,8580.0,0.01880373823765522,0.2566279674233235,control>
sort_reset,29,central_delta,-25.835291716375696,-25.788165448582493,10769.0,0.5399854513090081,0.06697279500953046,control>
sort_reset,29,central_theta,-26.18408621337875,-26.174785022127125,11299.0,0.847445636838255,0.021053543579968803,control>
sort_reset,29,central_alpha,-26.25352710200251,-26.28931466231381,12819.0,0.31122010559315294,-0.11063940391613247,scenario>
sort_reset,29,central_beta,-25.92211674689547,-25.905175068210703,10657.0,0.48287491284897566,0.07667648587766418,control>
sort_reset,29,central_gamma,-26.55000269744031,-26.55966708028362,12314.0,0.5405101831023758,-0.0668861549124935,scenario>
sort_reset,29,FAA,0.10839133233568225,0.16574030829950992,10400.0,0.36516464659006154,0.09894299081614977,control>
sort_reset,29,theta_beta_ratio,-0.1436465544498139,-0.2804540232788894,14993.0,0.006194019425504283,-0.2989949748743719,scenario>
sort_reset,29,engagement_index,0.6425308195071305,0.6993948267259402,8738.0,0.026144708191137005,0.24293883209149192,control>
sort_reset,29,spectral_entropy,3.1534194107201583,3.133970344052931,12577.0,0.41182672282335864,-0.08967250043320041,scenario>
sort_reset,29,fixation_count,0.3103448275862069,0.28391959798994976,11845.5,0.7377912364195773,-0.026295269450701708,scenario>
sort_reset,29,fixation_mean_dur_ms,191.07142857142858,146.10562015503874,847.5,0.06811286776708168,-0.40780730897009976,scenario>
sort_reset,29,saccade_count,25.310344827586206,27.695979899497488,9868.5,0.1837608323838542,0.14499220239126664,control>
sort_reset,29,saccade_mean_amp_deg,1.882551724137931,1.149077548553271,11967.5,0.07855274516565812,-0.19269483755232208,scenario>
sort_reset,29,blink_count,0.41379310344827586,0.4057788944723618,11540.5,0.999219499879078,0.0001299601455553301,scenario>
sort_reset,29,gaze_dispersion,0.18549655172413795,0.2543667305815465,8745.0,0.15916411486768256,0.15413261111379795,control>
sort_reset,29,nan_ratio,0.23337931034482762,0.15614608022904636,15118.0,0.0017070119052934433,-0.30982498700398553,scenario>
sort_reset,29,n_samples,112.24137931034483,112.54522613065326,10576.0,0.4141015678383597,0.08369433373765378,control>
sort_reset,29,blink_rate_per_sec,0.18808777429467083,0.1844449520328917,11540.5,0.999219499879078,0.0001299601455553301,scenario>
sort_reset,29,velocity_mean,619.0923076923077,583.057184012772,7505.0,0.9803273496737208,0.0029228112129666695,scenario>
sort_reset,29,velocity_max,2027.181923076923,2024.9125030281734,7416.0,0.8991515101822257,0.014746911119968065,scenario>
sort_reset,29,acceleration_mean,491.93307692307695,642.8846855722694,6611.0,0.2937209976780941,0.12169523050352071,control>
sort_reset,29,path_length_px,706.8384615384615,602.5141714790428,7665.0,0.8746865478569013,-0.018333997608608987,scenario>
sort_reset,29,auc_deviation,42.31711538461538,103.13946878185713,5300.0,0.010641142399000991,0.2958682077853062,control>
sort_reset,29,x_flips,0.0,1.5941278065630398,2624.5,1.0671526151887115e-10,0.6873920552677029,control>
sort_reset,29,y_flips,0.0,1.8721934369602764,2175.0,5.247003894969305e-12,0.7409326424870466,control>
sort_reset,29,idle_ratio,0.30380769230769233,0.28838210287383353,6560.0,0.2670270036429261,0.12847083831539785,scenario>
sort_reset,29,click_count,0.3448275862068966,0.6062176165803109,7194.0,0.13483713915287798,0.14311238163301765,control>
sort_reset,29,rage_click_flag,0.034482758620689655,0.04145077720207254,8337.0,0.8550429141341276,0.006968018581382851,control>
coupon_min_spend,34,delta_power,-25.500020610809838,-25.587119695499197,15434.0,0.16484422358892525,-0.1405557197753473,scenario>
coupon_min_spend,34,theta_power,-26.019022422369805,-26.017464484522623,13713.0,0.895105052849954,-0.013375702039609916,control>
coupon_min_spend,34,alpha_power,-26.154510202011224,-26.15469040070429,13525.0,0.996211686556692,0.0005172923440732724,scenario>
coupon_min_spend,34,beta_power,-25.65353883231973,-25.654552243273766,13841.0,0.8217103455844467,-0.022834762045521817,scenario>
coupon_min_spend,34,gamma_power,-26.34494484208434,-26.31145916659081,12148.0,0.3122146139938945,0.1022760863139226,control>
coupon_min_spend,34,frontal_delta,-25.419833222218735,-25.605974275734795,16912.0,0.013565169843478317,-0.2497783032811114,scenario>
coupon_min_spend,34,frontal_theta,-26.059638755313895,-26.08579672658557,14067.0,0.6962195067143357,-0.039535914868459976,scenario>
coupon_min_spend,34,frontal_alpha,-26.22390641018495,-26.300280842923176,15547.0,0.14115491831192867,-0.1489062961868164,scenario>
coupon_min_spend,34,frontal_beta,-25.728904031747582,-25.805342703306685,15650.0,0.12192576377111818,-0.1565178835353236,scenario>
coupon_min_spend,34,frontal_gamma,-26.40043442056226,-26.429225469824146,14415.0,0.5191686054210842,-0.06525273425953304,scenario>
coupon_min_spend,34,parietal_delta,-25.587623167702965,-25.58622612897348,13713.0,0.895105052849954,-0.013375702039609916,control>
coupon_min_spend,34,parietal_theta,-25.989351530826465,-25.952010362031984,12506.0,0.45380734459919825,0.07582027785988765,control>
coupon_min_spend,34,parietal_alpha,-26.081438008562557,-26.03617918667539,12675.0,0.531553951554983,0.06333136269583206,control>
coupon_min_spend,34,parietal_beta,-25.67555583223759,-25.628887157922502,11739.0,0.19041834081228326,0.132500738989063,control>
coupon_min_spend,34,parietal_gamma,-26.40839197839632,-26.3469362030039,10660.0,0.03594892295885809,0.21223765888264856,control>
coupon_min_spend,34,occipital_delta,-25.195928761234,-25.12249634673567,12700.0,0.5436025764309766,0.06148389003842747,control>
coupon_min_spend,34,occipital_theta,-25.503877565865857,-25.423839152613898,12202.0,0.33147787931877437,0.09828554537392842,control>
coupon_min_spend,34,occipital_alpha,-25.66738174888883,-25.691008945679798,13976.0,0.7459703776977422,-0.03281111439550699,scenario>
coupon_min_spend,34,occipital_beta,-25.31417827594824,-25.244678198333617,12071.0,0.2860480983901891,0.10796630209872893,control>
coupon_min_spend,34,occipital_gamma,-26.174699124728733,-26.006971773133145,10513.0,0.0274623948434095,0.22310079810818795,control>
coupon_min_spend,34,central_delta,-25.685770234473676,-25.788165448582493,14768.0,0.36680273293837995,-0.09133904818208682,scenario>
coupon_min_spend,34,central_theta,-26.217849244284025,-26.174785022127125,12311.0,0.37264937297509315,0.09023056458764411,control>
coupon_min_spend,34,central_alpha,-26.32522871855398,-26.28931466231381,13114.0,0.7603924888226895,0.030889742831806122,control>
coupon_min_spend,34,central_beta,-25.89495897520298,-25.905175068210703,13804.0,0.8427956196836626,-0.0201005025125629,scenario>
coupon_min_spend,34,central_gamma,-26.56851245516579,-26.55966708028362,12968.0,0.6806238266213582,0.04167898315104934,control>
coupon_min_spend,34,FAA,0.1206544214250226,0.16574030829950992,13231.0,0.8262589774380329,0.022243570795152268,control>
coupon_min_spend,34,theta_beta_ratio,-0.33073472356631095,-0.2804540232788894,12433.0,0.42231813008985464,0.08121489801950932,control>
coupon_min_spend,34,engagement_index,0.6939581667245964,0.6993948267259402,13804.0,0.8427956196836626,-0.0201005025125629,control>
coupon_min_spend,34,spectral_entropy,3.0809358891752723,3.133970344052931,11812.0,0.2091089873204801,0.12710611882944134,control>
coupon_min_spend,34,fixation_count,0.29411764705882354,0.28391959798994976,13782.0,0.7995910351847064,-0.018474726574046807,scenario>
coupon_min_spend,34,fixation_mean_dur_ms,165.25,146.10562015503874,958.5,0.06073272031176902,-0.3931686046511629,scenario>
coupon_min_spend,34,saccade_count,31.38235294117647,27.695979899497488,14694.5,0.3952568974313839,-0.08590747856931724,scenario>
coupon_min_spend,34,saccade_mean_amp_deg,1.4411764705882353,1.149077548553271,14178.0,0.043225879406524136,-0.2052023121387283,scenario>
coupon_min_spend,34,blink_count,0.2647058823529412,0.4057788944723618,12400.0,0.30658896340674546,0.08365356192728346,control>
coupon_min_spend,34,gaze_dispersion,0.20596470588235294,0.2543667305815465,11589.0,0.6654701189788477,0.0438907680884415,control>
coupon_min_spend,34,nan_ratio,0.10702941176470589,0.15614608022904636,14081.0,0.6562706603321511,-0.04057049955660652,control>
coupon_min_spend,34,n_samples,124.73529411764706,112.54522613065326,13216.0,0.8056540835176712,0.02335205438959509,scenario>
coupon_min_spend,34,blink_rate_per_sec,0.12032085561497323,0.1844449520328917,12400.0,0.30658896340674546,0.08365356192728346,control>
coupon_min_spend,34,velocity_mean,559.6220689655173,583.057184012772,6542.0,0.0447143668016883,0.22077303317253294,control>
coupon_min_spend,34,velocity_max,1865.7606896551727,2024.9125030281734,6792.0,0.08247373516896372,0.190995175987136,control>
coupon_min_spend,34,acceleration_mean,859.4589655172414,642.8846855722694,7011.0,0.13380365991931223,0.16490977309272825,scenario>
coupon_min_spend,34,path_length_px,637.2206896551724,602.5141714790428,6553.5,0.04604603531055219,0.2194032517420046,scenario>
coupon_min_spend,34,auc_deviation,57.316172413793105,103.13946878185713,5475.0,0.0015554582715548108,0.34786492763980703,control>
coupon_min_spend,34,x_flips,0.0,1.5941278065630398,3077.0,3.203963120490458e-12,0.6873920552677029,control>
coupon_min_spend,34,y_flips,0.0,1.8721934369602764,2550.0,9.810288474431917e-14,0.7409326424870466,control>
coupon_min_spend,34,idle_ratio,0.4306551724137931,0.28838210287383353,10728.0,0.011422331174761869,-0.27782740753975355,scenario>
coupon_min_spend,34,click_count,0.7352941176470589,0.6062176165803109,9983.5,0.8731664921488261,-0.014274103423753015,scenario>
coupon_min_spend,34,rage_click_flag,0.029411764705882353,0.04145077720207254,9724.5,0.7314462051641499,0.012039012496190216,control>
first_click_miss,77,delta_power,-25.609272962474463,-25.587119695499197,30287.0,0.8652644109850813,0.01171441623702929,control>
first_click_miss,77,theta_power,-26.000278372572474,-26.017464484522623,32408.0,0.4044437215095442,-0.05749526855054499,scenario>
first_click_miss,77,alpha_power,-26.12468650275911,-26.15469040070429,32152.0,0.4761258599165178,-0.04914181296090847,scenario>
first_click_miss,77,beta_power,-25.690600542766727,-25.654552243273766,26694.0,0.06145189892697452,0.12895647066501337,control>
first_click_miss,77,gamma_power,-26.350335315053783,-26.31145916659081,26596.0,0.0552871242042994,0.1321542778829211,control>
first_click_miss,77,frontal_delta,-25.57134356126729,-25.605974275734795,32130.0,0.4825950388583248,-0.04842393787117416,scenario>
first_click_miss,77,frontal_theta,-26.01998933276495,-26.08579672658557,35344.0,0.02619498037545139,-0.1532989623441885,scenario>
first_click_miss,77,frontal_alpha,-26.260742491711046,-26.300280842923176,33612.0,0.16044995589050282,-0.09678261437055413,scenario>
first_click_miss,77,frontal_beta,-25.785146378306983,-25.805342703306685,31549.0,0.6692702127667076,-0.029465509365006914,scenario>
first_click_miss,77,frontal_gamma,-26.394275282620153,-26.429225469824146,32639.0,0.34565908167023174,-0.06503295699275591,scenario>
first_click_miss,77,parietal_delta,-25.645162355745512,-25.58622612897348,28061.0,0.22124132413573827,0.08435032304379042,control>
first_click_miss,77,parietal_theta,-25.959405253353793,-25.952010362031984,29907.0,0.726692024707776,0.024114076877896018,control>
first_click_miss,77,parietal_alpha,-26.01088488972526,-26.03617918667539,31524.0,0.6779095589653223,-0.02864974221758132,scenario>
first_click_miss,77,parietal_beta,-25.697902202349365,-25.628887157922502,24273.0,0.0025606570450543062,0.2079553612216929,control>
first_click_miss,77,parietal_gamma,-26.419823969021405,-26.3469362030039,23888.0,0.001382408571395544,0.22051817529204465,control>
first_click_miss,77,occipital_delta,-25.14716858346288,-25.12249634673567,30048.0,0.7773343900724051,0.019513150166416526,control>
first_click_miss,77,occipital_theta,-25.414139971218088,-25.423839152613898,31794.0,0.5870558714790389,-0.03746002740977605,scenario>
first_click_miss,77,occipital_alpha,-25.678803745916298,-25.691008945679798,30849.0,0.9236456793653822,-0.006624029237094486,scenario>
first_click_miss,77,occipital_beta,-25.317441422222515,-25.244678198333617,26558.0,0.053039622972982405,0.13339424394700772,control>
first_click_miss,77,occipital_gamma,-26.098256899920084,-26.006971773133145,26702.0,0.061979337295968544,0.12869542517783727,control>
first_click_miss,77,central_delta,-25.817445560225195,-25.788165448582493,30000.0,0.7599757050088637,0.021079423089473304,control>
first_click_miss,77,central_theta,-26.179559487738842,-26.174785022127125,30423.0,0.9161310956507234,0.00727664295503494,control>
first_click_miss,77,central_alpha,-26.25796042486184,-26.28931466231381,32707.0,0.32944776934228515,-0.06725184363375325,scenario>
first_click_miss,77,central_beta,-25.906397686849495,-25.905175068210703,30236.0,0.8463209053770919,0.013378581217777241,control>
first_click_miss,77,central_gamma,-26.547916417273246,-26.55966708028362,30732.0,0.9677209556489168,-0.0028062389871434945,scenario>
first_click_miss,77,FAA,0.20084561283739405,0.16574030829950992,32776.0,0.31351003799239363,-0.06950336096064746,scenario>
first_click_miss,77,theta_beta_ratio,-0.23484295445796627,-0.2804540232788894,32909.0,0.28424469039839895,-0.07384324218495064,scenario>
first_click_miss,77,engagement_index,0.660435748778878,0.6993948267259402,25447.0,0.013877054159865267,0.16964693597859426,control>
first_click_miss,77,spectral_entropy,3.1407428964235016,3.133970344052931,30063.0,0.7827823118362625,0.019023689877961214,scenario>
first_click_miss,77,fixation_count,0.38961038961038963,0.28391959798994976,32244.0,0.29487667181474086,-0.05214383606343409,scenario>
first_click_miss,77,fixation_mean_dur_ms,139.455,146.10562015503874,1819.0,0.6752033213989559,-0.057558139534883646,control>
first_click_miss,77,saccade_count,29.38961038961039,27.695979899497488,31151.5,0.8108284011312435,-0.01649481172094247,scenario>
first_click_miss,77,saccade_mean_amp_deg,1.368263157894737,1.149077548553271,27296.5,0.585951017584512,-0.038047611804076675,scenario>
first_click_miss,77,blink_count,0.37662337662337664,0.4057788944723618,31058.0,0.8105815810706456,-0.01344384258957132,control>
first_click_miss,77,gaze_dispersion,0.1778922077922078,0.2543667305815465,21885.0,0.0034407207201403375,0.20274676235405553,control>
first_click_miss,77,nan_ratio,0.19737662337662337,0.15614608022904636,35405.5,0.01287484991225919,-0.15530574952685505,scenario>
first_click_miss,77,n_samples,126.37662337662337,112.54522613065326,33368.0,0.16855452406682425,-0.08882072701168187,scenario>
first_click_miss,77,blink_rate_per_sec,0.17119244391971664,0.1844449520328917,31058.0,0.8105815810706456,-0.01344384258957132,control>
first_click_miss,77,velocity_mean,564.9721875,583.057184012772,17968.0,0.6915507600235116,0.030224525043177852,control>
first_click_miss,77,velocity_max,1810.67203125,2024.9125030281734,17544.0,0.48554159434788124,0.05310880829015541,control>
first_click_miss,77,acceleration_mean,782.805625,642.8846855722694,19288.0,0.5901801342722061,-0.041018998272884355,scenario>
first_click_miss,77,path_length_px,567.6421875,602.5141714790428,18296.0,0.8695986500095105,0.012521588946459383,control>
first_click_miss,77,auc_deviation,39.799140625,103.13946878185713,13221.0,0.0001673020520752025,0.2864313471502591,control>
first_click_miss,77,x_flips,0.0,1.5941278065630398,6968.5,1.71796921563997e-24,0.6873920552677029,control>
first_click_miss,77,y_flips,0.0,1.8721934369602764,5775.0,1.2784027115788722e-27,0.7409326424870466,control>
first_click_miss,77,idle_ratio,0.31315625,0.28838210287383353,19481.5,0.4986527815354912,-0.05146265112262527,scenario>
first_click_miss,77,click_count,0.6233766233766234,0.6062176165803109,22588.5,0.8281847865552646,-0.013323464100666094,scenario>
first_click_miss,77,rage_click_flag,0.05194805194805195,0.04145077720207254,22525.5,0.6694751526517277,-0.010497274745979501,scenario>
slow_image,44,delta_power,-25.57614031252597,-25.587119695499197,18383.0,0.5784700802854787,-0.04973732297852895,scenario>
slow_image,44,theta_power,-25.99271948714213,-26.017464484522623,18589.0,0.4920158874256413,-0.061500685244403774,scenario>
slow_image,44,alpha_power,-26.079797122959302,-26.15469040070429,20634.0,0.04632891794402174,-0.17827775239835542,scenario>
slow_image,44,beta_power,-25.65005997625818,-25.654552243273766,18710.0,0.4446660308048188,-0.06841023298309734,scenario>
slow_image,44,gamma_power,-26.341806192639286,-26.31145916659081,16741.0,0.6228656429438595,0.0440269529465509,control>
slow_image,44,frontal_delta,-25.584824514557532,-25.605974275734795,17845.0,0.8319296508811461,-0.019015532206486885,scenario>
slow_image,44,frontal_theta,-26.080759221528332,-26.08579672658557,17235.0,0.8599138611374572,0.01581772498857925,scenario>
slow_image,44,frontal_alpha,-26.234839265633767,-26.300280842923176,20026.0,0.10864545145290745,-0.14355870260392867,scenario>
slow_image,44,frontal_beta,-25.765238388140585,-25.805342703306685,18966.0,0.3535441086029355,-0.08302878026496119,scenario>
slow_image,44,frontal_gamma,-26.413816052242954,-26.429225469824146,18232.0,0.6460611889782888,-0.041114664230242015,scenario>
slow_image,44,parietal_delta,-25.530841523954447,-25.58622612897348,19455.0,0.21502915463670014,-0.11095248972133387,scenario>
slow_image,44,parietal_theta,-25.890899256815374,-25.952010362031984,19653.0,0.17186563146155398,-0.12225902238465047,scenario>
slow_image,44,parietal_alpha,-25.933609665547316,-26.03617918667539,20809.0,0.035371222028228975,-0.188270899954317,scenario>
slow_image,44,parietal_beta,-25.643849067960954,-25.628887157922502,16896.0,0.694422887820862,0.035175879396984966,control>
slow_image,44,parietal_gamma,-26.391606446492627,-26.3469362030039,14965.0,0.10408279266595229,0.1454431247144815,control>
slow_image,44,occipital_delta,-25.030536168449512,-25.12249634673567,19918.0,0.12469117737244399,-0.1373915029693924,scenario>
slow_image,44,occipital_theta,-25.39870358155323,-25.423839152613898,18001.0,0.7551935006557768,-0.02792370945637268,scenario>
slow_image,44,occipital_alpha,-25.598657893481878,-25.691008945679798,19696.0,0.1634143732232578,-0.12471448149840114,scenario>
slow_image,44,occipital_beta,-25.22981041958378,-25.244678198333617,18108.0,0.7038753115544074,-0.03403380539058931,scenario>
slow_image,44,occipital_gamma,-26.0266459451929,-26.006971773133145,17263.0,0.8739745437167257,0.01421882137962538,control>
slow_image,44,central_delta,-25.750986764202732,-25.788165448582493,19256.0,0.2657782785566476,-0.09958885335769763,scenario>
slow_image,44,central_theta,-26.127192112775962,-26.174785022127125,19718.0,0.1592134841948497,-0.1259707629054363,scenario>
slow_image,44,central_alpha,-26.17741234246671,-26.28931466231381,21807.0,0.006123683172098907,-0.24526039287345824,scenario>
slow_image,44,central_beta,-25.84815989187979,-25.905175068210703,20577.0,0.05046487383722285,-0.1750228414801278,scenario>
slow_image,44,central_gamma,-26.53757225126325,-26.55966708028362,19881.0,0.1305946699629411,-0.13527866605756045,scenario>
slow_image,44,FAA,0.17502570875449566,0.16574030829950992,18375.0,0.5819664522224948,-0.049280493375970735,scenario>
slow_image,44,theta_beta_ratio,-0.31552083338775144,-0.2804540232788894,17033.0,0.7600493854435129,0.027352672453174964,control>
slow_image,44,engagement_index,0.6713339282926637,0.6993948267259402,14829.0,0.08686345557419473,0.15320922795797165,control>
slow_image,44,spectral_entropy,3.1441972404863034,3.133970344052931,17652.0,0.9290503149554964,-0.007994518044769361,scenario>
slow_image,44,fixation_count,0.2727272727272727,0.28391959798994976,17359.5,0.8922431365113092,0.008708314298766506,control>
slow_image,44,fixation_mean_dur_ms,138.0,146.10562015503874,724.5,0.7489454330754018,0.06395348837209303,control>
slow_image,44,saccade_count,27.681818181818183,27.695979899497488,17775.0,0.8667325048841383,-0.015018273184102426,control>
slow_image,44,saccade_mean_amp_deg,1.6955238095238092,1.149077548553271,15352.0,0.5390753115231315,-0.05642719515551886,scenario>
slow_image,44,blink_count,0.20454545454545456,0.4057788944723618,15150.0,0.06127417024627294,0.1348789401553221,control>
slow_image,44,gaze_dispersion,0.17487954545454545,0.2543667305815465,12690.0,0.03334414347135478,0.19099834247099323,control>
slow_image,44,nan_ratio,0.21075,0.15614608022904636,20334.5,0.04597993415698662,-0.1611751941525812,scenario>
slow_image,44,n_samples,114.63636363636364,112.54522613065326,17247.0,0.8569648545353858,0.015132480584741925,scenario>
slow_image,44,blink_rate_per_sec,0.09297520661157024,0.1844449520328917,15150.0,0.06127417024627294,0.1348789401553221,control>
slow_image,44,velocity_mean,606.95975,583.057184012772,11517.0,0.9544373092747107,0.005440414507771996,scenario>
slow_image,44,velocity_max,1886.723,2024.9125030281734,10900.0,0.534483520958537,0.05872193436960271,control>
slow_image,44,acceleration_mean,626.05525,642.8846855722694,11549.0,0.9777561922124248,0.0026770293609671425,control>
slow_image,44,path_length_px,459.36499999999995,602.5141714790428,9965.0,0.13994828123749242,0.13946459412780654,control>
slow_image,44,auc_deviation,24.708025,103.13946878185713,6487.0,3.2132290279041847e-06,0.4398100172711572,control>
slow_image,44,x_flips,0.0,1.5941278065630398,3982.0,3.3769498040534768e-15,0.6873920552677029,control>
slow_image,44,y_flips,0.0,1.8721934369602764,3300.0,4.1237235516505073e-17,0.7409326424870466,control>
slow_image,44,idle_ratio,0.32239999999999996,0.28838210287383353,12744.0,0.2868665762598591,-0.10051813471502591,scenario>
slow_image,44,click_count,0.3181818181818182,0.6062176165803109,10417.0,0.020008579171644975,0.1822107081174439,control>
slow_image,44,rage_click_flag,0.022727272727272728,0.04145077720207254,12499.5,0.5429902744563898,0.018723504474799757,control>
coupon_expired,7,delta_power,-25.360692305952085,-25.587119695499197,3939.0,0.058174237782143964,-0.4138549892318737,scenario>
coupon_expired,7,theta_power,-25.8284014489468,-26.017464484522623,3837.0,0.08570223134664744,-0.3772433596554199,scenario>
coupon_expired,7,alpha_power,-26.090483001598443,-26.15469040070429,3385.0,0.3346931053775186,-0.21500358937544872,scenario>
coupon_expired,7,beta_power,-25.682892441563343,-25.654552243273766,2761.0,0.9687071061502344,0.008973438621679874,control>
coupon_expired,7,gamma_power,-26.363145349741927,-26.31145916659081,2460.0,0.6015228656346818,0.11701363962670497,control>
coupon_expired,7,frontal_delta,-25.36740679577296,-25.605974275734795,3798.0,0.09854302640620377,-0.3632447954055995,scenario>
coupon_expired,7,frontal_theta,-25.83904237363448,-26.08579672658557,3895.0,0.06903573316340388,-0.3980617372577171,scenario>
coupon_expired,7,frontal_alpha,-26.22427587708652,-26.300280842923176,3309.0,0.40042705567661296,-0.18772433596554206,scenario>
coupon_expired,7,frontal_beta,-25.65970287639139,-25.805342703306685,3651.0,0.16031554576759163,-0.31048097631012195,scenario>
coupon_expired,7,frontal_gamma,-26.403523909357194,-26.429225469824146,2983.0,0.7528670346437463,-0.07071069633883709,scenario>
coupon_expired,7,parietal_delta,-25.407575138974174,-25.58622612897348,3602.0,0.18607669667956964,-0.2928930366116296,scenario>
coupon_expired,7,parietal_theta,-25.760929451967932,-25.952010362031984,3569.0,0.2049924270443054,-0.28104809763101213,scenario>
coupon_expired,7,parietal_alpha,-26.022509987307036,-26.03617918667539,2950.0,0.7933783194361455,-0.05886575735821964,scenario>
coupon_expired,7,parietal_beta,-25.701966373608677,-25.628887157922502,2273.0,0.40959480938880793,0.18413496051687006,control>
coupon_expired,7,parietal_gamma,-26.40576220468282,-26.3469362030039,2352.0,0.4860959998038578,0.15577889447236182,control>
coupon_expired,7,occipital_delta,-25.15822372198434,-25.12249634673567,2730.0,0.9291838020367855,0.02010050251256279,control>
coupon_expired,7,occipital_theta,-25.072673603004457,-25.423839152613898,3848.0,0.08232436986971109,-0.38119167264895903,scenario>
coupon_expired,7,occipital_alpha,-25.454685485764223,-25.691008945679798,3759.0,0.11279760064809839,-0.3492462311557789,scenario>
coupon_expired,7,occipital_beta,-25.30412559549125,-25.244678198333617,2681.0,0.867087187508583,0.03768844221105527,control>
coupon_expired,7,occipital_gamma,-26.218789481224917,-26.006971773133145,1882.0,0.1417312058819484,0.32447954055994255,control>
coupon_expired,7,central_delta,-25.5081065668759,-25.788165448582493,3866.0,0.0770197753895264,-0.3876525484565685,scenario>
coupon_expired,7,central_theta,-26.01682885796101,-26.174785022127125,3696.0,0.13901848618054075,-0.3266331658291457,scenario>
coupon_expired,7,central_alpha,-26.240609163855968,-26.28931466231381,3406.0,0.3177774686218476,-0.22254127781765964,scenario>
coupon_expired,7,central_beta,-25.925434670765412,-25.905175068210703,2714.0,0.9088439799313636,0.025843503230437936,control>
coupon_expired,7,central_gamma,-26.567476637662214,-26.55966708028362,2871.0,0.8923592730898825,-0.030509691313711507,control>
coupon_expired,7,FAA,0.416079503557241,0.16574030829950992,3755.0,0.11434284351753816,-0.34781048097631007,scenario>
coupon_expired,7,theta_beta_ratio,-0.17933949724309325,-0.2804540232788894,3087.0,0.6298311869619211,-0.1080402010050252,scenario>
coupon_expired,7,engagement_index,0.6031000950200051,0.6993948267259402,1733.0,0.08508027199254586,0.3779612347451543,control>
coupon_expired,7,spectral_entropy,3.0321131042177023,3.133970344052931,1614.0,0.05392324831769787,0.4206748025843503,control>
coupon_expired,7,fixation_count,0.14285714285714285,0.28391959798994976,2560.5,0.6070729133917105,0.080940416367552,control>
coupon_expired,7,saccade_count,36.57142857142857,27.695979899497488,3809.5,0.09352747321137157,-0.3673725771715721,scenario>
coupon_expired,7,saccade_mean_amp_deg,0.8822857142857142,1.149077548553271,1905.0,0.33122468743244726,0.2134599504541701,control>
coupon_expired,7,blink_count,0.14285714285714285,0.4057788944723618,2291.5,0.3180655245696081,0.17749461593682703,control>
coupon_expired,7,gaze_dispersion,0.18645714285714285,0.2543667305815465,2150.0,0.5365415769463058,0.13844920857543574,control>
coupon_expired,7,nan_ratio,0.11342857142857143,0.15614608022904636,2856.0,0.8993302106401129,-0.025125628140703515,control>
coupon_expired,7,n_samples,135.57142857142858,112.54522613065326,4037.0,0.02892872550165859,-0.44903086862885866,scenario>
coupon_expired,7,blink_rate_per_sec,0.06493506493506493,0.1844449520328917,2291.5,0.3180655245696081,0.17749461593682703,control>
coupon_expired,7,velocity_mean,630.4733333333334,583.057184012772,2043.0,0.4582589252884207,-0.17616580310880825,scenario>
coupon_expired,7,velocity_max,2226.4483333333333,2024.9125030281734,2115.0,0.35939207944033247,-0.21761658031088094,scenario>
coupon_expired,7,acceleration_mean,305.175,642.8846855722694,1372.0,0.3854136406900315,0.21013241220495105,control>
coupon_expired,7,path_length_px,852.1333333333333,602.5141714790428,2382.0,0.11762312428940959,-0.37132987910189974,scenario>
coupon_expired,7,auc_deviation,75.10666666666667,103.13946878185713,1685.0,0.9004727387464071,0.029936672423719002,control>
coupon_expired,7,x_flips,0.0,1.5941278065630398,633.5,0.0012787070962436342,0.6873920552677029,control>
coupon_expired,7,y_flips,0.0,1.8721934369602764,525.0,0.0005722908308893125,0.7409326424870466,control>
coupon_expired,7,idle_ratio,0.253,0.28838210287383353,1866.0,0.7547314551479555,-0.07426597582037986,control>
coupon_expired,7,click_count,1.1428571428571428,0.6062176165803109,2571.0,0.16261155821368212,-0.2686898593634346,scenario>
coupon_expired,7,rage_click_flag,0.14285714285714285,0.04145077720207254,2232.0,0.18841191362190224,-0.10140636565507033,scenario>
price_change,17,delta_power,-25.560851190991883,-25.587119695499197,6536.0,0.8106859980664483,0.03399349689624598,scenario>
price_change,17,theta_power,-26.03640184884549,-26.017464484522623,5826.0,0.3267874483828348,0.13892994383683122,control>
price_change,17,alpha_power,-26.06621352657647,-26.15469040070429,8225.0,0.12793075707966853,-0.2156370085722732,scenario>
price_change,17,beta_power,-25.569912238963898,-25.654552243273766,8560.0,0.06121080026465285,-0.26514927579071834,scenario>
price_change,17,gamma_power,-26.236103976544733,-26.31145916659081,8593.0,0.05659657981605574,-0.2700266036062666,scenario>
price_change,17,frontal_delta,-25.622213565605257,-25.605974275734795,6470.0,0.7577560771774449,0.04374815252734254,control>
price_change,17,frontal_theta,-26.141142460241273,-26.08579672658557,5641.0,0.24051544718548667,0.16627253916642037,control>
price_change,17,frontal_alpha,-26.18993475774628,-26.300280842923176,8287.0,0.11250691444493248,-0.2248004729530002,scenario>
price_change,17,frontal_beta,-25.71104008844077,-25.805342703306685,7743.0,0.30809659947613444,-0.14439846290274905,scenario>
price_change,17,frontal_gamma,-26.392994824095183,-26.429225469824146,7390.0,0.5151888160110949,-0.09222583505764104,scenario>
price_change,17,parietal_delta,-25.606639816889942,-25.58622612897348,6191.0,0.5487490698363624,0.08498374224061489,control>
price_change,17,parietal_theta,-25.947969416490544,-25.952010362031984,6625.0,0.8834105028335625,0.02083949157552467,scenario>
price_change,17,parietal_alpha,-25.93206918012214,-26.03617918667539,7923.0,0.22739383481727427,-0.17100206916937633,scenario>
price_change,17,parietal_beta,-25.5094008188582,-25.628887157922502,8945.0,0.022977155084321844,-0.3220514336387821,scenario>
price_change,17,parietal_gamma,-26.26908235095285,-26.3469362030039,8629.0,0.051896829269259315,-0.2753473248595921,scenario>
price_change,17,occipital_delta,-24.913471177522634,-25.12249634673567,8561.0,0.06106653208760485,-0.2652970736033107,scenario>
price_change,17,occipital_theta,-25.25833504480346,-25.423839152613898,8168.0,0.14351697210134987,-0.20721253325450784,scenario>
price_change,17,occipital_alpha,-25.374270324762993,-25.691008945679798,9914.0,0.0010190630872875927,-0.46526751404079225,scenario>
price_change,17,occipital_beta,-24.96158458707736,-25.244678198333617,9554.0,0.003620544019781248,-0.4120603015075377,scenario>
price_change,17,occipital_gamma,-25.67860720073963,-26.006971773133145,9660.0,0.00252693622037384,-0.4277268696423293,scenario>
price_change,17,central_delta,-25.643812121021767,-25.788165448582493,7470.0,0.4627782813063174,-0.10404966006503114,scenario>
price_change,17,central_theta,-26.14872938225411,-26.174785022127125,7167.0,0.6759304638854389,-0.059266922849541936,scenario>
price_change,17,central_alpha,-26.189649545618895,-26.28931466231381,8012.0,0.19360322050249223,-0.18415607449009763,scenario>
price_change,17,central_beta,-25.820845562267557,-25.905175068210703,9056.0,0.016863481444079793,-0.3384569908365356,scenario>
price_change,17,central_gamma,-26.505184607738872,-26.55966708028362,8374.0,0.09337994983088124,-0.23765888264853685,scenario>
price_change,17,FAA,0.032127244122804446,0.16574030829950992,5796.0,0.31157735318263025,0.1433638782146024,control>
price_change,17,theta_beta_ratio,-0.43010237180050337,-0.2804540232788894,5924.0,0.3797714300480741,0.12444575820277859,control>
price_change,17,engagement_index,0.7458824507799438,0.6993948267259402,7533.0,0.4236898805397782,-0.11336092225835048,scenario>
price_change,17,spectral_entropy,3.136401034347903,3.133970344052931,7772.0,0.29395132562246573,-0.14868459946792778,scenario>
price_change,17,fixation_count,0.058823529411764705,0.28391959798994976,5680.5,0.11208907103452437,0.1604345255690216,control>
price_change,17,saccade_count,23.941176470588236,27.695979899497488,5698.5,0.26460222372191233,0.15777416494235885,control>
price_change,17,saccade_mean_amp_deg,1.1713571428571432,1.149077548553271,5243.0,0.5978719429250989,-0.08236994219653182,scenario>
price_change,17,blink_count,0.23529411764705882,0.4057788944723618,5892.5,0.2598763632348936,0.12910138929943837,control>
price_change,17,gaze_dispersion,0.1171529411764706,0.2543667305815465,3014.0,0.00039290033640385346,0.5026812969226961,control>
price_change,17,nan_ratio,0.38588235294117645,0.15614608022904636,9497.5,0.001594666382755473,-0.4037097250960686,scenario>
price_change,17,n_samples,126.17647058823529,112.54522613065326,7465.0,0.43600943735723374,-0.10331067100206925,scenario>
price_change,17,blink_rate_per_sec,0.10695187165775402,0.1844449520328917,5892.5,0.2598763632348936,0.12910138929943837,control>
price_change,17,velocity_mean,883.1270000000001,583.057184012772,4061.0,0.028930855109585898,-0.4027633851468049,scenario>
price_change,17,velocity_max,2668.884,2024.9125030281734,3672.0,0.14557298047646325,-0.2683937823834197,scenario>
price_change,17,acceleration_mean,3426.272,642.8846855722694,4110.0,0.022830143009457435,-0.4196891191709844,scenario>
price_change,17,path_length_px,571.9,602.5141714790428,3105.0,0.6945644205729579,-0.07253886010362698,control>
price_change,17,auc_deviation,23.6743,103.13946878185713,1871.5,0.05513577686132001,0.35354058721934367,control>
price_change,17,x_flips,0.0,1.5941278065630398,1538.5,6.213957758165322e-07,0.6873920552677029,control>
price_change,17,y_flips,0.0,1.8721934369602764,1275.0,9.92017183254447e-08,0.7409326424870466,control>
price_change,17,idle_ratio,0.2667,0.28838210287383353,3061.0,0.7561014618443087,-0.05734024179620034,control>
price_change,17,click_count,0.5294117647058824,0.6062176165803109,5081.5,0.7943140411052307,-0.03251041349182149,control>
price_change,17,rage_click_flag,0.058823529411764705,0.04145077720207254,5007.0,0.7264671578593038,-0.017372752209692255,scenario>
