roc_auc,pr_auc,balanced_accuracy,f1_positive,precision_positive,recall_positive,tn,fp,fn,tp,n,positives,positive_rate,ablation,test_subject
0.42943548387096775,0.1081612726905877,0.5,0.0,0.0,0.0,62,0,8,0,70,8,0.11428571428571428,eeg_only,14
0.014285714285714235,0.014285714285714285,0.5,0.0,0.0,0.0,70,0,1,0,71,1,0.014084507042253521,eeg_only,15
0.5034722222222222,0.062028698939076296,0.5,0.0,0.0,0.0,72,0,4,0,76,4,0.05263157894736842,eeg_only,16
0.62890625,0.16355558248940602,0.5,0.0,0.0,0.0,64,0,8,0,72,8,0.1111111111111111,eeg_only,17
0.17105263157894735,0.015625,0.5,0.0,0.0,0.0,76,0,1,0,77,1,0.012987012987012988,eeg_only,18
0.7464788732394366,0.05263157894736842,0.5,0.0,0.0,0.0,71,0,1,0,72,1,0.013888888888888888,eeg_only,20
,,1.0,0.0,0.0,0.0,67,0,0,0,67,0,0.0,eeg_only,21
0.6596638655462185,0.16246632372887754,0.5,0.0,0.0,0.0,68,0,7,0,75,7,0.09333333333333334,eeg_only,22
,,1.0,0.0,0.0,0.0,76,0,0,0,76,0,0.0,eeg_only,23
0.5221774193548386,0.1314745712957328,0.5,0.0,0.0,0.0,62,0,8,0,70,8,0.11428571428571428,eye_only,14
0.7428571428571429,0.05263157894736842,0.5,0.0,0.0,0.0,70,0,1,0,71,1,0.014084507042253521,eye_only,15
0.5347222222222221,0.06713891506259255,0.5,0.0,0.0,0.0,72,0,4,0,76,4,0.05263157894736842,eye_only,16
0.435546875,0.2165883462229843,0.5,0.0,0.0,0.0,64,0,8,0,72,8,0.1111111111111111,eye_only,17
0.3421052631578947,0.0196078431372549,0.5,0.0,0.0,0.0,76,0,1,0,77,1,0.012987012987012988,eye_only,18
0.47887323943661975,0.02631578947368421,0.5,0.0,0.0,0.0,71,0,1,0,72,1,0.013888888888888888,eye_only,20
,,1.0,0.0,0.0,0.0,67,0,0,0,67,0,0.0,eye_only,21
0.48109243697478987,0.23443601186666518,0.5,0.0,0.0,0.0,68,0,7,0,75,7,0.09333333333333334,eye_only,22
,,1.0,0.0,0.0,0.0,76,0,0,0,76,0,0.0,eye_only,23
0.4889112903225807,0.12703354571358488,0.5,0.0,0.0,0.0,62,0,8,0,70,8,0.11428571428571428,mouse_only,14
0.8428571428571427,0.07692307692307693,0.5,0.0,0.0,0.0,70,0,1,0,71,1,0.014084507042253521,mouse_only,15
0.3194444444444444,0.04585716064506323,0.5,0.0,0.0,0.0,72,0,4,0,76,4,0.05263157894736842,mouse_only,16
0.5703125,0.18352602978179014,0.5,0.0,0.0,0.0,64,0,8,0,72,8,0.1111111111111111,mouse_only,17
0.03947368421052633,0.013513513513513514,0.5,0.0,0.0,0.0,76,0,1,0,77,1,0.012987012987012988,mouse_only,18
0.2535211267605634,0.018518518518518517,0.5,0.0,0.0,0.0,71,0,1,0,72,1,0.013888888888888888,mouse_only,20
,,1.0,0.0,0.0,0.0,67,0,0,0,67,0,0.0,mouse_only,21
0.45378151260504196,0.10147206302668488,0.5,0.0,0.0,0.0,68,0,7,0,75,7,0.09333333333333334,mouse_only,22
,,1.0,0.0,0.0,0.0,76,0,0,0,76,0,0.0,mouse_only,23
0.4717741935483871,0.11727028051516543,0.5,0.0,0.0,0.0,62,0,8,0,70,8,0.11428571428571428,eeg_eye,14
0.15714285714285714,0.016666666666666666,0.5,0.0,0.0,0.0,70,0,1,0,71,1,0.014084507042253521,eeg_eye,15
0.5138888888888888,0.06809440559440559,0.5,0.0,0.0,0.0,72,0,4,0,76,4,0.05263157894736842,eeg_eye,16
0.677734375,0.17596712315462315,0.5,0.0,0.0,0.0,64,0,8,0,72,8,0.1111111111111111,eeg_eye,17
0.1842105263157895,0.015873015873015872,0.5,0.0,0.0,0.0,76,0,1,0,77,1,0.012987012987012988,eeg_eye,18
0.5774647887323944,0.03225806451612903,0.5,0.0,0.0,0.0,71,0,1,0,72,1,0.013888888888888888,eeg_eye,20
,,1.0,0.0,0.0,0.0,67,0,0,0,67,0,0.0,eeg_eye,21
0.6218487394957983,0.1402033471958284,0.5,0.0,0.0,0.0,68,0,7,0,75,7,0.09333333333333334,eeg_eye,22
,,1.0,0.0,0.0,0.0,76,0,0,0,76,0,0.0,eeg_eye,23
0.4334677419354839,0.1111951785545136,0.5,0.0,0.0,0.0,62,0,8,0,70,8,0.11428571428571428,eeg_mouse,14
0.5142857142857142,0.02857142857142857,0.5,0.0,0.0,0.0,70,0,1,0,71,1,0.014084507042253521,eeg_mouse,15
0.34375,0.04903326745718049,0.5,0.0,0.0,0.0,72,0,4,0,76,4,0.05263157894736842,eeg_mouse,16
0.68359375,0.19004833208587077,0.5,0.0,0.0,0.0,64,0,8,0,72,8,0.1111111111111111,eeg_mouse,17
0.17105263157894735,0.015625,0.5,0.0,0.0,0.0,76,0,1,0,77,1,0.012987012987012988,eeg_mouse,18
0.8169014084507042,0.07142857142857142,0.5,0.0,0.0,0.0,71,0,1,0,72,1,0.013888888888888888,eeg_mouse,20
,,1.0,0.0,0.0,0.0,67,0,0,0,67,0,0.0,eeg_mouse,21
0.638655462184874,0.17216927941274018,0.5,0.0,0.0,0.0,68,0,7,0,75,7,0.09333333333333334,eeg_mouse,22
,,1.0,0.0,0.0,0.0,76,0,0,0,76,0,0.0,eeg_mouse,23
0.4838709677419355,0.122603031796509,0.5,0.0,0.0,0.0,62,0,8,0,70,8,0.11428571428571428,eye_mouse,14
0.7714285714285715,0.058823529411764705,0.5,0.0,0.0,0.0,70,0,1,0,71,1,0.014084507042253521,eye_mouse,15
0.2361111111111111,0.04139957264957265,0.5,0.0,0.0,0.0,72,0,4,0,76,4,0.05263157894736842,eye_mouse,16
0.43359375,0.10477711332761044,0.5,0.0,0.0,0.0,64,0,8,0,72,8,0.1111111111111111,eye_mouse,17
0.09210526315789469,0.014285714285714285,0.5,0.0,0.0,0.0,76,0,1,0,77,1,0.012987012987012988,eye_mouse,18
0.07042253521126762,0.014925373134328358,0.5,0.0,0.0,0.0,71,0,1,0,72,1,0.013888888888888888,eye_mouse,20
,,1.0,0.0,0.0,0.0,67,0,0,0,67,0,0.0,eye_mouse,21
0.4726890756302521,0.10209783691792687,0.5,0.0,0.0,0.0,68,0,7,0,75,7,0.09333333333333334,eye_mouse,22
,,1.0,0.0,0.0,0.0,76,0,0,0,76,0,0.0,eye_mouse,23
0.4516129032258065,0.1174485016450404,0.5,0.0,0.0,0.0,62,0,8,0,70,8,0.11428571428571428,all_modalities,14
0.1428571428571429,0.01639344262295082,0.5,0.0,0.0,0.0,70,0,1,0,71,1,0.014084507042253521,all_modalities,15
0.4444444444444445,0.05670320820458879,0.5,0.0,0.0,0.0,72,0,4,0,76,4,0.05263157894736842,all_modalities,16
0.73828125,0.2674953742494065,0.5,0.0,0.0,0.0,64,0,8,0,72,8,0.1111111111111111,all_modalities,17
0.13157894736842102,0.014925373134328358,0.5,0.0,0.0,0.0,76,0,1,0,77,1,0.012987012987012988,all_modalities,18
0.7605633802816901,0.05555555555555555,0.5,0.0,0.0,0.0,71,0,1,0,72,1,0.013888888888888888,all_modalities,20
,,1.0,0.0,0.0,0.0,67,0,0,0,67,0,0.0,all_modalities,21
0.6491596638655461,0.15709927631739834,0.5,0.0,0.0,0.0,68,0,7,0,75,7,0.09333333333333334,all_modalities,22
,,1.0,0.0,0.0,0.0,76,0,0,0,76,0,0.0,all_modalities,23
