ablation,n,positives,positive_rate,pr_auc,roc_auc,threshold,balanced_accuracy,f1_positive,precision_positive,recall_positive,tn,fp,fn,tp
all_modalities,656,30,0.04573170731707317,0.06454287146833317,0.569062832800852,0.0,0.5,0.08746355685131195,0.04573170731707317,1.0,0,626,0,30
all_modalities,656,30,0.04573170731707317,0.06454287146833317,0.569062832800852,0.005,0.5071884984025559,0.08862629246676514,0.04636785162287481,1.0,9,617,0,30
all_modalities,656,30,0.04573170731707317,0.06454287146833317,0.569062832800852,0.01,0.5072949946751864,0.08854961832061069,0.0464,0.9666666666666667,30,596,1,29
all_modalities,656,30,0.04573170731707317,0.06454287146833317,0.569062832800852,0.015,0.5082002129925453,0.08860759493670886,0.046511627906976744,0.9333333333333333,52,574,2,28
all_modalities,656,30,0.04573170731707317,0.06454287146833317,0.569062832800852,0.02,0.5529286474973376,0.09722222222222222,0.05128205128205128,0.9333333333333333,108,518,2,28
all_modalities,656,30,0.04573170731707317,0.06454287146833317,0.569062832800852,0.025,0.5603301384451544,0.0994263862332696,0.05273833671399594,0.8666666666666667,159,467,4,26
all_modalities,656,30,0.04573170731707317,0.06454287146833317,0.569062832800852,0.03,0.5470713525026625,0.0970464135021097,0.0518018018018018,0.7666666666666667,205,421,7,23
all_modalities,656,30,0.04573170731707317,0.06454287146833317,0.569062832800852,0.035,0.4988817891373802,0.08470588235294117,0.04556962025316456,0.6,249,377,12,18
all_modalities,656,30,0.04573170731707317,0.06454287146833317,0.569062832800852,0.04,0.5165601703940362,0.08923884514435695,0.04843304843304843,0.5666666666666667,292,334,13,17
all_modalities,656,30,0.04573170731707317,0.06454287146833317,0.569062832800852,0.045,0.5294462193823216,0.09329446064139942,0.051118210862619806,0.5333333333333333,329,297,14,16
all_modalities,656,30,0.04573170731707317,0.06454287146833317,0.569062832800852,0.05,0.5375399361022364,0.09646302250803858,0.05338078291814947,0.5,360,266,15,15
all_modalities,656,30,0.04573170731707317,0.06454287146833317,0.569062832800852,0.055,0.5575079872204474,0.1048951048951049,0.05859375,0.5,385,241,15,15
all_modalities,656,30,0.04573170731707317,0.06454287146833317,0.569062832800852,0.06,0.54653887113951,0.1015625,0.05752212389380531,0.43333333333333335,413,213,17,13
all_modalities,656,30,0.04573170731707317,0.06454287146833317,0.569062832800852,0.065,0.5673056443024493,0.11304347826086956,0.065,0.43333333333333335,439,187,17,13
all_modalities,656,30,0.04573170731707317,0.06454287146833317,0.569062832800852,0.07,0.5443556975505858,0.10232558139534884,0.05945945945945946,0.36666666666666664,452,174,19,11
all_modalities,656,30,0.04573170731707317,0.06454287146833317,0.569062832800852,0.075,0.5293929712460064,0.09473684210526316,0.05625,0.3,475,151,21,9
all_modalities,656,30,0.04573170731707317,0.06454287146833317,0.569062832800852,0.08,0.5429712460063898,0.10404624277456648,0.06293706293706294,0.3,492,134,21,9
all_modalities,656,30,0.04573170731707317,0.06454287146833317,0.569062832800852,0.085,0.5573482428115016,0.11612903225806452,0.072,0.3,510,116,21,9
all_modalities,656,30,0.04573170731707317,0.06454287146833317,0.569062832800852,0.09,0.5486687965921193,0.1111111111111111,0.07017543859649122,0.26666666666666666,520,106,22,8
all_modalities,656,30,0.04573170731707317,0.06454287146833317,0.569062832800852,0.095,0.5582534611288605,0.12121212121212122,0.0784313725490196,0.26666666666666666,532,94,22,8
all_modalities,656,30,0.04573170731707317,0.06454287146833317,0.569062832800852,0.1,0.5670394036208732,0.1322314049586777,0.08791208791208792,0.26666666666666666,543,83,22,8
all_modalities,656,30,0.04573170731707317,0.06454287146833317,0.569062832800852,0.105,0.5607561235356763,0.1308411214953271,0.09090909090909091,0.23333333333333334,556,70,23,7
all_modalities,656,30,0.04573170731707317,0.06454287146833317,0.569062832800852,0.11,0.56395101171459,0.13592233009708737,0.0958904109589041,0.23333333333333334,560,66,23,7
all_modalities,656,30,0.04573170731707317,0.06454287146833317,0.569062832800852,0.115,0.5536741214057508,0.1276595744680851,0.09375,0.2,568,58,24,6
all_modalities,656,30,0.04573170731707317,0.06454287146833317,0.569062832800852,0.12,0.5417997870074548,0.11494252873563218,0.08771929824561403,0.16666666666666666,574,52,25,5
all_modalities,656,30,0.04573170731707317,0.06454287146833317,0.569062832800852,0.125,0.5291267305644303,0.09876543209876543,0.0784313725490196,0.13333333333333333,579,47,26,4
all_modalities,656,30,0.04573170731707317,0.06454287146833317,0.569062832800852,0.13,0.5315228966986155,0.10256410256410256,0.08333333333333333,0.13333333333333333,582,44,26,4
all_modalities,656,30,0.04573170731707317,0.06454287146833317,0.569062832800852,0.135,0.5371139510117146,0.11267605633802817,0.0975609756097561,0.13333333333333333,589,37,26,4
all_modalities,656,30,0.04573170731707317,0.06454287146833317,0.569062832800852,0.14,0.5061767838125666,0.06060606060606061,0.05555555555555555,0.06666666666666667,592,34,28,2
all_modalities,656,30,0.04573170731707317,0.06454287146833317,0.569062832800852,0.145,0.506975505857295,0.06153846153846154,0.05714285714285714,0.06666666666666667,593,33,28,2
all_modalities,656,30,0.04573170731707317,0.06454287146833317,0.569062832800852,0.15,0.512566560170394,0.06896551724137931,0.07142857142857142,0.06666666666666667,600,26,28,2
all_modalities,656,30,0.04573170731707317,0.06454287146833317,0.569062832800852,0.155,0.5165601703940362,0.07547169811320754,0.08695652173913043,0.06666666666666667,605,21,28,2
all_modalities,656,30,0.04573170731707317,0.06454287146833317,0.569062832800852,0.16,0.51975505857295,0.08163265306122448,0.10526315789473684,0.06666666666666667,609,17,28,2
all_modalities,656,30,0.04573170731707317,0.06454287146833317,0.569062832800852,0.165,0.5038871139510117,0.0425531914893617,0.058823529411764705,0.03333333333333333,610,16,29,1
all_modalities,656,30,0.04573170731707317,0.06454287146833317,0.569062832800852,0.17,0.48801916932907347,0.0,0.0,0.0,611,15,30,0
all_modalities,656,30,0.04573170731707317,0.06454287146833317,0.569062832800852,0.17500000000000002,0.48881789137380194,0.0,0.0,0.0,612,14,30,0
all_modalities,656,30,0.04573170731707317,0.06454287146833317,0.569062832800852,0.18,0.4904153354632588,0.0,0.0,0.0,614,12,30,0
all_modalities,656,30,0.04573170731707317,0.06454287146833317,0.569062832800852,0.185,0.49121405750798725,0.0,0.0,0.0,615,11,30,0
all_modalities,656,30,0.04573170731707317,0.06454287146833317,0.569062832800852,0.19,0.4928115015974441,0.0,0.0,0.0,617,9,30,0
all_modalities,656,30,0.04573170731707317,0.06454287146833317,0.569062832800852,0.195,0.4928115015974441,0.0,0.0,0.0,617,9,30,0
all_modalities,656,30,0.04573170731707317,0.06454287146833317,0.569062832800852,0.2,0.4952076677316294,0.0,0.0,0.0,620,6,30,0
all_modalities,656,30,0.04573170731707317,0.06454287146833317,0.569062832800852,0.20500000000000002,0.4976038338658147,0.0,0.0,0.0,623,3,30,0
all_modalities,656,30,0.04573170731707317,0.06454287146833317,0.569062832800852,0.21,0.4984025559105431,0.0,0.0,0.0,624,2,30,0
all_modalities,656,30,0.04573170731707317,0.06454287146833317,0.569062832800852,0.215,0.4984025559105431,0.0,0.0,0.0,624,2,30,0
all_modalities,656,30,0.04573170731707317,0.06454287146833317,0.569062832800852,0.22,0.4992012779552716,0.0,0.0,0.0,625,1,30,0
all_modalities,656,30,0.04573170731707317,0.06454287146833317,0.569062832800852,0.225,0.4992012779552716,0.0,0.0,0.0,625,1,30,0
all_modalities,656,30,0.04573170731707317,0.06454287146833317,0.569062832800852,0.23,0.5,0.0,0.0,0.0,626,0,30,0
all_modalities,656,30,0.04573170731707317,0.06454287146833317,0.569062832800852,0.23500000000000001,0.5,0.0,0.0,0.0,626,0,30,0
all_modalities,656,30,0.04573170731707317,0.06454287146833317,0.569062832800852,0.24,0.5,0.0,0.0,0.0,626,0,30,0
all_modalities,656,30,0.04573170731707317,0.06454287146833317,0.569062832800852,0.245,0.5,0.0,0.0,0.0,626,0,30,0
all_modalities,656,30,0.04573170731707317,0.06454287146833317,0.569062832800852,0.25,0.5,0.0,0.0,0.0,626,0,30,0
all_modalities,656,30,0.04573170731707317,0.06454287146833317,0.569062832800852,0.255,0.5,0.0,0.0,0.0,626,0,30,0
all_modalities,656,30,0.04573170731707317,0.06454287146833317,0.569062832800852,0.26,0.5,0.0,0.0,0.0,626,0,30,0
all_modalities,656,30,0.04573170731707317,0.06454287146833317,0.569062832800852,0.265,0.5,0.0,0.0,0.0,626,0,30,0
all_modalities,656,30,0.04573170731707317,0.06454287146833317,0.569062832800852,0.27,0.5,0.0,0.0,0.0,626,0,30,0
all_modalities,656,30,0.04573170731707317,0.06454287146833317,0.569062832800852,0.275,0.5,0.0,0.0,0.0,626,0,30,0
all_modalities,656,30,0.04573170731707317,0.06454287146833317,0.569062832800852,0.28,0.5,0.0,0.0,0.0,626,0,30,0
all_modalities,656,30,0.04573170731707317,0.06454287146833317,0.569062832800852,0.28500000000000003,0.5,0.0,0.0,0.0,626,0,30,0
all_modalities,656,30,0.04573170731707317,0.06454287146833317,0.569062832800852,0.29,0.5,0.0,0.0,0.0,626,0,30,0
all_modalities,656,30,0.04573170731707317,0.06454287146833317,0.569062832800852,0.295,0.5,0.0,0.0,0.0,626,0,30,0
all_modalities,656,30,0.04573170731707317,0.06454287146833317,0.569062832800852,0.3,0.5,0.0,0.0,0.0,626,0,30,0
all_modalities,656,30,0.04573170731707317,0.06454287146833317,0.569062832800852,0.305,0.5,0.0,0.0,0.0,626,0,30,0
all_modalities,656,30,0.04573170731707317,0.06454287146833317,0.569062832800852,0.31,0.5,0.0,0.0,0.0,626,0,30,0
all_modalities,656,30,0.04573170731707317,0.06454287146833317,0.569062832800852,0.315,0.5,0.0,0.0,0.0,626,0,30,0
all_modalities,656,30,0.04573170731707317,0.06454287146833317,0.569062832800852,0.32,0.5,0.0,0.0,0.0,626,0,30,0
all_modalities,656,30,0.04573170731707317,0.06454287146833317,0.569062832800852,0.325,0.5,0.0,0.0,0.0,626,0,30,0
all_modalities,656,30,0.04573170731707317,0.06454287146833317,0.569062832800852,0.33,0.5,0.0,0.0,0.0,626,0,30,0
all_modalities,656,30,0.04573170731707317,0.06454287146833317,0.569062832800852,0.335,0.5,0.0,0.0,0.0,626,0,30,0
all_modalities,656,30,0.04573170731707317,0.06454287146833317,0.569062832800852,0.34,0.5,0.0,0.0,0.0,626,0,30,0
all_modalities,656,30,0.04573170731707317,0.06454287146833317,0.569062832800852,0.34500000000000003,0.5,0.0,0.0,0.0,626,0,30,0
all_modalities,656,30,0.04573170731707317,0.06454287146833317,0.569062832800852,0.35000000000000003,0.5,0.0,0.0,0.0,626,0,30,0
all_modalities,656,30,0.04573170731707317,0.06454287146833317,0.569062832800852,0.355,0.5,0.0,0.0,0.0,626,0,30,0
all_modalities,656,30,0.04573170731707317,0.06454287146833317,0.569062832800852,0.36,0.5,0.0,0.0,0.0,626,0,30,0
all_modalities,656,30,0.04573170731707317,0.06454287146833317,0.569062832800852,0.365,0.5,0.0,0.0,0.0,626,0,30,0
all_modalities,656,30,0.04573170731707317,0.06454287146833317,0.569062832800852,0.37,0.5,0.0,0.0,0.0,626,0,30,0
all_modalities,656,30,0.04573170731707317,0.06454287146833317,0.569062832800852,0.375,0.5,0.0,0.0,0.0,626,0,30,0
all_modalities,656,30,0.04573170731707317,0.06454287146833317,0.569062832800852,0.38,0.5,0.0,0.0,0.0,626,0,30,0
all_modalities,656,30,0.04573170731707317,0.06454287146833317,0.569062832800852,0.385,0.5,0.0,0.0,0.0,626,0,30,0
all_modalities,656,30,0.04573170731707317,0.06454287146833317,0.569062832800852,0.39,0.5,0.0,0.0,0.0,626,0,30,0
all_modalities,656,30,0.04573170731707317,0.06454287146833317,0.569062832800852,0.395,0.5,0.0,0.0,0.0,626,0,30,0
all_modalities,656,30,0.04573170731707317,0.06454287146833317,0.569062832800852,0.4,0.5,0.0,0.0,0.0,626,0,30,0
all_modalities,656,30,0.04573170731707317,0.06454287146833317,0.569062832800852,0.405,0.5,0.0,0.0,0.0,626,0,30,0
all_modalities,656,30,0.04573170731707317,0.06454287146833317,0.569062832800852,0.41000000000000003,0.5,0.0,0.0,0.0,626,0,30,0
all_modalities,656,30,0.04573170731707317,0.06454287146833317,0.569062832800852,0.41500000000000004,0.5,0.0,0.0,0.0,626,0,30,0
all_modalities,656,30,0.04573170731707317,0.06454287146833317,0.569062832800852,0.42,0.5,0.0,0.0,0.0,626,0,30,0
all_modalities,656,30,0.04573170731707317,0.06454287146833317,0.569062832800852,0.425,0.5,0.0,0.0,0.0,626,0,30,0
all_modalities,656,30,0.04573170731707317,0.06454287146833317,0.569062832800852,0.43,0.5,0.0,0.0,0.0,626,0,30,0
all_modalities,656,30,0.04573170731707317,0.06454287146833317,0.569062832800852,0.435,0.5,0.0,0.0,0.0,626,0,30,0
all_modalities,656,30,0.04573170731707317,0.06454287146833317,0.569062832800852,0.44,0.5,0.0,0.0,0.0,626,0,30,0
all_modalities,656,30,0.04573170731707317,0.06454287146833317,0.569062832800852,0.445,0.5,0.0,0.0,0.0,626,0,30,0
all_modalities,656,30,0.04573170731707317,0.06454287146833317,0.569062832800852,0.45,0.5,0.0,0.0,0.0,626,0,30,0
all_modalities,656,30,0.04573170731707317,0.06454287146833317,0.569062832800852,0.455,0.5,0.0,0.0,0.0,626,0,30,0
all_modalities,656,30,0.04573170731707317,0.06454287146833317,0.569062832800852,0.46,0.5,0.0,0.0,0.0,626,0,30,0
all_modalities,656,30,0.04573170731707317,0.06454287146833317,0.569062832800852,0.465,0.5,0.0,0.0,0.0,626,0,30,0
all_modalities,656,30,0.04573170731707317,0.06454287146833317,0.569062832800852,0.47000000000000003,0.5,0.0,0.0,0.0,626,0,30,0
all_modalities,656,30,0.04573170731707317,0.06454287146833317,0.569062832800852,0.47500000000000003,0.5,0.0,0.0,0.0,626,0,30,0
all_modalities,656,30,0.04573170731707317,0.06454287146833317,0.569062832800852,0.48,0.5,0.0,0.0,0.0,626,0,30,0
all_modalities,656,30,0.04573170731707317,0.06454287146833317,0.569062832800852,0.485,0.5,0.0,0.0,0.0,626,0,30,0
all_modalities,656,30,0.04573170731707317,0.06454287146833317,0.569062832800852,0.49,0.5,0.0,0.0,0.0,626,0,30,0
all_modalities,656,30,0.04573170731707317,0.06454287146833317,0.569062832800852,0.495,0.5,0.0,0.0,0.0,626,0,30,0
all_modalities,656,30,0.04573170731707317,0.06454287146833317,0.569062832800852,0.5,0.5,0.0,0.0,0.0,626,0,30,0
eeg_eye,656,30,0.04573170731707317,0.06227208626248773,0.5664004259850905,0.0,0.5,0.08746355685131195,0.04573170731707317,1.0,0,626,0,30
eeg_eye,656,30,0.04573170731707317,0.06227208626248773,0.5664004259850905,0.005,0.5047923322683706,0.08823529411764706,0.046153846153846156,1.0,6,620,0,30
eeg_eye,656,30,0.04573170731707317,0.06227208626248773,0.5664004259850905,0.01,0.5231629392971247,0.091324200913242,0.04784688995215311,1.0,29,597,0,30
eeg_eye,656,30,0.04573170731707317,0.06227208626248773,0.5664004259850905,0.015,0.511395101171459,0.08917197452229299,0.046822742474916385,0.9333333333333333,56,570,2,28
eeg_eye,656,30,0.04573170731707317,0.06227208626248773,0.5664004259850905,0.02,0.517199148029819,0.09012131715771231,0.04753199268738574,0.8666666666666667,105,521,4,26
eeg_eye,656,30,0.04573170731707317,0.06227208626248773,0.5664004259850905,0.025,0.5214057507987221,0.09090909090909091,0.04819277108433735,0.8,152,474,6,24
eeg_eye,656,30,0.04573170731707317,0.06227208626248773,0.5664004259850905,0.03,0.5621405750798723,0.10062893081761007,0.053691275167785234,0.8,203,423,6,24
eeg_eye,656,30,0.04573170731707317,0.06227208626248773,0.5664004259850905,0.035,0.5163471778487753,0.08941176470588236,0.04810126582278481,0.6333333333333333,250,376,11,19
eeg_eye,656,30,0.04573170731707317,0.06227208626248773,0.5664004259850905,0.04,0.4958998935037274,0.08311688311688312,0.04507042253521127,0.5333333333333333,287,339,14,16
eeg_eye,656,30,0.04573170731707317,0.06227208626248773,0.5664004259850905,0.045,0.5079872204472844,0.08620689655172414,0.04716981132075472,0.5,323,303,15,15
eeg_eye,656,30,0.04573170731707317,0.06227208626248773,0.5664004259850905,0.05,0.5415335463258786,0.09803921568627451,0.05434782608695652,0.5,365,261,15,15
eeg_eye,656,30,0.04573170731707317,0.06227208626248773,0.5664004259850905,0.055,0.5400425985090522,0.0979020979020979,0.0546875,0.4666666666666667,384,242,16,14
eeg_eye,656,30,0.04573170731707317,0.06227208626248773,0.5664004259850905,0.06,0.5576144834930777,0.10606060606060606,0.05982905982905983,0.4666666666666667,406,220,16,14
eeg_eye,656,30,0.04573170731707317,0.06227208626248773,0.5664004259850905,0.065,0.5649094781682642,0.11158798283261803,0.06403940886699508,0.43333333333333335,436,190,17,13
eeg_eye,656,30,0.04573170731707317,0.06227208626248773,0.5664004259850905,0.07,0.5840788072417465,0.12440191387559808,0.07262569832402235,0.43333333333333335,460,166,17,13
eeg_eye,656,30,0.04573170731707317,0.06227208626248773,0.5664004259850905,0.075,0.5468583599574015,0.10526315789473684,0.0625,0.3333333333333333,476,150,20,10
eeg_eye,656,30,0.04573170731707317,0.06227208626248773,0.5664004259850905,0.08,0.5580404685835996,0.11363636363636363,0.0684931506849315,0.3333333333333333,490,136,20,10
eeg_eye,656,30,0.04573170731707317,0.06227208626248773,0.5664004259850905,0.085,0.5636315228966986,0.11834319526627218,0.07194244604316546,0.3333333333333333,497,129,20,10
eeg_eye,656,30,0.04573170731707317,0.06227208626248773,0.5664004259850905,0.09,0.5605431309904153,0.11920529801324503,0.0743801652892562,0.3,514,112,21,9
eeg_eye,656,30,0.04573170731707317,0.06227208626248773,0.5664004259850905,0.095,0.5701277955271565,0.12949640287769784,0.08256880733944955,0.3,526,100,21,9
eeg_eye,656,30,0.04573170731707317,0.06227208626248773,0.5664004259850905,0.1,0.5781150159744409,0.13953488372093023,0.09090909090909091,0.3,536,90,21,9
eeg_eye,656,30,0.04573170731707317,0.06227208626248773,0.5664004259850905,0.105,0.5654419595314164,0.13008130081300814,0.08602150537634409,0.26666666666666666,541,85,22,8
eeg_eye,656,30,0.04573170731707317,0.06227208626248773,0.5664004259850905,0.11,0.5543663471778488,0.12173913043478261,0.08235294117647059,0.23333333333333334,548,78,23,7
eeg_eye,656,30,0.04573170731707317,0.06227208626248773,0.5664004259850905,0.115,0.5623535676251331,0.13333333333333333,0.09333333333333334,0.23333333333333334,558,68,23,7
eeg_eye,656,30,0.04573170731707317,0.06227208626248773,0.5664004259850905,0.12,0.5679446219382321,0.14285714285714285,0.10294117647058823,0.23333333333333334,565,61,23,7
eeg_eye,656,30,0.04573170731707317,0.06227208626248773,0.5664004259850905,0.125,0.5235356762513312,0.09090909090909091,0.06896551724137931,0.13333333333333333,572,54,26,4
eeg_eye,656,30,0.04573170731707317,0.06227208626248773,0.5664004259850905,0.13,0.5100638977635783,0.07228915662650602,0.05660377358490566,0.1,576,50,27,3
eeg_eye,656,30,0.04573170731707317,0.06227208626248773,0.5664004259850905,0.135,0.5116613418530351,0.07407407407407407,0.058823529411764705,0.1,578,48,27,3
eeg_eye,656,30,0.04573170731707317,0.06227208626248773,0.5664004259850905,0.14,0.5140575079872205,0.07692307692307693,0.0625,0.1,581,45,27,3
eeg_eye,656,30,0.04573170731707317,0.06227208626248773,0.5664004259850905,0.145,0.5156549520766773,0.07894736842105263,0.06521739130434782,0.1,583,43,27,3
eeg_eye,656,30,0.04573170731707317,0.06227208626248773,0.5664004259850905,0.15,0.501384451544196,0.05555555555555555,0.047619047619047616,0.06666666666666667,586,40,28,2
eeg_eye,656,30,0.04573170731707317,0.06227208626248773,0.5664004259850905,0.155,0.5085729499467518,0.06349206349206349,0.06060606060606061,0.06666666666666667,595,31,28,2
eeg_eye,656,30,0.04573170731707317,0.06227208626248773,0.5664004259850905,0.16,0.5117678381256656,0.06779661016949153,0.06896551724137931,0.06666666666666667,599,27,28,2
eeg_eye,656,30,0.04573170731707317,0.06227208626248773,0.5664004259850905,0.165,0.4792332268370607,0.0,0.0,0.0,600,26,30,0
eeg_eye,656,30,0.04573170731707317,0.06227208626248773,0.5664004259850905,0.17,0.4792332268370607,0.0,0.0,0.0,600,26,30,0
eeg_eye,656,30,0.04573170731707317,0.06227208626248773,0.5664004259850905,0.17500000000000002,0.481629392971246,0.0,0.0,0.0,603,23,30,0
eeg_eye,656,30,0.04573170731707317,0.06227208626248773,0.5664004259850905,0.18,0.48322683706070285,0.0,0.0,0.0,605,21,30,0
eeg_eye,656,30,0.04573170731707317,0.06227208626248773,0.5664004259850905,0.185,0.48482428115015974,0.0,0.0,0.0,607,19,30,0
eeg_eye,656,30,0.04573170731707317,0.06227208626248773,0.5664004259850905,0.19,0.48562300319488816,0.0,0.0,0.0,608,18,30,0
eeg_eye,656,30,0.04573170731707317,0.06227208626248773,0.5664004259850905,0.195,0.48642172523961663,0.0,0.0,0.0,609,17,30,0
eeg_eye,656,30,0.04573170731707317,0.06227208626248773,0.5664004259850905,0.2,0.49121405750798725,0.0,0.0,0.0,615,11,30,0
eeg_eye,656,30,0.04573170731707317,0.06227208626248773,0.5664004259850905,0.20500000000000002,0.49440894568690097,0.0,0.0,0.0,619,7,30,0
eeg_eye,656,30,0.04573170731707317,0.06227208626248773,0.5664004259850905,0.21,0.4960063897763578,0.0,0.0,0.0,621,5,30,0
eeg_eye,656,30,0.04573170731707317,0.06227208626248773,0.5664004259850905,0.215,0.4968051118210863,0.0,0.0,0.0,622,4,30,0
eeg_eye,656,30,0.04573170731707317,0.06227208626248773,0.5664004259850905,0.22,0.4976038338658147,0.0,0.0,0.0,623,3,30,0
eeg_eye,656,30,0.04573170731707317,0.06227208626248773,0.5664004259850905,0.225,0.4976038338658147,0.0,0.0,0.0,623,3,30,0
eeg_eye,656,30,0.04573170731707317,0.06227208626248773,0.5664004259850905,0.23,0.4984025559105431,0.0,0.0,0.0,624,2,30,0
eeg_eye,656,30,0.04573170731707317,0.06227208626248773,0.5664004259850905,0.23500000000000001,0.4984025559105431,0.0,0.0,0.0,624,2,30,0
eeg_eye,656,30,0.04573170731707317,0.06227208626248773,0.5664004259850905,0.24,0.4984025559105431,0.0,0.0,0.0,624,2,30,0
eeg_eye,656,30,0.04573170731707317,0.06227208626248773,0.5664004259850905,0.245,0.4992012779552716,0.0,0.0,0.0,625,1,30,0
eeg_eye,656,30,0.04573170731707317,0.06227208626248773,0.5664004259850905,0.25,0.4992012779552716,0.0,0.0,0.0,625,1,30,0
eeg_eye,656,30,0.04573170731707317,0.06227208626248773,0.5664004259850905,0.255,0.5,0.0,0.0,0.0,626,0,30,0
eeg_eye,656,30,0.04573170731707317,0.06227208626248773,0.5664004259850905,0.26,0.5,0.0,0.0,0.0,626,0,30,0
eeg_eye,656,30,0.04573170731707317,0.06227208626248773,0.5664004259850905,0.265,0.5,0.0,0.0,0.0,626,0,30,0
eeg_eye,656,30,0.04573170731707317,0.06227208626248773,0.5664004259850905,0.27,0.5,0.0,0.0,0.0,626,0,30,0
eeg_eye,656,30,0.04573170731707317,0.06227208626248773,0.5664004259850905,0.275,0.5,0.0,0.0,0.0,626,0,30,0
eeg_eye,656,30,0.04573170731707317,0.06227208626248773,0.5664004259850905,0.28,0.5,0.0,0.0,0.0,626,0,30,0
eeg_eye,656,30,0.04573170731707317,0.06227208626248773,0.5664004259850905,0.28500000000000003,0.5,0.0,0.0,0.0,626,0,30,0
eeg_eye,656,30,0.04573170731707317,0.06227208626248773,0.5664004259850905,0.29,0.5,0.0,0.0,0.0,626,0,30,0
eeg_eye,656,30,0.04573170731707317,0.06227208626248773,0.5664004259850905,0.295,0.5,0.0,0.0,0.0,626,0,30,0
eeg_eye,656,30,0.04573170731707317,0.06227208626248773,0.5664004259850905,0.3,0.5,0.0,0.0,0.0,626,0,30,0
eeg_eye,656,30,0.04573170731707317,0.06227208626248773,0.5664004259850905,0.305,0.5,0.0,0.0,0.0,626,0,30,0
eeg_eye,656,30,0.04573170731707317,0.06227208626248773,0.5664004259850905,0.31,0.5,0.0,0.0,0.0,626,0,30,0
eeg_eye,656,30,0.04573170731707317,0.06227208626248773,0.5664004259850905,0.315,0.5,0.0,0.0,0.0,626,0,30,0
eeg_eye,656,30,0.04573170731707317,0.06227208626248773,0.5664004259850905,0.32,0.5,0.0,0.0,0.0,626,0,30,0
eeg_eye,656,30,0.04573170731707317,0.06227208626248773,0.5664004259850905,0.325,0.5,0.0,0.0,0.0,626,0,30,0
eeg_eye,656,30,0.04573170731707317,0.06227208626248773,0.5664004259850905,0.33,0.5,0.0,0.0,0.0,626,0,30,0
eeg_eye,656,30,0.04573170731707317,0.06227208626248773,0.5664004259850905,0.335,0.5,0.0,0.0,0.0,626,0,30,0
eeg_eye,656,30,0.04573170731707317,0.06227208626248773,0.5664004259850905,0.34,0.5,0.0,0.0,0.0,626,0,30,0
eeg_eye,656,30,0.04573170731707317,0.06227208626248773,0.5664004259850905,0.34500000000000003,0.5,0.0,0.0,0.0,626,0,30,0
eeg_eye,656,30,0.04573170731707317,0.06227208626248773,0.5664004259850905,0.35000000000000003,0.5,0.0,0.0,0.0,626,0,30,0
eeg_eye,656,30,0.04573170731707317,0.06227208626248773,0.5664004259850905,0.355,0.5,0.0,0.0,0.0,626,0,30,0
eeg_eye,656,30,0.04573170731707317,0.06227208626248773,0.5664004259850905,0.36,0.5,0.0,0.0,0.0,626,0,30,0
eeg_eye,656,30,0.04573170731707317,0.06227208626248773,0.5664004259850905,0.365,0.5,0.0,0.0,0.0,626,0,30,0
eeg_eye,656,30,0.04573170731707317,0.06227208626248773,0.5664004259850905,0.37,0.5,0.0,0.0,0.0,626,0,30,0
eeg_eye,656,30,0.04573170731707317,0.06227208626248773,0.5664004259850905,0.375,0.5,0.0,0.0,0.0,626,0,30,0
eeg_eye,656,30,0.04573170731707317,0.06227208626248773,0.5664004259850905,0.38,0.5,0.0,0.0,0.0,626,0,30,0
eeg_eye,656,30,0.04573170731707317,0.06227208626248773,0.5664004259850905,0.385,0.5,0.0,0.0,0.0,626,0,30,0
eeg_eye,656,30,0.04573170731707317,0.06227208626248773,0.5664004259850905,0.39,0.5,0.0,0.0,0.0,626,0,30,0
eeg_eye,656,30,0.04573170731707317,0.06227208626248773,0.5664004259850905,0.395,0.5,0.0,0.0,0.0,626,0,30,0
eeg_eye,656,30,0.04573170731707317,0.06227208626248773,0.5664004259850905,0.4,0.5,0.0,0.0,0.0,626,0,30,0
eeg_eye,656,30,0.04573170731707317,0.06227208626248773,0.5664004259850905,0.405,0.5,0.0,0.0,0.0,626,0,30,0
eeg_eye,656,30,0.04573170731707317,0.06227208626248773,0.5664004259850905,0.41000000000000003,0.5,0.0,0.0,0.0,626,0,30,0
eeg_eye,656,30,0.04573170731707317,0.06227208626248773,0.5664004259850905,0.41500000000000004,0.5,0.0,0.0,0.0,626,0,30,0
eeg_eye,656,30,0.04573170731707317,0.06227208626248773,0.5664004259850905,0.42,0.5,0.0,0.0,0.0,626,0,30,0
eeg_eye,656,30,0.04573170731707317,0.06227208626248773,0.5664004259850905,0.425,0.5,0.0,0.0,0.0,626,0,30,0
eeg_eye,656,30,0.04573170731707317,0.06227208626248773,0.5664004259850905,0.43,0.5,0.0,0.0,0.0,626,0,30,0
eeg_eye,656,30,0.04573170731707317,0.06227208626248773,0.5664004259850905,0.435,0.5,0.0,0.0,0.0,626,0,30,0
eeg_eye,656,30,0.04573170731707317,0.06227208626248773,0.5664004259850905,0.44,0.5,0.0,0.0,0.0,626,0,30,0
eeg_eye,656,30,0.04573170731707317,0.06227208626248773,0.5664004259850905,0.445,0.5,0.0,0.0,0.0,626,0,30,0
eeg_eye,656,30,0.04573170731707317,0.06227208626248773,0.5664004259850905,0.45,0.5,0.0,0.0,0.0,626,0,30,0
eeg_eye,656,30,0.04573170731707317,0.06227208626248773,0.5664004259850905,0.455,0.5,0.0,0.0,0.0,626,0,30,0
eeg_eye,656,30,0.04573170731707317,0.06227208626248773,0.5664004259850905,0.46,0.5,0.0,0.0,0.0,626,0,30,0
eeg_eye,656,30,0.04573170731707317,0.06227208626248773,0.5664004259850905,0.465,0.5,0.0,0.0,0.0,626,0,30,0
eeg_eye,656,30,0.04573170731707317,0.06227208626248773,0.5664004259850905,0.47000000000000003,0.5,0.0,0.0,0.0,626,0,30,0
eeg_eye,656,30,0.04573170731707317,0.06227208626248773,0.5664004259850905,0.47500000000000003,0.5,0.0,0.0,0.0,626,0,30,0
eeg_eye,656,30,0.04573170731707317,0.06227208626248773,0.5664004259850905,0.48,0.5,0.0,0.0,0.0,626,0,30,0
eeg_eye,656,30,0.04573170731707317,0.06227208626248773,0.5664004259850905,0.485,0.5,0.0,0.0,0.0,626,0,30,0
eeg_eye,656,30,0.04573170731707317,0.06227208626248773,0.5664004259850905,0.49,0.5,0.0,0.0,0.0,626,0,30,0
eeg_eye,656,30,0.04573170731707317,0.06227208626248773,0.5664004259850905,0.495,0.5,0.0,0.0,0.0,626,0,30,0
eeg_eye,656,30,0.04573170731707317,0.06227208626248773,0.5664004259850905,0.5,0.5,0.0,0.0,0.0,626,0,30,0
eeg_mouse,656,30,0.04573170731707317,0.05953895037922175,0.5363684771033014,0.0,0.5,0.08746355685131195,0.04573170731707317,1.0,0,626,0,30
eeg_mouse,656,30,0.04573170731707317,0.05953895037922175,0.5363684771033014,0.005,0.5119808306709265,0.08941877794336811,0.046801872074883,1.0,15,611,0,30
eeg_mouse,656,30,0.04573170731707317,0.05953895037922175,0.5363684771033014,0.01,0.5216719914802982,0.09105180533751962,0.047775947281713346,0.9666666666666667,48,578,1,29
eeg_mouse,656,30,0.04573170731707317,0.05953895037922175,0.5363684771033014,0.015,0.5337593184238552,0.09333333333333334,0.04912280701754386,0.9333333333333333,84,542,2,28
eeg_mouse,656,30,0.04573170731707317,0.05953895037922175,0.5363684771033014,0.02,0.5475505857294994,0.09647495361781076,0.05108055009823183,0.8666666666666667,143,483,4,26
eeg_mouse,656,30,0.04573170731707317,0.05953895037922175,0.5363684771033014,0.025,0.5294994675186369,0.09274193548387097,0.04935622317596566,0.7666666666666667,183,443,7,23
eeg_mouse,656,30,0.04573170731707317,0.05953895037922175,0.5363684771033014,0.03,0.5289137380191693,0.09271523178807947,0.04964539007092199,0.7,224,402,9,21
eeg_mouse,656,30,0.04573170731707317,0.05953895037922175,0.5363684771033014,0.035,0.4473908413205538,0.06965174129353234,0.03763440860215054,0.4666666666666667,268,358,16,14
eeg_mouse,656,30,0.04573170731707317,0.05953895037922175,0.5363684771033014,0.04,0.48253461128860486,0.0782122905027933,0.042682926829268296,0.4666666666666667,312,314,16,14
eeg_mouse,656,30,0.04573170731707317,0.05953895037922175,0.5363684771033014,0.045,0.5080937167199149,0.08588957055214724,0.0472972972972973,0.4666666666666667,344,282,16,14
eeg_mouse,656,30,0.04573170731707317,0.05953895037922175,0.5363684771033014,0.05,0.530457933972311,0.09395973154362416,0.05223880597014925,0.4666666666666667,372,254,16,14
eeg_mouse,656,30,0.04573170731707317,0.05953895037922175,0.5363684771033014,0.055,0.5210862619808307,0.09022556390977443,0.05084745762711865,0.4,402,224,18,12
eeg_mouse,656,30,0.04573170731707317,0.05953895037922175,0.5363684771033014,0.06,0.522790202342918,0.09090909090909091,0.05188679245283019,0.36666666666666664,425,201,19,11
eeg_mouse,656,30,0.04573170731707317,0.05953895037922175,0.5363684771033014,0.065,0.5268903088391906,0.09302325581395349,0.05405405405405406,0.3333333333333333,451,175,20,10
eeg_mouse,656,30,0.04573170731707317,0.05953895037922175,0.5363684771033014,0.07,0.5214057507987221,0.09,0.052941176470588235,0.3,465,161,21,9
eeg_mouse,656,30,0.04573170731707317,0.05953895037922175,0.5363684771033014,0.075,0.5333865814696486,0.0972972972972973,0.05806451612903226,0.3,480,146,21,9
eeg_mouse,656,30,0.04573170731707317,0.05953895037922175,0.5363684771033014,0.08,0.5437699680511182,0.10465116279069768,0.06338028169014084,0.3,493,133,21,9
eeg_mouse,656,30,0.04573170731707317,0.05953895037922175,0.5363684771033014,0.085,0.5446751863684771,0.10738255033557047,0.06722689075630252,0.26666666666666666,515,111,22,8
eeg_mouse,656,30,0.04573170731707317,0.05953895037922175,0.5363684771033014,0.09,0.5494675186368477,0.11188811188811189,0.07079646017699115,0.26666666666666666,521,105,22,8
eeg_mouse,656,30,0.04573170731707317,0.05953895037922175,0.5363684771033014,0.095,0.5439829605963792,0.109375,0.07142857142857142,0.23333333333333334,535,91,23,7
eeg_mouse,656,30,0.04573170731707317,0.05953895037922175,0.5363684771033014,0.1,0.5376996805111821,0.10526315789473684,0.07142857142857142,0.2,548,78,24,6
eeg_mouse,656,30,0.04573170731707317,0.05953895037922175,0.5363684771033014,0.105,0.5464856230031949,0.11650485436893204,0.0821917808219178,0.2,559,67,24,6
eeg_mouse,656,30,0.04573170731707317,0.05953895037922175,0.5363684771033014,0.11,0.5528753993610224,0.12631578947368421,0.09230769230769231,0.2,567,59,24,6
eeg_mouse,656,30,0.04573170731707317,0.05953895037922175,0.5363684771033014,0.115,0.54419595314164,0.11904761904761904,0.09259259259259259,0.16666666666666666,577,49,25,5
eeg_mouse,656,30,0.04573170731707317,0.05953895037922175,0.5363684771033014,0.12,0.5457933972310969,0.12195121951219512,0.09615384615384616,0.16666666666666666,579,47,25,5
eeg_mouse,656,30,0.04573170731707317,0.05953895037922175,0.5363684771033014,0.125,0.5331203407880725,0.10526315789473684,0.08695652173913043,0.13333333333333333,584,42,26,4
eeg_mouse,656,30,0.04573170731707317,0.05953895037922175,0.5363684771033014,0.13,0.5212460063897764,0.08695652173913043,0.07692307692307693,0.1,590,36,27,3
eeg_mouse,656,30,0.04573170731707317,0.05953895037922175,0.5363684771033014,0.135,0.5228434504792332,0.08955223880597014,0.08108108108108109,0.1,592,34,27,3
eeg_mouse,656,30,0.04573170731707317,0.05953895037922175,0.5363684771033014,0.14,0.5093716719914804,0.06451612903225806,0.0625,0.06666666666666667,596,30,28,2
eeg_mouse,656,30,0.04573170731707317,0.05953895037922175,0.5363684771033014,0.145,0.49510117145899896,0.034482758620689655,0.03571428571428571,0.03333333333333333,599,27,29,1
eeg_mouse,656,30,0.04573170731707317,0.05953895037922175,0.5363684771033014,0.15,0.500692225772098,0.0392156862745098,0.047619047619047616,0.03333333333333333,606,20,29,1
eeg_mouse,656,30,0.04573170731707317,0.05953895037922175,0.5363684771033014,0.155,0.5046858359957401,0.043478260869565216,0.0625,0.03333333333333333,611,15,29,1
eeg_mouse,656,30,0.04573170731707317,0.05953895037922175,0.5363684771033014,0.16,0.5046858359957401,0.043478260869565216,0.0625,0.03333333333333333,611,15,29,1
eeg_mouse,656,30,0.04573170731707317,0.05953895037922175,0.5363684771033014,0.165,0.5062832800851971,0.045454545454545456,0.07142857142857142,0.03333333333333333,613,13,29,1
eeg_mouse,656,30,0.04573170731707317,0.05953895037922175,0.5363684771033014,0.17,0.5070820021299255,0.046511627906976744,0.07692307692307693,0.03333333333333333,614,12,29,1
eeg_mouse,656,30,0.04573170731707317,0.05953895037922175,0.5363684771033014,0.17500000000000002,0.5086794462193823,0.04878048780487805,0.09090909090909091,0.03333333333333333,616,10,29,1
eeg_mouse,656,30,0.04573170731707317,0.05953895037922175,0.5363684771033014,0.18,0.4928115015974441,0.0,0.0,0.0,617,9,30,0
eeg_mouse,656,30,0.04573170731707317,0.05953895037922175,0.5363684771033014,0.185,0.49440894568690097,0.0,0.0,0.0,619,7,30,0
eeg_mouse,656,30,0.04573170731707317,0.05953895037922175,0.5363684771033014,0.19,0.4952076677316294,0.0,0.0,0.0,620,6,30,0
eeg_mouse,656,30,0.04573170731707317,0.05953895037922175,0.5363684771033014,0.195,0.4952076677316294,0.0,0.0,0.0,620,6,30,0
eeg_mouse,656,30,0.04573170731707317,0.05953895037922175,0.5363684771033014,0.2,0.4952076677316294,0.0,0.0,0.0,620,6,30,0
eeg_mouse,656,30,0.04573170731707317,0.05953895037922175,0.5363684771033014,0.20500000000000002,0.4960063897763578,0.0,0.0,0.0,621,5,30,0
eeg_mouse,656,30,0.04573170731707317,0.05953895037922175,0.5363684771033014,0.21,0.4960063897763578,0.0,0.0,0.0,621,5,30,0
eeg_mouse,656,30,0.04573170731707317,0.05953895037922175,0.5363684771033014,0.215,0.4968051118210863,0.0,0.0,0.0,622,4,30,0
eeg_mouse,656,30,0.04573170731707317,0.05953895037922175,0.5363684771033014,0.22,0.4968051118210863,0.0,0.0,0.0,622,4,30,0
eeg_mouse,656,30,0.04573170731707317,0.05953895037922175,0.5363684771033014,0.225,0.4976038338658147,0.0,0.0,0.0,623,3,30,0
eeg_mouse,656,30,0.04573170731707317,0.05953895037922175,0.5363684771033014,0.23,0.4992012779552716,0.0,0.0,0.0,625,1,30,0
eeg_mouse,656,30,0.04573170731707317,0.05953895037922175,0.5363684771033014,0.23500000000000001,0.4992012779552716,0.0,0.0,0.0,625,1,30,0
eeg_mouse,656,30,0.04573170731707317,0.05953895037922175,0.5363684771033014,0.24,0.4992012779552716,0.0,0.0,0.0,625,1,30,0
eeg_mouse,656,30,0.04573170731707317,0.05953895037922175,0.5363684771033014,0.245,0.4992012779552716,0.0,0.0,0.0,625,1,30,0
eeg_mouse,656,30,0.04573170731707317,0.05953895037922175,0.5363684771033014,0.25,0.5,0.0,0.0,0.0,626,0,30,0
eeg_mouse,656,30,0.04573170731707317,0.05953895037922175,0.5363684771033014,0.255,0.5,0.0,0.0,0.0,626,0,30,0
eeg_mouse,656,30,0.04573170731707317,0.05953895037922175,0.5363684771033014,0.26,0.5,0.0,0.0,0.0,626,0,30,0
eeg_mouse,656,30,0.04573170731707317,0.05953895037922175,0.5363684771033014,0.265,0.5,0.0,0.0,0.0,626,0,30,0
eeg_mouse,656,30,0.04573170731707317,0.05953895037922175,0.5363684771033014,0.27,0.5,0.0,0.0,0.0,626,0,30,0
eeg_mouse,656,30,0.04573170731707317,0.05953895037922175,0.5363684771033014,0.275,0.5,0.0,0.0,0.0,626,0,30,0
eeg_mouse,656,30,0.04573170731707317,0.05953895037922175,0.5363684771033014,0.28,0.5,0.0,0.0,0.0,626,0,30,0
eeg_mouse,656,30,0.04573170731707317,0.05953895037922175,0.5363684771033014,0.28500000000000003,0.5,0.0,0.0,0.0,626,0,30,0
eeg_mouse,656,30,0.04573170731707317,0.05953895037922175,0.5363684771033014,0.29,0.5,0.0,0.0,0.0,626,0,30,0
eeg_mouse,656,30,0.04573170731707317,0.05953895037922175,0.5363684771033014,0.295,0.5,0.0,0.0,0.0,626,0,30,0
eeg_mouse,656,30,0.04573170731707317,0.05953895037922175,0.5363684771033014,0.3,0.5,0.0,0.0,0.0,626,0,30,0
eeg_mouse,656,30,0.04573170731707317,0.05953895037922175,0.5363684771033014,0.305,0.5,0.0,0.0,0.0,626,0,30,0
eeg_mouse,656,30,0.04573170731707317,0.05953895037922175,0.5363684771033014,0.31,0.5,0.0,0.0,0.0,626,0,30,0
eeg_mouse,656,30,0.04573170731707317,0.05953895037922175,0.5363684771033014,0.315,0.5,0.0,0.0,0.0,626,0,30,0
eeg_mouse,656,30,0.04573170731707317,0.05953895037922175,0.5363684771033014,0.32,0.5,0.0,0.0,0.0,626,0,30,0
eeg_mouse,656,30,0.04573170731707317,0.05953895037922175,0.5363684771033014,0.325,0.5,0.0,0.0,0.0,626,0,30,0
eeg_mouse,656,30,0.04573170731707317,0.05953895037922175,0.5363684771033014,0.33,0.5,0.0,0.0,0.0,626,0,30,0
eeg_mouse,656,30,0.04573170731707317,0.05953895037922175,0.5363684771033014,0.335,0.5,0.0,0.0,0.0,626,0,30,0
eeg_mouse,656,30,0.04573170731707317,0.05953895037922175,0.5363684771033014,0.34,0.5,0.0,0.0,0.0,626,0,30,0
eeg_mouse,656,30,0.04573170731707317,0.05953895037922175,0.5363684771033014,0.34500000000000003,0.5,0.0,0.0,0.0,626,0,30,0
eeg_mouse,656,30,0.04573170731707317,0.05953895037922175,0.5363684771033014,0.35000000000000003,0.5,0.0,0.0,0.0,626,0,30,0
eeg_mouse,656,30,0.04573170731707317,0.05953895037922175,0.5363684771033014,0.355,0.5,0.0,0.0,0.0,626,0,30,0
eeg_mouse,656,30,0.04573170731707317,0.05953895037922175,0.5363684771033014,0.36,0.5,0.0,0.0,0.0,626,0,30,0
eeg_mouse,656,30,0.04573170731707317,0.05953895037922175,0.5363684771033014,0.365,0.5,0.0,0.0,0.0,626,0,30,0
eeg_mouse,656,30,0.04573170731707317,0.05953895037922175,0.5363684771033014,0.37,0.5,0.0,0.0,0.0,626,0,30,0
eeg_mouse,656,30,0.04573170731707317,0.05953895037922175,0.5363684771033014,0.375,0.5,0.0,0.0,0.0,626,0,30,0
eeg_mouse,656,30,0.04573170731707317,0.05953895037922175,0.5363684771033014,0.38,0.5,0.0,0.0,0.0,626,0,30,0
eeg_mouse,656,30,0.04573170731707317,0.05953895037922175,0.5363684771033014,0.385,0.5,0.0,0.0,0.0,626,0,30,0
eeg_mouse,656,30,0.04573170731707317,0.05953895037922175,0.5363684771033014,0.39,0.5,0.0,0.0,0.0,626,0,30,0
eeg_mouse,656,30,0.04573170731707317,0.05953895037922175,0.5363684771033014,0.395,0.5,0.0,0.0,0.0,626,0,30,0
eeg_mouse,656,30,0.04573170731707317,0.05953895037922175,0.5363684771033014,0.4,0.5,0.0,0.0,0.0,626,0,30,0
eeg_mouse,656,30,0.04573170731707317,0.05953895037922175,0.5363684771033014,0.405,0.5,0.0,0.0,0.0,626,0,30,0
eeg_mouse,656,30,0.04573170731707317,0.05953895037922175,0.5363684771033014,0.41000000000000003,0.5,0.0,0.0,0.0,626,0,30,0
eeg_mouse,656,30,0.04573170731707317,0.05953895037922175,0.5363684771033014,0.41500000000000004,0.5,0.0,0.0,0.0,626,0,30,0
eeg_mouse,656,30,0.04573170731707317,0.05953895037922175,0.5363684771033014,0.42,0.5,0.0,0.0,0.0,626,0,30,0
eeg_mouse,656,30,0.04573170731707317,0.05953895037922175,0.5363684771033014,0.425,0.5,0.0,0.0,0.0,626,0,30,0
eeg_mouse,656,30,0.04573170731707317,0.05953895037922175,0.5363684771033014,0.43,0.5,0.0,0.0,0.0,626,0,30,0
eeg_mouse,656,30,0.04573170731707317,0.05953895037922175,0.5363684771033014,0.435,0.5,0.0,0.0,0.0,626,0,30,0
eeg_mouse,656,30,0.04573170731707317,0.05953895037922175,0.5363684771033014,0.44,0.5,0.0,0.0,0.0,626,0,30,0
eeg_mouse,656,30,0.04573170731707317,0.05953895037922175,0.5363684771033014,0.445,0.5,0.0,0.0,0.0,626,0,30,0
eeg_mouse,656,30,0.04573170731707317,0.05953895037922175,0.5363684771033014,0.45,0.5,0.0,0.0,0.0,626,0,30,0
eeg_mouse,656,30,0.04573170731707317,0.05953895037922175,0.5363684771033014,0.455,0.5,0.0,0.0,0.0,626,0,30,0
eeg_mouse,656,30,0.04573170731707317,0.05953895037922175,0.5363684771033014,0.46,0.5,0.0,0.0,0.0,626,0,30,0
eeg_mouse,656,30,0.04573170731707317,0.05953895037922175,0.5363684771033014,0.465,0.5,0.0,0.0,0.0,626,0,30,0
eeg_mouse,656,30,0.04573170731707317,0.05953895037922175,0.5363684771033014,0.47000000000000003,0.5,0.0,0.0,0.0,626,0,30,0
eeg_mouse,656,30,0.04573170731707317,0.05953895037922175,0.5363684771033014,0.47500000000000003,0.5,0.0,0.0,0.0,626,0,30,0
eeg_mouse,656,30,0.04573170731707317,0.05953895037922175,0.5363684771033014,0.48,0.5,0.0,0.0,0.0,626,0,30,0
eeg_mouse,656,30,0.04573170731707317,0.05953895037922175,0.5363684771033014,0.485,0.5,0.0,0.0,0.0,626,0,30,0
eeg_mouse,656,30,0.04573170731707317,0.05953895037922175,0.5363684771033014,0.49,0.5,0.0,0.0,0.0,626,0,30,0
eeg_mouse,656,30,0.04573170731707317,0.05953895037922175,0.5363684771033014,0.495,0.5,0.0,0.0,0.0,626,0,30,0
eeg_mouse,656,30,0.04573170731707317,0.05953895037922175,0.5363684771033014,0.5,0.5,0.0,0.0,0.0,626,0,30,0
eeg_only,656,30,0.04573170731707317,0.061673669405987626,0.5559637912673056,0.0,0.5,0.08746355685131195,0.04573170731707317,1.0,0,626,0,30
eeg_only,656,30,0.04573170731707317,0.061673669405987626,0.5559637912673056,0.005,0.4921192758253461,0.08605341246290801,0.04503105590062112,0.9666666666666667,11,615,1,29
eeg_only,656,30,0.04573170731707317,0.061673669405987626,0.5559637912673056,0.01,0.5240681576144834,0.0914826498422713,0.048013245033112585,0.9666666666666667,51,575,1,29
eeg_only,656,30,0.04573170731707317,0.061673669405987626,0.5559637912673056,0.015,0.5496272630457935,0.09634551495016612,0.050699300699300696,0.9666666666666667,83,543,1,29
eeg_only,656,30,0.04573170731707317,0.061673669405987626,0.5559637912673056,0.02,0.5014376996805112,0.0867992766726944,0.045889101338432124,0.8,127,499,6,24
eeg_only,656,30,0.04573170731707317,0.061673669405987626,0.5559637912673056,0.025,0.5120340788072417,0.08870967741935484,0.04721030042918455,0.7333333333333333,182,444,8,22
eeg_only,656,30,0.04573170731707317,0.061673669405987626,0.5559637912673056,0.03,0.5209265175718849,0.09071274298056156,0.04849884526558892,0.7,214,412,9,21
eeg_only,656,30,0.04573170731707317,0.061673669405987626,0.5559637912673056,0.035,0.5290202342917998,0.09280742459396751,0.04987531172069826,0.6666666666666666,245,381,10,20
eeg_only,656,30,0.04573170731707317,0.061673669405987626,0.5559637912673056,0.04,0.5332268370607028,0.09424083769633508,0.05113636363636364,0.6,292,334,12,18
eeg_only,656,30,0.04573170731707317,0.061673669405987626,0.5559637912673056,0.045,0.5079872204472844,0.08620689655172414,0.04716981132075472,0.5,323,303,15,15
eeg_only,656,30,0.04573170731707317,0.061673669405987626,0.5559637912673056,0.05,0.5184771033013844,0.08945686900958466,0.04946996466431095,0.4666666666666667,357,269,16,14
eeg_only,656,30,0.04573170731707317,0.061673669405987626,0.5559637912673056,0.055,0.5273695420660277,0.09285714285714286,0.052,0.43333333333333335,389,237,17,13
eeg_only,656,30,0.04573170731707317,0.061673669405987626,0.5559637912673056,0.06,0.540947816826411,0.09885931558935361,0.055793991416309016,0.43333333333333335,406,220,17,13
eeg_only,656,30,0.04573170731707317,0.061673669405987626,0.5559637912673056,0.065,0.5657082002129925,0.11206896551724138,0.06435643564356436,0.43333333333333335,437,189,17,13
eeg_only,656,30,0.04573170731707317,0.061673669405987626,0.5559637912673056,0.07,0.5800851970181043,0.12149532710280374,0.07065217391304347,0.43333333333333335,455,171,17,13
eeg_only,656,30,0.04573170731707317,0.061673669405987626,0.5559637912673056,0.075,0.5738019169329074,0.12,0.07058823529411765,0.4,468,158,18,12
eeg_only,656,30,0.04573170731707317,0.061673669405987626,0.5559637912673056,0.08,0.5675186368477103,0.11827956989247312,0.07051282051282051,0.36666666666666664,481,145,19,11
eeg_only,656,30,0.04573170731707317,0.061673669405987626,0.5559637912673056,0.085,0.5636315228966986,0.11834319526627218,0.07194244604316546,0.3333333333333333,497,129,20,10
eeg_only,656,30,0.04573170731707317,0.061673669405987626,0.5559637912673056,0.09,0.5740149094781682,0.1282051282051282,0.07936507936507936,0.3333333333333333,510,116,20,10
eeg_only,656,30,0.04573170731707317,0.061673669405987626,0.5559637912673056,0.095,0.5812034078807241,0.1360544217687075,0.08547008547008547,0.3333333333333333,519,107,20,10
eeg_only,656,30,0.04573170731707317,0.061673669405987626,0.5559637912673056,0.1,0.5875931842385517,0.14388489208633093,0.09174311926605505,0.3333333333333333,527,99,20,10
eeg_only,656,30,0.04573170731707317,0.061673669405987626,0.5559637912673056,0.105,0.5947816826411075,0.15384615384615385,0.1,0.3333333333333333,536,90,20,10
eeg_only,656,30,0.04573170731707317,0.061673669405987626,0.5559637912673056,0.11,0.5686368477103302,0.13445378151260504,0.0898876404494382,0.26666666666666666,545,81,22,8
eeg_only,656,30,0.04573170731707317,0.061673669405987626,0.5559637912673056,0.115,0.5551650692225772,0.12280701754385964,0.08333333333333333,0.23333333333333334,549,77,23,7
eeg_only,656,30,0.04573170731707317,0.061673669405987626,0.5559637912673056,0.12,0.5424920127795527,0.1111111111111111,0.07692307692307693,0.2,554,72,24,6
eeg_only,656,30,0.04573170731707317,0.061673669405987626,0.5559637912673056,0.125,0.5504792332268371,0.12244897959183673,0.08823529411764706,0.2,564,62,24,6
eeg_only,656,30,0.04573170731707317,0.061673669405987626,0.5559637912673056,0.13,0.5552715654952076,0.13043478260869565,0.0967741935483871,0.2,570,56,24,6
eeg_only,656,30,0.04573170731707317,0.061673669405987626,0.5559637912673056,0.135,0.5243343982960597,0.09195402298850575,0.07017543859649122,0.13333333333333333,573,53,26,4
eeg_only,656,30,0.04573170731707317,0.061673669405987626,0.5559637912673056,0.14,0.5291267305644303,0.09876543209876543,0.0784313725490196,0.13333333333333333,579,47,26,4
eeg_only,656,30,0.04573170731707317,0.061673669405987626,0.5559637912673056,0.145,0.5140575079872205,0.07692307692307693,0.0625,0.1,581,45,27,3
eeg_only,656,30,0.04573170731707317,0.061673669405987626,0.5559637912673056,0.15,0.5196485623003195,0.08450704225352113,0.07317073170731707,0.1,588,38,27,3
eeg_only,656,30,0.04573170731707317,0.061673669405987626,0.5559637912673056,0.155,0.49030883919062834,0.03125,0.029411764705882353,0.03333333333333333,593,33,29,1
eeg_only,656,30,0.04573170731707317,0.061673669405987626,0.5559637912673056,0.16,0.476038338658147,0.0,0.0,0.0,596,30,30,0
eeg_only,656,30,0.04573170731707317,0.061673669405987626,0.5559637912673056,0.165,0.4784345047923323,0.0,0.0,0.0,599,27,30,0
eeg_only,656,30,0.04573170731707317,0.061673669405987626,0.5559637912673056,0.17,0.48242811501597443,0.0,0.0,0.0,604,22,30,0
eeg_only,656,30,0.04573170731707317,0.061673669405987626,0.5559637912673056,0.17500000000000002,0.4840255591054313,0.0,0.0,0.0,606,20,30,0
eeg_only,656,30,0.04573170731707317,0.061673669405987626,0.5559637912673056,0.18,0.48482428115015974,0.0,0.0,0.0,607,19,30,0
eeg_only,656,30,0.04573170731707317,0.061673669405987626,0.5559637912673056,0.185,0.48642172523961663,0.0,0.0,0.0,609,17,30,0
eeg_only,656,30,0.04573170731707317,0.061673669405987626,0.5559637912673056,0.19,0.48801916932907347,0.0,0.0,0.0,611,15,30,0
eeg_only,656,30,0.04573170731707317,0.061673669405987626,0.5559637912673056,0.195,0.49121405750798725,0.0,0.0,0.0,615,11,30,0
eeg_only,656,30,0.04573170731707317,0.061673669405987626,0.5559637912673056,0.2,0.49201277955271566,0.0,0.0,0.0,616,10,30,0
eeg_only,656,30,0.04573170731707317,0.061673669405987626,0.5559637912673056,0.20500000000000002,0.49201277955271566,0.0,0.0,0.0,616,10,30,0
eeg_only,656,30,0.04573170731707317,0.061673669405987626,0.5559637912673056,0.21,0.4936102236421725,0.0,0.0,0.0,618,8,30,0
eeg_only,656,30,0.04573170731707317,0.061673669405987626,0.5559637912673056,0.215,0.49440894568690097,0.0,0.0,0.0,619,7,30,0
eeg_only,656,30,0.04573170731707317,0.061673669405987626,0.5559637912673056,0.22,0.49440894568690097,0.0,0.0,0.0,619,7,30,0
eeg_only,656,30,0.04573170731707317,0.061673669405987626,0.5559637912673056,0.225,0.4952076677316294,0.0,0.0,0.0,620,6,30,0
eeg_only,656,30,0.04573170731707317,0.061673669405987626,0.5559637912673056,0.23,0.4968051118210863,0.0,0.0,0.0,622,4,30,0
eeg_only,656,30,0.04573170731707317,0.061673669405987626,0.5559637912673056,0.23500000000000001,0.4968051118210863,0.0,0.0,0.0,622,4,30,0
eeg_only,656,30,0.04573170731707317,0.061673669405987626,0.5559637912673056,0.24,0.4968051118210863,0.0,0.0,0.0,622,4,30,0
eeg_only,656,30,0.04573170731707317,0.061673669405987626,0.5559637912673056,0.245,0.4968051118210863,0.0,0.0,0.0,622,4,30,0
eeg_only,656,30,0.04573170731707317,0.061673669405987626,0.5559637912673056,0.25,0.4984025559105431,0.0,0.0,0.0,624,2,30,0
eeg_only,656,30,0.04573170731707317,0.061673669405987626,0.5559637912673056,0.255,0.4984025559105431,0.0,0.0,0.0,624,2,30,0
eeg_only,656,30,0.04573170731707317,0.061673669405987626,0.5559637912673056,0.26,0.4984025559105431,0.0,0.0,0.0,624,2,30,0
eeg_only,656,30,0.04573170731707317,0.061673669405987626,0.5559637912673056,0.265,0.4984025559105431,0.0,0.0,0.0,624,2,30,0
eeg_only,656,30,0.04573170731707317,0.061673669405987626,0.5559637912673056,0.27,0.4984025559105431,0.0,0.0,0.0,624,2,30,0
eeg_only,656,30,0.04573170731707317,0.061673669405987626,0.5559637912673056,0.275,0.4992012779552716,0.0,0.0,0.0,625,1,30,0
eeg_only,656,30,0.04573170731707317,0.061673669405987626,0.5559637912673056,0.28,0.4992012779552716,0.0,0.0,0.0,625,1,30,0
eeg_only,656,30,0.04573170731707317,0.061673669405987626,0.5559637912673056,0.28500000000000003,0.4992012779552716,0.0,0.0,0.0,625,1,30,0
eeg_only,656,30,0.04573170731707317,0.061673669405987626,0.5559637912673056,0.29,0.4992012779552716,0.0,0.0,0.0,625,1,30,0
eeg_only,656,30,0.04573170731707317,0.061673669405987626,0.5559637912673056,0.295,0.4992012779552716,0.0,0.0,0.0,625,1,30,0
eeg_only,656,30,0.04573170731707317,0.061673669405987626,0.5559637912673056,0.3,0.4992012779552716,0.0,0.0,0.0,625,1,30,0
eeg_only,656,30,0.04573170731707317,0.061673669405987626,0.5559637912673056,0.305,0.4992012779552716,0.0,0.0,0.0,625,1,30,0
eeg_only,656,30,0.04573170731707317,0.061673669405987626,0.5559637912673056,0.31,0.4992012779552716,0.0,0.0,0.0,625,1,30,0
eeg_only,656,30,0.04573170731707317,0.061673669405987626,0.5559637912673056,0.315,0.4992012779552716,0.0,0.0,0.0,625,1,30,0
eeg_only,656,30,0.04573170731707317,0.061673669405987626,0.5559637912673056,0.32,0.4992012779552716,0.0,0.0,0.0,625,1,30,0
eeg_only,656,30,0.04573170731707317,0.061673669405987626,0.5559637912673056,0.325,0.4992012779552716,0.0,0.0,0.0,625,1,30,0
eeg_only,656,30,0.04573170731707317,0.061673669405987626,0.5559637912673056,0.33,0.4992012779552716,0.0,0.0,0.0,625,1,30,0
eeg_only,656,30,0.04573170731707317,0.061673669405987626,0.5559637912673056,0.335,0.5,0.0,0.0,0.0,626,0,30,0
eeg_only,656,30,0.04573170731707317,0.061673669405987626,0.5559637912673056,0.34,0.5,0.0,0.0,0.0,626,0,30,0
eeg_only,656,30,0.04573170731707317,0.061673669405987626,0.5559637912673056,0.34500000000000003,0.5,0.0,0.0,0.0,626,0,30,0
eeg_only,656,30,0.04573170731707317,0.061673669405987626,0.5559637912673056,0.35000000000000003,0.5,0.0,0.0,0.0,626,0,30,0
eeg_only,656,30,0.04573170731707317,0.061673669405987626,0.5559637912673056,0.355,0.5,0.0,0.0,0.0,626,0,30,0
eeg_only,656,30,0.04573170731707317,0.061673669405987626,0.5559637912673056,0.36,0.5,0.0,0.0,0.0,626,0,30,0
eeg_only,656,30,0.04573170731707317,0.061673669405987626,0.5559637912673056,0.365,0.5,0.0,0.0,0.0,626,0,30,0
eeg_only,656,30,0.04573170731707317,0.061673669405987626,0.5559637912673056,0.37,0.5,0.0,0.0,0.0,626,0,30,0
eeg_only,656,30,0.04573170731707317,0.061673669405987626,0.5559637912673056,0.375,0.5,0.0,0.0,0.0,626,0,30,0
eeg_only,656,30,0.04573170731707317,0.061673669405987626,0.5559637912673056,0.38,0.5,0.0,0.0,0.0,626,0,30,0
eeg_only,656,30,0.04573170731707317,0.061673669405987626,0.5559637912673056,0.385,0.5,0.0,0.0,0.0,626,0,30,0
eeg_only,656,30,0.04573170731707317,0.061673669405987626,0.5559637912673056,0.39,0.5,0.0,0.0,0.0,626,0,30,0
eeg_only,656,30,0.04573170731707317,0.061673669405987626,0.5559637912673056,0.395,0.5,0.0,0.0,0.0,626,0,30,0
eeg_only,656,30,0.04573170731707317,0.061673669405987626,0.5559637912673056,0.4,0.5,0.0,0.0,0.0,626,0,30,0
eeg_only,656,30,0.04573170731707317,0.061673669405987626,0.5559637912673056,0.405,0.5,0.0,0.0,0.0,626,0,30,0
eeg_only,656,30,0.04573170731707317,0.061673669405987626,0.5559637912673056,0.41000000000000003,0.5,0.0,0.0,0.0,626,0,30,0
eeg_only,656,30,0.04573170731707317,0.061673669405987626,0.5559637912673056,0.41500000000000004,0.5,0.0,0.0,0.0,626,0,30,0
eeg_only,656,30,0.04573170731707317,0.061673669405987626,0.5559637912673056,0.42,0.5,0.0,0.0,0.0,626,0,30,0
eeg_only,656,30,0.04573170731707317,0.061673669405987626,0.5559637912673056,0.425,0.5,0.0,0.0,0.0,626,0,30,0
eeg_only,656,30,0.04573170731707317,0.061673669405987626,0.5559637912673056,0.43,0.5,0.0,0.0,0.0,626,0,30,0
eeg_only,656,30,0.04573170731707317,0.061673669405987626,0.5559637912673056,0.435,0.5,0.0,0.0,0.0,626,0,30,0
eeg_only,656,30,0.04573170731707317,0.061673669405987626,0.5559637912673056,0.44,0.5,0.0,0.0,0.0,626,0,30,0
eeg_only,656,30,0.04573170731707317,0.061673669405987626,0.5559637912673056,0.445,0.5,0.0,0.0,0.0,626,0,30,0
eeg_only,656,30,0.04573170731707317,0.061673669405987626,0.5559637912673056,0.45,0.5,0.0,0.0,0.0,626,0,30,0
eeg_only,656,30,0.04573170731707317,0.061673669405987626,0.5559637912673056,0.455,0.5,0.0,0.0,0.0,626,0,30,0
eeg_only,656,30,0.04573170731707317,0.061673669405987626,0.5559637912673056,0.46,0.5,0.0,0.0,0.0,626,0,30,0
eeg_only,656,30,0.04573170731707317,0.061673669405987626,0.5559637912673056,0.465,0.5,0.0,0.0,0.0,626,0,30,0
eeg_only,656,30,0.04573170731707317,0.061673669405987626,0.5559637912673056,0.47000000000000003,0.5,0.0,0.0,0.0,626,0,30,0
eeg_only,656,30,0.04573170731707317,0.061673669405987626,0.5559637912673056,0.47500000000000003,0.5,0.0,0.0,0.0,626,0,30,0
eeg_only,656,30,0.04573170731707317,0.061673669405987626,0.5559637912673056,0.48,0.5,0.0,0.0,0.0,626,0,30,0
eeg_only,656,30,0.04573170731707317,0.061673669405987626,0.5559637912673056,0.485,0.5,0.0,0.0,0.0,626,0,30,0
eeg_only,656,30,0.04573170731707317,0.061673669405987626,0.5559637912673056,0.49,0.5,0.0,0.0,0.0,626,0,30,0
eeg_only,656,30,0.04573170731707317,0.061673669405987626,0.5559637912673056,0.495,0.5,0.0,0.0,0.0,626,0,30,0
eeg_only,656,30,0.04573170731707317,0.061673669405987626,0.5559637912673056,0.5,0.5,0.0,0.0,0.0,626,0,30,0
eye_mouse,656,30,0.04573170731707317,0.03450058958665782,0.3719382321618743,0.0,0.5,0.08746355685131195,0.04573170731707317,1.0,0,626,0,30
eye_mouse,656,30,0.04573170731707317,0.03450058958665782,0.3719382321618743,0.005,0.5103833865814696,0.08915304606240713,0.04665629860031104,1.0,13,613,0,30
eye_mouse,656,30,0.04573170731707317,0.03450058958665782,0.3719382321618743,0.01,0.48115015974440895,0.08385093167701864,0.043973941368078175,0.9,39,587,3,27
eye_mouse,656,30,0.04573170731707317,0.03450058958665782,0.3719382321618743,0.015,0.4701810436634718,0.08143322475570032,0.04280821917808219,0.8333333333333334,67,559,5,25
eye_mouse,656,30,0.04573170731707317,0.03450058958665782,0.3719382321618743,0.02,0.4465388711395101,0.07612456747404844,0.040145985401459854,0.7333333333333333,100,526,8,22
eye_mouse,656,30,0.04573170731707317,0.03450058958665782,0.3719382321618743,0.025,0.4355697550585729,0.072992700729927,0.03861003861003861,0.6666666666666666,128,498,10,20
eye_mouse,656,30,0.04573170731707317,0.03450058958665782,0.3719382321618743,0.03,0.4301916932907348,0.07045009784735812,0.037422037422037424,0.6,163,463,12,18
eye_mouse,656,30,0.04573170731707317,0.03450058958665782,0.3719382321618743,0.035,0.4343982960596379,0.06926406926406926,0.037037037037037035,0.5333333333333333,210,416,14,16
eye_mouse,656,30,0.04573170731707317,0.03450058958665782,0.3719382321618743,0.04,0.4416932907348243,0.06960556844547564,0.03740648379052369,0.5,240,386,15,15
eye_mouse,656,30,0.04573170731707317,0.03450058958665782,0.3719382321618743,0.045,0.42044728434504797,0.061224489795918366,0.03314917127071823,0.4,276,350,18,12
eye_mouse,656,30,0.04573170731707317,0.03450058958665782,0.3719382321618743,0.05,0.4468051118210863,0.06685236768802229,0.0364741641337386,0.4,309,317,18,12
eye_mouse,656,30,0.04573170731707317,0.03450058958665782,0.3719382321618743,0.055,0.37705005324813634,0.04154302670623145,0.02280130293159609,0.23333333333333334,326,300,23,7
eye_mouse,656,30,0.04573170731707317,0.03450058958665782,0.3719382321618743,0.06,0.36608093716719914,0.03257328990228013,0.018050541516245487,0.16666666666666666,354,272,25,5
eye_mouse,656,30,0.04573170731707317,0.03450058958665782,0.3719382321618743,0.065,0.3836528221512247,0.03508771929824561,0.0196078431372549,0.16666666666666666,376,250,25,5
eye_mouse,656,30,0.04573170731707317,0.03450058958665782,0.3719382321618743,0.07,0.38375931842385513,0.030418250950570342,0.017167381974248927,0.13333333333333333,397,229,26,4
eye_mouse,656,30,0.04573170731707317,0.03450058958665782,0.3719382321618743,0.075,0.3965388711395101,0.032388663967611336,0.018433179723502304,0.13333333333333333,413,213,26,4
eye_mouse,656,30,0.04573170731707317,0.03450058958665782,0.3719382321618743,0.08,0.39424920127795526,0.02631578947368421,0.015151515151515152,0.1,431,195,27,3
eye_mouse,656,30,0.04573170731707317,0.03450058958665782,0.3719382321618743,0.085,0.4086261980830671,0.02857142857142857,0.016666666666666666,0.1,449,177,27,3
eye_mouse,656,30,0.04573170731707317,0.03450058958665782,0.3719382321618743,0.09,0.42380191693290736,0.031413612565445025,0.018633540372670808,0.1,468,158,27,3
eye_mouse,656,30,0.04573170731707317,0.03450058958665782,0.3719382321618743,0.095,0.434185303514377,0.033707865168539325,0.02027027027027027,0.1,481,145,27,3
eye_mouse,656,30,0.04573170731707317,0.03450058958665782,0.3719382321618743,0.1,0.4287007454739084,0.024539877300613498,0.015037593984962405,0.06666666666666667,495,131,28,2
eye_mouse,656,30,0.04573170731707317,0.03450058958665782,0.3719382321618743,0.105,0.433493077742279,0.025477707006369428,0.015748031496062992,0.06666666666666667,501,125,28,2
eye_mouse,656,30,0.04573170731707317,0.03450058958665782,0.3719382321618743,0.11,0.44148029818956336,0.027210884353741496,0.017094017094017096,0.06666666666666667,511,115,28,2
eye_mouse,656,30,0.04573170731707317,0.03450058958665782,0.3719382321618743,0.115,0.4526624068157614,0.03007518796992481,0.019417475728155338,0.06666666666666667,525,101,28,2
eye_mouse,656,30,0.04573170731707317,0.03450058958665782,0.3719382321618743,0.12,0.4550585729499467,0.03076923076923077,0.02,0.06666666666666667,528,98,28,2
eye_mouse,656,30,0.04573170731707317,0.03450058958665782,0.3719382321618743,0.125,0.4582534611288605,0.031746031746031744,0.020833333333333332,0.06666666666666667,532,94,28,2
eye_mouse,656,30,0.04573170731707317,0.03450058958665782,0.3719382321618743,0.13,0.4479765708200213,0.017094017094017096,0.011494252873563218,0.03333333333333333,540,86,29,1
eye_mouse,656,30,0.04573170731707317,0.03450058958665782,0.3719382321618743,0.135,0.4519701810436635,0.017857142857142856,0.012195121951219513,0.03333333333333333,545,81,29,1
eye_mouse,656,30,0.04573170731707317,0.03450058958665782,0.3719382321618743,0.14,0.44089456869009586,0.0,0.0,0.0,552,74,30,0
eye_mouse,656,30,0.04573170731707317,0.03450058958665782,0.3719382321618743,0.145,0.4472843450479233,0.0,0.0,0.0,560,66,30,0
eye_mouse,656,30,0.04573170731707317,0.03450058958665782,0.3719382321618743,0.15,0.4528753993610224,0.0,0.0,0.0,567,59,30,0
eye_mouse,656,30,0.04573170731707317,0.03450058958665782,0.3719382321618743,0.155,0.45686900958466453,0.0,0.0,0.0,572,54,30,0
eye_mouse,656,30,0.04573170731707317,0.03450058958665782,0.3719382321618743,0.16,0.4584664536741214,0.0,0.0,0.0,574,52,30,0
eye_mouse,656,30,0.04573170731707317,0.03450058958665782,0.3719382321618743,0.165,0.46405750798722045,0.0,0.0,0.0,581,45,30,0
eye_mouse,656,30,0.04573170731707317,0.03450058958665782,0.3719382321618743,0.17,0.4672523961661342,0.0,0.0,0.0,585,41,30,0
eye_mouse,656,30,0.04573170731707317,0.03450058958665782,0.3719382321618743,0.17500000000000002,0.4712460063897764,0.0,0.0,0.0,590,36,30,0
eye_mouse,656,30,0.04573170731707317,0.03450058958665782,0.3719382321618743,0.18,0.4736421725239617,0.0,0.0,0.0,593,33,30,0
eye_mouse,656,30,0.04573170731707317,0.03450058958665782,0.3719382321618743,0.185,0.4736421725239617,0.0,0.0,0.0,593,33,30,0
eye_mouse,656,30,0.04573170731707317,0.03450058958665782,0.3719382321618743,0.19,0.476038338658147,0.0,0.0,0.0,596,30,30,0
eye_mouse,656,30,0.04573170731707317,0.03450058958665782,0.3719382321618743,0.195,0.4784345047923323,0.0,0.0,0.0,599,27,30,0
eye_mouse,656,30,0.04573170731707317,0.03450058958665782,0.3719382321618743,0.2,0.48242811501597443,0.0,0.0,0.0,604,22,30,0
eye_mouse,656,30,0.04573170731707317,0.03450058958665782,0.3719382321618743,0.20500000000000002,0.4840255591054313,0.0,0.0,0.0,606,20,30,0
eye_mouse,656,30,0.04573170731707317,0.03450058958665782,0.3719382321618743,0.21,0.48642172523961663,0.0,0.0,0.0,609,17,30,0
eye_mouse,656,30,0.04573170731707317,0.03450058958665782,0.3719382321618743,0.215,0.48801916932907347,0.0,0.0,0.0,611,15,30,0
eye_mouse,656,30,0.04573170731707317,0.03450058958665782,0.3719382321618743,0.22,0.48881789137380194,0.0,0.0,0.0,612,14,30,0
eye_mouse,656,30,0.04573170731707317,0.03450058958665782,0.3719382321618743,0.225,0.48961661341853036,0.0,0.0,0.0,613,13,30,0
eye_mouse,656,30,0.04573170731707317,0.03450058958665782,0.3719382321618743,0.23,0.4904153354632588,0.0,0.0,0.0,614,12,30,0
eye_mouse,656,30,0.04573170731707317,0.03450058958665782,0.3719382321618743,0.23500000000000001,0.49121405750798725,0.0,0.0,0.0,615,11,30,0
eye_mouse,656,30,0.04573170731707317,0.03450058958665782,0.3719382321618743,0.24,0.49201277955271566,0.0,0.0,0.0,616,10,30,0
eye_mouse,656,30,0.04573170731707317,0.03450058958665782,0.3719382321618743,0.245,0.4936102236421725,0.0,0.0,0.0,618,8,30,0
eye_mouse,656,30,0.04573170731707317,0.03450058958665782,0.3719382321618743,0.25,0.4936102236421725,0.0,0.0,0.0,618,8,30,0
eye_mouse,656,30,0.04573170731707317,0.03450058958665782,0.3719382321618743,0.255,0.49440894568690097,0.0,0.0,0.0,619,7,30,0
eye_mouse,656,30,0.04573170731707317,0.03450058958665782,0.3719382321618743,0.26,0.49440894568690097,0.0,0.0,0.0,619,7,30,0
eye_mouse,656,30,0.04573170731707317,0.03450058958665782,0.3719382321618743,0.265,0.4952076677316294,0.0,0.0,0.0,620,6,30,0
eye_mouse,656,30,0.04573170731707317,0.03450058958665782,0.3719382321618743,0.27,0.4960063897763578,0.0,0.0,0.0,621,5,30,0
eye_mouse,656,30,0.04573170731707317,0.03450058958665782,0.3719382321618743,0.275,0.4960063897763578,0.0,0.0,0.0,621,5,30,0
eye_mouse,656,30,0.04573170731707317,0.03450058958665782,0.3719382321618743,0.28,0.4968051118210863,0.0,0.0,0.0,622,4,30,0
eye_mouse,656,30,0.04573170731707317,0.03450058958665782,0.3719382321618743,0.28500000000000003,0.4976038338658147,0.0,0.0,0.0,623,3,30,0
eye_mouse,656,30,0.04573170731707317,0.03450058958665782,0.3719382321618743,0.29,0.4976038338658147,0.0,0.0,0.0,623,3,30,0
eye_mouse,656,30,0.04573170731707317,0.03450058958665782,0.3719382321618743,0.295,0.4976038338658147,0.0,0.0,0.0,623,3,30,0
eye_mouse,656,30,0.04573170731707317,0.03450058958665782,0.3719382321618743,0.3,0.4976038338658147,0.0,0.0,0.0,623,3,30,0
eye_mouse,656,30,0.04573170731707317,0.03450058958665782,0.3719382321618743,0.305,0.4976038338658147,0.0,0.0,0.0,623,3,30,0
eye_mouse,656,30,0.04573170731707317,0.03450058958665782,0.3719382321618743,0.31,0.4976038338658147,0.0,0.0,0.0,623,3,30,0
eye_mouse,656,30,0.04573170731707317,0.03450058958665782,0.3719382321618743,0.315,0.4984025559105431,0.0,0.0,0.0,624,2,30,0
eye_mouse,656,30,0.04573170731707317,0.03450058958665782,0.3719382321618743,0.32,0.4984025559105431,0.0,0.0,0.0,624,2,30,0
eye_mouse,656,30,0.04573170731707317,0.03450058958665782,0.3719382321618743,0.325,0.4984025559105431,0.0,0.0,0.0,624,2,30,0
eye_mouse,656,30,0.04573170731707317,0.03450058958665782,0.3719382321618743,0.33,0.4984025559105431,0.0,0.0,0.0,624,2,30,0
eye_mouse,656,30,0.04573170731707317,0.03450058958665782,0.3719382321618743,0.335,0.4992012779552716,0.0,0.0,0.0,625,1,30,0
eye_mouse,656,30,0.04573170731707317,0.03450058958665782,0.3719382321618743,0.34,0.4992012779552716,0.0,0.0,0.0,625,1,30,0
eye_mouse,656,30,0.04573170731707317,0.03450058958665782,0.3719382321618743,0.34500000000000003,0.4992012779552716,0.0,0.0,0.0,625,1,30,0
eye_mouse,656,30,0.04573170731707317,0.03450058958665782,0.3719382321618743,0.35000000000000003,0.4992012779552716,0.0,0.0,0.0,625,1,30,0
eye_mouse,656,30,0.04573170731707317,0.03450058958665782,0.3719382321618743,0.355,0.4992012779552716,0.0,0.0,0.0,625,1,30,0
eye_mouse,656,30,0.04573170731707317,0.03450058958665782,0.3719382321618743,0.36,0.4992012779552716,0.0,0.0,0.0,625,1,30,0
eye_mouse,656,30,0.04573170731707317,0.03450058958665782,0.3719382321618743,0.365,0.4992012779552716,0.0,0.0,0.0,625,1,30,0
eye_mouse,656,30,0.04573170731707317,0.03450058958665782,0.3719382321618743,0.37,0.4992012779552716,0.0,0.0,0.0,625,1,30,0
eye_mouse,656,30,0.04573170731707317,0.03450058958665782,0.3719382321618743,0.375,0.5,0.0,0.0,0.0,626,0,30,0
eye_mouse,656,30,0.04573170731707317,0.03450058958665782,0.3719382321618743,0.38,0.5,0.0,0.0,0.0,626,0,30,0
eye_mouse,656,30,0.04573170731707317,0.03450058958665782,0.3719382321618743,0.385,0.5,0.0,0.0,0.0,626,0,30,0
eye_mouse,656,30,0.04573170731707317,0.03450058958665782,0.3719382321618743,0.39,0.5,0.0,0.0,0.0,626,0,30,0
eye_mouse,656,30,0.04573170731707317,0.03450058958665782,0.3719382321618743,0.395,0.5,0.0,0.0,0.0,626,0,30,0
eye_mouse,656,30,0.04573170731707317,0.03450058958665782,0.3719382321618743,0.4,0.5,0.0,0.0,0.0,626,0,30,0
eye_mouse,656,30,0.04573170731707317,0.03450058958665782,0.3719382321618743,0.405,0.5,0.0,0.0,0.0,626,0,30,0
eye_mouse,656,30,0.04573170731707317,0.03450058958665782,0.3719382321618743,0.41000000000000003,0.5,0.0,0.0,0.0,626,0,30,0
eye_mouse,656,30,0.04573170731707317,0.03450058958665782,0.3719382321618743,0.41500000000000004,0.5,0.0,0.0,0.0,626,0,30,0
eye_mouse,656,30,0.04573170731707317,0.03450058958665782,0.3719382321618743,0.42,0.5,0.0,0.0,0.0,626,0,30,0
eye_mouse,656,30,0.04573170731707317,0.03450058958665782,0.3719382321618743,0.425,0.5,0.0,0.0,0.0,626,0,30,0
eye_mouse,656,30,0.04573170731707317,0.03450058958665782,0.3719382321618743,0.43,0.5,0.0,0.0,0.0,626,0,30,0
eye_mouse,656,30,0.04573170731707317,0.03450058958665782,0.3719382321618743,0.435,0.5,0.0,0.0,0.0,626,0,30,0
eye_mouse,656,30,0.04573170731707317,0.03450058958665782,0.3719382321618743,0.44,0.5,0.0,0.0,0.0,626,0,30,0
eye_mouse,656,30,0.04573170731707317,0.03450058958665782,0.3719382321618743,0.445,0.5,0.0,0.0,0.0,626,0,30,0
eye_mouse,656,30,0.04573170731707317,0.03450058958665782,0.3719382321618743,0.45,0.5,0.0,0.0,0.0,626,0,30,0
eye_mouse,656,30,0.04573170731707317,0.03450058958665782,0.3719382321618743,0.455,0.5,0.0,0.0,0.0,626,0,30,0
eye_mouse,656,30,0.04573170731707317,0.03450058958665782,0.3719382321618743,0.46,0.5,0.0,0.0,0.0,626,0,30,0
eye_mouse,656,30,0.04573170731707317,0.03450058958665782,0.3719382321618743,0.465,0.5,0.0,0.0,0.0,626,0,30,0
eye_mouse,656,30,0.04573170731707317,0.03450058958665782,0.3719382321618743,0.47000000000000003,0.5,0.0,0.0,0.0,626,0,30,0
eye_mouse,656,30,0.04573170731707317,0.03450058958665782,0.3719382321618743,0.47500000000000003,0.5,0.0,0.0,0.0,626,0,30,0
eye_mouse,656,30,0.04573170731707317,0.03450058958665782,0.3719382321618743,0.48,0.5,0.0,0.0,0.0,626,0,30,0
eye_mouse,656,30,0.04573170731707317,0.03450058958665782,0.3719382321618743,0.485,0.5,0.0,0.0,0.0,626,0,30,0
eye_mouse,656,30,0.04573170731707317,0.03450058958665782,0.3719382321618743,0.49,0.5,0.0,0.0,0.0,626,0,30,0
eye_mouse,656,30,0.04573170731707317,0.03450058958665782,0.3719382321618743,0.495,0.5,0.0,0.0,0.0,626,0,30,0
eye_mouse,656,30,0.04573170731707317,0.03450058958665782,0.3719382321618743,0.5,0.5,0.0,0.0,0.0,626,0,30,0
eye_only,656,30,0.04573170731707317,0.045195977094691114,0.4291267305644302,0.0,0.5,0.08746355685131195,0.04573170731707317,1.0,0,626,0,30
eye_only,656,30,0.04573170731707317,0.045195977094691114,0.4291267305644302,0.005,0.48434504792332267,0.084375,0.04426229508196721,0.9,43,583,3,27
eye_only,656,30,0.04573170731707317,0.045195977094691114,0.4291267305644302,0.01,0.47577209797657083,0.08237232289950576,0.043327556325823226,0.8333333333333334,74,552,5,25
eye_only,656,30,0.04573170731707317,0.045195977094691114,0.4291267305644302,0.015,0.46160809371671996,0.07917383820998279,0.041742286751361164,0.7666666666666667,98,528,7,23
eye_only,656,30,0.04573170731707317,0.045195977094691114,0.4291267305644302,0.02,0.4887646432374867,0.08409506398537477,0.04448742746615087,0.7666666666666667,132,494,7,23
eye_only,656,30,0.04573170731707317,0.045195977094691114,0.4291267305644302,0.025,0.46592119275825344,0.0784313725490196,0.041666666666666664,0.6666666666666666,166,460,10,20
eye_only,656,30,0.04573170731707317,0.045195977094691114,0.4291267305644302,0.03,0.48509052183173584,0.0823045267489712,0.043859649122807015,0.6666666666666666,190,436,10,20
eye_only,656,30,0.04573170731707317,0.045195977094691114,0.4291267305644302,0.035,0.4804046858359957,0.08085106382978724,0.04318181818181818,0.6333333333333333,205,421,11,19
eye_only,656,30,0.04573170731707317,0.045195977094691114,0.4291267305644302,0.04,0.46624068157614484,0.07657657657657657,0.04106280193236715,0.5666666666666667,229,397,13,17
eye_only,656,30,0.04573170731707317,0.045195977094691114,0.4291267305644302,0.045,0.48301384451544194,0.08037825059101655,0.043256997455470736,0.5666666666666667,250,376,13,17
eye_only,656,30,0.04573170731707317,0.045195977094691114,0.4291267305644302,0.05,0.43551650692225774,0.06582278481012659,0.03561643835616438,0.43333333333333335,274,352,17,13
eye_only,656,30,0.04573170731707317,0.045195977094691114,0.4291267305644302,0.055,0.4292332268370607,0.06299212598425197,0.03418803418803419,0.4,287,339,18,12
eye_only,656,30,0.04573170731707317,0.045195977094691114,0.4291267305644302,0.06,0.43013844515441957,0.061452513966480445,0.03353658536585366,0.36666666666666664,309,317,19,11
eye_only,656,30,0.04573170731707317,0.045195977094691114,0.4291267305644302,0.065,0.43024494142705005,0.05952380952380952,0.032679738562091505,0.3333333333333333,330,296,20,10
eye_only,656,30,0.04573170731707317,0.045195977094691114,0.4291267305644302,0.07,0.44222577209797653,0.06230529595015576,0.03436426116838488,0.3333333333333333,345,281,20,10
eye_only,656,30,0.04573170731707317,0.045195977094691114,0.4291267305644302,0.075,0.45500532481363154,0.06557377049180328,0.03636363636363636,0.3333333333333333,361,265,20,10
eye_only,656,30,0.04573170731707317,0.045195977094691114,0.4291267305644302,0.08,0.4495207667731629,0.06206896551724138,0.03461538461538462,0.3,375,251,21,9
eye_only,656,30,0.04573170731707317,0.045195977094691114,0.4291267305644302,0.085,0.44483493077742275,0.058394160583941604,0.03278688524590164,0.26666666666666666,390,236,22,8
eye_only,656,30,0.04573170731707317,0.045195977094691114,0.4291267305644302,0.09,0.42587859424920127,0.047244094488188976,0.026785714285714284,0.2,408,218,24,6
eye_only,656,30,0.04573170731707317,0.045195977094691114,0.4291267305644302,0.095,0.41799787007454736,0.04132231404958678,0.02358490566037736,0.16666666666666666,419,207,25,5
eye_only,656,30,0.04573170731707317,0.045195977094691114,0.4291267305644302,0.1,0.4109158679446219,0.034934497816593885,0.020100502512562814,0.13333333333333333,431,195,26,4
eye_only,656,30,0.04573170731707317,0.045195977094691114,0.4291267305644302,0.105,0.41810436634717785,0.03636363636363636,0.021052631578947368,0.13333333333333333,440,186,26,4
eye_only,656,30,0.04573170731707317,0.045195977094691114,0.4291267305644302,0.11,0.4300851970181043,0.03902439024390244,0.022857142857142857,0.13333333333333333,455,171,26,4
eye_only,656,30,0.04573170731707317,0.045195977094691114,0.4291267305644302,0.115,0.43487752928647494,0.04020100502512563,0.023668639053254437,0.13333333333333333,461,165,26,4
eye_only,656,30,0.04573170731707317,0.045195977094691114,0.4291267305644302,0.12,0.43887113951011714,0.041237113402061855,0.024390243902439025,0.13333333333333333,466,160,26,4
eye_only,656,30,0.04573170731707317,0.045195977094691114,0.4291267305644302,0.125,0.4468583599574015,0.043478260869565216,0.025974025974025976,0.13333333333333333,476,150,26,4
eye_only,656,30,0.04573170731707317,0.045195977094691114,0.4291267305644302,0.13,0.45564430244941423,0.046242774566473986,0.027972027972027972,0.13333333333333333,487,139,26,4
eye_only,656,30,0.04573170731707317,0.045195977094691114,0.4291267305644302,0.135,0.46443024494142704,0.04938271604938271,0.030303030303030304,0.13333333333333333,498,128,26,4
eye_only,656,30,0.04573170731707317,0.045195977094691114,0.4291267305644302,0.14,0.4756123535676251,0.05405405405405406,0.03389830508474576,0.13333333333333333,512,114,26,4
eye_only,656,30,0.04573170731707317,0.045195977094691114,0.4291267305644302,0.145,0.482800851970181,0.05755395683453238,0.03669724770642202,0.13333333333333333,521,105,26,4
eye_only,656,30,0.04573170731707317,0.045195977094691114,0.4291267305644302,0.15,0.4867944621938232,0.05970149253731343,0.038461538461538464,0.13333333333333333,526,100,26,4
eye_only,656,30,0.04573170731707317,0.045195977094691114,0.4291267305644302,0.155,0.4773162939297125,0.04838709677419355,0.031914893617021274,0.1,535,91,27,3
eye_only,656,30,0.04573170731707317,0.045195977094691114,0.4291267305644302,0.16,0.4837060702875399,0.05172413793103448,0.03488372093023256,0.1,543,83,27,3
eye_only,656,30,0.04573170731707317,0.045195977094691114,0.4291267305644302,0.165,0.48690095846645365,0.05357142857142857,0.036585365853658534,0.1,547,79,27,3
eye_only,656,30,0.04573170731707317,0.045195977094691114,0.4291267305644302,0.17,0.49089456869009584,0.056074766355140186,0.03896103896103896,0.1,552,74,27,3
eye_only,656,30,0.04573170731707317,0.045195977094691114,0.4291267305644302,0.17500000000000002,0.475825346112886,0.038461538461538464,0.02702702702702703,0.06666666666666667,554,72,28,2
eye_only,656,30,0.04573170731707317,0.045195977094691114,0.4291267305644302,0.18,0.4790202342917998,0.04,0.02857142857142857,0.06666666666666667,558,68,28,2
eye_only,656,30,0.04573170731707317,0.045195977094691114,0.4291267305644302,0.185,0.48301384451544194,0.042105263157894736,0.03076923076923077,0.06666666666666667,563,63,28,2
eye_only,656,30,0.04573170731707317,0.045195977094691114,0.4291267305644302,0.19,0.4862087326943557,0.04395604395604396,0.03278688524590164,0.06666666666666667,567,59,28,2
eye_only,656,30,0.04573170731707317,0.045195977094691114,0.4291267305644302,0.195,0.49020234291799786,0.046511627906976744,0.03571428571428571,0.06666666666666667,572,54,28,2
eye_only,656,30,0.04573170731707317,0.045195977094691114,0.4291267305644302,0.2,0.49659211927582536,0.05128205128205128,0.041666666666666664,0.06666666666666667,580,46,28,2
eye_only,656,30,0.04573170731707317,0.045195977094691114,0.4291267305644302,0.20500000000000002,0.4981895633652822,0.05263157894736842,0.043478260869565216,0.06666666666666667,582,44,28,2
eye_only,656,30,0.04573170731707317,0.045195977094691114,0.4291267305644302,0.21,0.501384451544196,0.05555555555555555,0.047619047619047616,0.06666666666666667,586,40,28,2
eye_only,656,30,0.04573170731707317,0.045195977094691114,0.4291267305644302,0.215,0.5029818956336528,0.05714285714285714,0.05,0.06666666666666667,588,38,28,2
eye_only,656,30,0.04573170731707317,0.045195977094691114,0.4291267305644302,0.22,0.5045793397231098,0.058823529411764705,0.05263157894736842,0.06666666666666667,590,36,28,2
eye_only,656,30,0.04573170731707317,0.045195977094691114,0.4291267305644302,0.225,0.5053780617678382,0.05970149253731343,0.05405405405405406,0.06666666666666667,591,35,28,2
eye_only,656,30,0.04573170731707317,0.045195977094691114,0.4291267305644302,0.23,0.5085729499467518,0.06349206349206349,0.06060606060606061,0.06666666666666667,595,31,28,2
eye_only,656,30,0.04573170731707317,0.045195977094691114,0.4291267305644302,0.23500000000000001,0.5101703940362088,0.06557377049180328,0.06451612903225806,0.06666666666666667,597,29,28,2
eye_only,656,30,0.04573170731707317,0.045195977094691114,0.4291267305644302,0.24,0.5141640042598509,0.07142857142857142,0.07692307692307693,0.06666666666666667,602,24,28,2
eye_only,656,30,0.04573170731707317,0.045195977094691114,0.4291267305644302,0.245,0.5157614483493078,0.07407407407407407,0.08333333333333333,0.06666666666666667,604,22,28,2
eye_only,656,30,0.04573170731707317,0.045195977094691114,0.4291267305644302,0.25,0.5157614483493078,0.07407407407407407,0.08333333333333333,0.06666666666666667,604,22,28,2
eye_only,656,30,0.04573170731707317,0.045195977094691114,0.4291267305644302,0.255,0.5173588924387647,0.07692307692307693,0.09090909090909091,0.06666666666666667,606,20,28,2
eye_only,656,30,0.04573170731707317,0.045195977094691114,0.4291267305644302,0.26,0.5173588924387647,0.07692307692307693,0.09090909090909091,0.06666666666666667,606,20,28,2
eye_only,656,30,0.04573170731707317,0.045195977094691114,0.4291267305644302,0.265,0.5181576144834931,0.0784313725490196,0.09523809523809523,0.06666666666666667,607,19,28,2
eye_only,656,30,0.04573170731707317,0.045195977094691114,0.4291267305644302,0.27,0.5181576144834931,0.0784313725490196,0.09523809523809523,0.06666666666666667,607,19,28,2
eye_only,656,30,0.04573170731707317,0.045195977094691114,0.4291267305644302,0.275,0.5205537806176784,0.08333333333333333,0.1111111111111111,0.06666666666666667,610,16,28,2
eye_only,656,30,0.04573170731707317,0.045195977094691114,0.4291267305644302,0.28,0.5213525026624068,0.0851063829787234,0.11764705882352941,0.06666666666666667,611,15,28,2
eye_only,656,30,0.04573170731707317,0.045195977094691114,0.4291267305644302,0.28500000000000003,0.5221512247071353,0.08695652173913043,0.125,0.06666666666666667,612,14,28,2
eye_only,656,30,0.04573170731707317,0.045195977094691114,0.4291267305644302,0.29,0.5062832800851971,0.045454545454545456,0.07142857142857142,0.03333333333333333,613,13,29,1
eye_only,656,30,0.04573170731707317,0.045195977094691114,0.4291267305644302,0.295,0.5062832800851971,0.045454545454545456,0.07142857142857142,0.03333333333333333,613,13,29,1
eye_only,656,30,0.04573170731707317,0.045195977094691114,0.4291267305644302,0.3,0.5062832800851971,0.045454545454545456,0.07142857142857142,0.03333333333333333,613,13,29,1
eye_only,656,30,0.04573170731707317,0.045195977094691114,0.4291267305644302,0.305,0.5070820021299255,0.046511627906976744,0.07692307692307693,0.03333333333333333,614,12,29,1
eye_only,656,30,0.04573170731707317,0.045195977094691114,0.4291267305644302,0.31,0.5086794462193823,0.04878048780487805,0.09090909090909091,0.03333333333333333,616,10,29,1
eye_only,656,30,0.04573170731707317,0.045195977094691114,0.4291267305644302,0.315,0.5102768903088392,0.05128205128205128,0.1111111111111111,0.03333333333333333,618,8,29,1
eye_only,656,30,0.04573170731707317,0.045195977094691114,0.4291267305644302,0.32,0.5102768903088392,0.05128205128205128,0.1111111111111111,0.03333333333333333,618,8,29,1
eye_only,656,30,0.04573170731707317,0.045195977094691114,0.4291267305644302,0.325,0.4936102236421725,0.0,0.0,0.0,618,8,30,0
eye_only,656,30,0.04573170731707317,0.045195977094691114,0.4291267305644302,0.33,0.4936102236421725,0.0,0.0,0.0,618,8,30,0
eye_only,656,30,0.04573170731707317,0.045195977094691114,0.4291267305644302,0.335,0.4960063897763578,0.0,0.0,0.0,621,5,30,0
eye_only,656,30,0.04573170731707317,0.045195977094691114,0.4291267305644302,0.34,0.4960063897763578,0.0,0.0,0.0,621,5,30,0
eye_only,656,30,0.04573170731707317,0.045195977094691114,0.4291267305644302,0.34500000000000003,0.4960063897763578,0.0,0.0,0.0,621,5,30,0
eye_only,656,30,0.04573170731707317,0.045195977094691114,0.4291267305644302,0.35000000000000003,0.4960063897763578,0.0,0.0,0.0,621,5,30,0
eye_only,656,30,0.04573170731707317,0.045195977094691114,0.4291267305644302,0.355,0.4960063897763578,0.0,0.0,0.0,621,5,30,0
eye_only,656,30,0.04573170731707317,0.045195977094691114,0.4291267305644302,0.36,0.4960063897763578,0.0,0.0,0.0,621,5,30,0
eye_only,656,30,0.04573170731707317,0.045195977094691114,0.4291267305644302,0.365,0.4960063897763578,0.0,0.0,0.0,621,5,30,0
eye_only,656,30,0.04573170731707317,0.045195977094691114,0.4291267305644302,0.37,0.4960063897763578,0.0,0.0,0.0,621,5,30,0
eye_only,656,30,0.04573170731707317,0.045195977094691114,0.4291267305644302,0.375,0.4960063897763578,0.0,0.0,0.0,621,5,30,0
eye_only,656,30,0.04573170731707317,0.045195977094691114,0.4291267305644302,0.38,0.4976038338658147,0.0,0.0,0.0,623,3,30,0
eye_only,656,30,0.04573170731707317,0.045195977094691114,0.4291267305644302,0.385,0.4976038338658147,0.0,0.0,0.0,623,3,30,0
eye_only,656,30,0.04573170731707317,0.045195977094691114,0.4291267305644302,0.39,0.4976038338658147,0.0,0.0,0.0,623,3,30,0
eye_only,656,30,0.04573170731707317,0.045195977094691114,0.4291267305644302,0.395,0.4984025559105431,0.0,0.0,0.0,624,2,30,0
eye_only,656,30,0.04573170731707317,0.045195977094691114,0.4291267305644302,0.4,0.4992012779552716,0.0,0.0,0.0,625,1,30,0
eye_only,656,30,0.04573170731707317,0.045195977094691114,0.4291267305644302,0.405,0.4992012779552716,0.0,0.0,0.0,625,1,30,0
eye_only,656,30,0.04573170731707317,0.045195977094691114,0.4291267305644302,0.41000000000000003,0.4992012779552716,0.0,0.0,0.0,625,1,30,0
eye_only,656,30,0.04573170731707317,0.045195977094691114,0.4291267305644302,0.41500000000000004,0.4992012779552716,0.0,0.0,0.0,625,1,30,0
eye_only,656,30,0.04573170731707317,0.045195977094691114,0.4291267305644302,0.42,0.5,0.0,0.0,0.0,626,0,30,0
eye_only,656,30,0.04573170731707317,0.045195977094691114,0.4291267305644302,0.425,0.5,0.0,0.0,0.0,626,0,30,0
eye_only,656,30,0.04573170731707317,0.045195977094691114,0.4291267305644302,0.43,0.5,0.0,0.0,0.0,626,0,30,0
eye_only,656,30,0.04573170731707317,0.045195977094691114,0.4291267305644302,0.435,0.5,0.0,0.0,0.0,626,0,30,0
eye_only,656,30,0.04573170731707317,0.045195977094691114,0.4291267305644302,0.44,0.5,0.0,0.0,0.0,626,0,30,0
eye_only,656,30,0.04573170731707317,0.045195977094691114,0.4291267305644302,0.445,0.5,0.0,0.0,0.0,626,0,30,0
eye_only,656,30,0.04573170731707317,0.045195977094691114,0.4291267305644302,0.45,0.5,0.0,0.0,0.0,626,0,30,0
eye_only,656,30,0.04573170731707317,0.045195977094691114,0.4291267305644302,0.455,0.5,0.0,0.0,0.0,626,0,30,0
eye_only,656,30,0.04573170731707317,0.045195977094691114,0.4291267305644302,0.46,0.5,0.0,0.0,0.0,626,0,30,0
eye_only,656,30,0.04573170731707317,0.045195977094691114,0.4291267305644302,0.465,0.5,0.0,0.0,0.0,626,0,30,0
eye_only,656,30,0.04573170731707317,0.045195977094691114,0.4291267305644302,0.47000000000000003,0.5,0.0,0.0,0.0,626,0,30,0
eye_only,656,30,0.04573170731707317,0.045195977094691114,0.4291267305644302,0.47500000000000003,0.5,0.0,0.0,0.0,626,0,30,0
eye_only,656,30,0.04573170731707317,0.045195977094691114,0.4291267305644302,0.48,0.5,0.0,0.0,0.0,626,0,30,0
eye_only,656,30,0.04573170731707317,0.045195977094691114,0.4291267305644302,0.485,0.5,0.0,0.0,0.0,626,0,30,0
eye_only,656,30,0.04573170731707317,0.045195977094691114,0.4291267305644302,0.49,0.5,0.0,0.0,0.0,626,0,30,0
eye_only,656,30,0.04573170731707317,0.045195977094691114,0.4291267305644302,0.495,0.5,0.0,0.0,0.0,626,0,30,0
eye_only,656,30,0.04573170731707317,0.045195977094691114,0.4291267305644302,0.5,0.5,0.0,0.0,0.0,626,0,30,0
mouse_only,656,30,0.04573170731707317,0.0424078882486504,0.4510649627263046,0.0,0.5,0.08746355685131195,0.04573170731707317,1.0,0,626,0,30
mouse_only,656,30,0.04573170731707317,0.0424078882486504,0.4510649627263046,0.005,0.4668796592119276,0.08125,0.04262295081967213,0.8666666666666667,42,584,4,26
mouse_only,656,30,0.04573170731707317,0.0424078882486504,0.4510649627263046,0.01,0.4678913738019169,0.08067226890756303,0.04247787610619469,0.8,85,541,6,24
mouse_only,656,30,0.04573170731707317,0.0424078882486504,0.4510649627263046,0.015,0.47358892438764644,0.0812720848056537,0.04291044776119403,0.7666666666666667,113,513,7,23
mouse_only,656,30,0.04573170731707317,0.0424078882486504,0.4510649627263046,0.02,0.46741214057507985,0.07924528301886792,0.042,0.7,147,479,9,21
mouse_only,656,30,0.04573170731707317,0.0424078882486504,0.4510649627263046,0.025,0.48509052183173584,0.0823045267489712,0.043859649122807015,0.6666666666666666,190,436,10,20
mouse_only,656,30,0.04573170731707317,0.0424078882486504,0.4510649627263046,0.03,0.49877529286474975,0.08501118568232663,0.045563549160671464,0.6333333333333333,228,398,11,19
mouse_only,656,30,0.04573170731707317,0.0424078882486504,0.4510649627263046,0.035,0.5092651757188498,0.08737864077669903,0.04712041884816754,0.6,262,364,12,18
mouse_only,656,30,0.04573170731707317,0.0424078882486504,0.4510649627263046,0.04,0.4832268370607029,0.079155672823219,0.04297994269340974,0.5,292,334,15,15
mouse_only,656,30,0.04573170731707317,0.0424078882486504,0.4510649627263046,0.045,0.48173588924387645,0.07799442896935933,0.0425531914893617,0.4666666666666667,311,315,16,14
mouse_only,656,30,0.04573170731707317,0.0424078882486504,0.4510649627263046,0.05,0.4635782747603834,0.07100591715976332,0.03896103896103896,0.4,330,296,18,12
mouse_only,656,30,0.04573170731707317,0.0424078882486504,0.4510649627263046,0.055,0.4287539936102236,0.056962025316455694,0.03146853146853147,0.3,349,277,21,9
mouse_only,656,30,0.04573170731707317,0.0424078882486504,0.4510649627263046,0.06,0.44313099041533544,0.06040268456375839,0.033582089552238806,0.3,367,259,21,9
mouse_only,656,30,0.04573170731707317,0.0424078882486504,0.4510649627263046,0.065,0.45191693290734825,0.0627177700348432,0.03501945525291829,0.3,378,248,21,9
mouse_only,656,30,0.04573170731707317,0.0424078882486504,0.4510649627263046,0.07,0.4313631522896698,0.05204460966542751,0.029288702928870293,0.23333333333333334,394,232,23,7
mouse_only,656,30,0.04573170731707317,0.0424078882486504,0.4510649627263046,0.075,0.4385516506922258,0.05384615384615385,0.030434782608695653,0.23333333333333334,403,223,23,7
mouse_only,656,30,0.04573170731707317,0.0424078882486504,0.4510649627263046,0.08,0.44973375931842385,0.056910569105691054,0.032407407407407406,0.23333333333333334,417,209,23,7
mouse_only,656,30,0.04573170731707317,0.0424078882486504,0.4510649627263046,0.085,0.4601171458998935,0.060085836909871244,0.034482758620689655,0.23333333333333334,430,196,23,7
mouse_only,656,30,0.04573170731707317,0.0424078882486504,0.4510649627263046,0.09,0.4697018104366347,0.06334841628959276,0.03664921465968586,0.23333333333333334,442,184,23,7
mouse_only,656,30,0.04573170731707317,0.0424078882486504,0.4510649627263046,0.095,0.4570287539936102,0.05581395348837209,0.032432432432432434,0.2,447,179,24,6
mouse_only,656,30,0.04573170731707317,0.0424078882486504,0.4510649627263046,0.1,0.4507454739084132,0.04975124378109453,0.029239766081871343,0.16666666666666666,460,166,25,5
mouse_only,656,30,0.04573170731707317,0.0424078882486504,0.4510649627263046,0.105,0.46112886048988283,0.05319148936170213,0.03164556962025317,0.16666666666666666,473,153,25,5
mouse_only,656,30,0.04573170731707317,0.0424078882486504,0.4510649627263046,0.11,0.44845580404685836,0.04395604395604396,0.02631578947368421,0.13333333333333333,478,148,26,4
mouse_only,656,30,0.04573170731707317,0.0424078882486504,0.4510649627263046,0.115,0.46043663471778484,0.04790419161676647,0.029197080291970802,0.13333333333333333,493,133,26,4
mouse_only,656,30,0.04573170731707317,0.0424078882486504,0.4510649627263046,0.12,0.46522896698615546,0.049689440993788817,0.030534351145038167,0.13333333333333333,499,127,26,4
mouse_only,656,30,0.04573170731707317,0.0424078882486504,0.4510649627263046,0.125,0.47401490947816827,0.05333333333333334,0.03333333333333333,0.13333333333333333,510,116,26,4
mouse_only,656,30,0.04573170731707317,0.0424078882486504,0.4510649627263046,0.13,0.4796059637912673,0.055944055944055944,0.035398230088495575,0.13333333333333333,517,109,26,4
mouse_only,656,30,0.04573170731707317,0.0424078882486504,0.4510649627263046,0.135,0.48359957401490944,0.057971014492753624,0.037037037037037035,0.13333333333333333,522,104,26,4
mouse_only,656,30,0.04573170731707317,0.0424078882486504,0.4510649627263046,0.14,0.4717252396166134,0.04580152671755725,0.0297029702970297,0.1,528,98,27,3
mouse_only,656,30,0.04573170731707317,0.0424078882486504,0.4510649627263046,0.145,0.476517571884984,0.048,0.031578947368421054,0.1,534,92,27,3
mouse_only,656,30,0.04573170731707317,0.0424078882486504,0.4510649627263046,0.15,0.4805111821086262,0.05,0.03333333333333333,0.1,539,87,27,3
mouse_only,656,30,0.04573170731707317,0.0424078882486504,0.4510649627263046,0.155,0.48610223642172523,0.05309734513274336,0.03614457831325301,0.1,546,80,27,3
mouse_only,656,30,0.04573170731707317,0.0424078882486504,0.4510649627263046,0.16,0.49169329073482426,0.05660377358490566,0.039473684210526314,0.1,553,73,27,3
mouse_only,656,30,0.04573170731707317,0.0424078882486504,0.4510649627263046,0.165,0.49329073482428115,0.057692307692307696,0.04054054054054054,0.1,555,71,27,3
mouse_only,656,30,0.04573170731707317,0.0424078882486504,0.4510649627263046,0.17,0.49808306709265177,0.061224489795918366,0.04411764705882353,0.1,561,65,27,3
mouse_only,656,30,0.04573170731707317,0.0424078882486504,0.4510649627263046,0.17500000000000002,0.5012779552715655,0.06382978723404255,0.046875,0.1,565,61,27,3
mouse_only,656,30,0.04573170731707317,0.0424078882486504,0.4510649627263046,0.18,0.5028753993610224,0.06521739130434782,0.04838709677419355,0.1,567,59,27,3
mouse_only,656,30,0.04573170731707317,0.0424078882486504,0.4510649627263046,0.185,0.4910010649627263,0.047058823529411764,0.03636363636363636,0.06666666666666667,573,53,28,2
mouse_only,656,30,0.04573170731707317,0.0424078882486504,0.4510649627263046,0.19,0.49499467518636847,0.05,0.04,0.06666666666666667,578,48,28,2
mouse_only,656,30,0.04573170731707317,0.0424078882486504,0.4510649627263046,0.195,0.49898828541001067,0.05333333333333334,0.044444444444444446,0.06666666666666667,583,43,28,2
mouse_only,656,30,0.04573170731707317,0.0424078882486504,0.4510649627263046,0.2,0.501384451544196,0.05555555555555555,0.047619047619047616,0.06666666666666667,586,40,28,2
mouse_only,656,30,0.04573170731707317,0.0424078882486504,0.4510649627263046,0.20500000000000002,0.48551650692225773,0.02857142857142857,0.025,0.03333333333333333,587,39,29,1
mouse_only,656,30,0.04573170731707317,0.0424078882486504,0.4510649627263046,0.21,0.48871139510117145,0.030303030303030304,0.027777777777777776,0.03333333333333333,591,35,29,1
mouse_only,656,30,0.04573170731707317,0.0424078882486504,0.4510649627263046,0.215,0.49270500532481365,0.03278688524590164,0.03225806451612903,0.03333333333333333,596,30,29,1
mouse_only,656,30,0.04573170731707317,0.0424078882486504,0.4510649627263046,0.22,0.4943024494142705,0.03389830508474576,0.034482758620689655,0.03333333333333333,598,28,29,1
mouse_only,656,30,0.04573170731707317,0.0424078882486504,0.4510649627263046,0.225,0.49510117145899896,0.034482758620689655,0.03571428571428571,0.03333333333333333,599,27,29,1
mouse_only,656,30,0.04573170731707317,0.0424078882486504,0.4510649627263046,0.23,0.4966986155484558,0.03571428571428571,0.038461538461538464,0.03333333333333333,601,25,29,1
mouse_only,656,30,0.04573170731707317,0.0424078882486504,0.4510649627263046,0.23500000000000001,0.4966986155484558,0.03571428571428571,0.038461538461538464,0.03333333333333333,601,25,29,1
mouse_only,656,30,0.04573170731707317,0.0424078882486504,0.4510649627263046,0.24,0.4982960596379127,0.037037037037037035,0.041666666666666664,0.03333333333333333,603,23,29,1
mouse_only,656,30,0.04573170731707317,0.0424078882486504,0.4510649627263046,0.245,0.4990947816826411,0.03773584905660377,0.043478260869565216,0.03333333333333333,604,22,29,1
mouse_only,656,30,0.04573170731707317,0.0424078882486504,0.4510649627263046,0.25,0.4990947816826411,0.03773584905660377,0.043478260869565216,0.03333333333333333,604,22,29,1
mouse_only,656,30,0.04573170731707317,0.0424078882486504,0.4510649627263046,0.255,0.48242811501597443,0.0,0.0,0.0,604,22,30,0
mouse_only,656,30,0.04573170731707317,0.0424078882486504,0.4510649627263046,0.26,0.4840255591054313,0.0,0.0,0.0,606,20,30,0
mouse_only,656,30,0.04573170731707317,0.0424078882486504,0.4510649627263046,0.265,0.48482428115015974,0.0,0.0,0.0,607,19,30,0
mouse_only,656,30,0.04573170731707317,0.0424078882486504,0.4510649627263046,0.27,0.48562300319488816,0.0,0.0,0.0,608,18,30,0
mouse_only,656,30,0.04573170731707317,0.0424078882486504,0.4510649627263046,0.275,0.48801916932907347,0.0,0.0,0.0,611,15,30,0
mouse_only,656,30,0.04573170731707317,0.0424078882486504,0.4510649627263046,0.28,0.48961661341853036,0.0,0.0,0.0,613,13,30,0
mouse_only,656,30,0.04573170731707317,0.0424078882486504,0.4510649627263046,0.28500000000000003,0.48961661341853036,0.0,0.0,0.0,613,13,30,0
mouse_only,656,30,0.04573170731707317,0.0424078882486504,0.4510649627263046,0.29,0.49121405750798725,0.0,0.0,0.0,615,11,30,0
mouse_only,656,30,0.04573170731707317,0.0424078882486504,0.4510649627263046,0.295,0.49201277955271566,0.0,0.0,0.0,616,10,30,0
mouse_only,656,30,0.04573170731707317,0.0424078882486504,0.4510649627263046,0.3,0.49201277955271566,0.0,0.0,0.0,616,10,30,0
mouse_only,656,30,0.04573170731707317,0.0424078882486504,0.4510649627263046,0.305,0.49201277955271566,0.0,0.0,0.0,616,10,30,0
mouse_only,656,30,0.04573170731707317,0.0424078882486504,0.4510649627263046,0.31,0.49201277955271566,0.0,0.0,0.0,616,10,30,0
mouse_only,656,30,0.04573170731707317,0.0424078882486504,0.4510649627263046,0.315,0.49201277955271566,0.0,0.0,0.0,616,10,30,0
mouse_only,656,30,0.04573170731707317,0.0424078882486504,0.4510649627263046,0.32,0.49201277955271566,0.0,0.0,0.0,616,10,30,0
mouse_only,656,30,0.04573170731707317,0.0424078882486504,0.4510649627263046,0.325,0.49201277955271566,0.0,0.0,0.0,616,10,30,0
mouse_only,656,30,0.04573170731707317,0.0424078882486504,0.4510649627263046,0.33,0.4936102236421725,0.0,0.0,0.0,618,8,30,0
mouse_only,656,30,0.04573170731707317,0.0424078882486504,0.4510649627263046,0.335,0.49440894568690097,0.0,0.0,0.0,619,7,30,0
mouse_only,656,30,0.04573170731707317,0.0424078882486504,0.4510649627263046,0.34,0.49440894568690097,0.0,0.0,0.0,619,7,30,0
mouse_only,656,30,0.04573170731707317,0.0424078882486504,0.4510649627263046,0.34500000000000003,0.49440894568690097,0.0,0.0,0.0,619,7,30,0
mouse_only,656,30,0.04573170731707317,0.0424078882486504,0.4510649627263046,0.35000000000000003,0.4960063897763578,0.0,0.0,0.0,621,5,30,0
mouse_only,656,30,0.04573170731707317,0.0424078882486504,0.4510649627263046,0.355,0.4960063897763578,0.0,0.0,0.0,621,5,30,0
mouse_only,656,30,0.04573170731707317,0.0424078882486504,0.4510649627263046,0.36,0.4960063897763578,0.0,0.0,0.0,621,5,30,0
mouse_only,656,30,0.04573170731707317,0.0424078882486504,0.4510649627263046,0.365,0.4960063897763578,0.0,0.0,0.0,621,5,30,0
mouse_only,656,30,0.04573170731707317,0.0424078882486504,0.4510649627263046,0.37,0.4960063897763578,0.0,0.0,0.0,621,5,30,0
mouse_only,656,30,0.04573170731707317,0.0424078882486504,0.4510649627263046,0.375,0.4960063897763578,0.0,0.0,0.0,621,5,30,0
mouse_only,656,30,0.04573170731707317,0.0424078882486504,0.4510649627263046,0.38,0.4976038338658147,0.0,0.0,0.0,623,3,30,0
mouse_only,656,30,0.04573170731707317,0.0424078882486504,0.4510649627263046,0.385,0.4976038338658147,0.0,0.0,0.0,623,3,30,0
mouse_only,656,30,0.04573170731707317,0.0424078882486504,0.4510649627263046,0.39,0.4976038338658147,0.0,0.0,0.0,623,3,30,0
mouse_only,656,30,0.04573170731707317,0.0424078882486504,0.4510649627263046,0.395,0.4984025559105431,0.0,0.0,0.0,624,2,30,0
mouse_only,656,30,0.04573170731707317,0.0424078882486504,0.4510649627263046,0.4,0.4984025559105431,0.0,0.0,0.0,624,2,30,0
mouse_only,656,30,0.04573170731707317,0.0424078882486504,0.4510649627263046,0.405,0.4984025559105431,0.0,0.0,0.0,624,2,30,0
mouse_only,656,30,0.04573170731707317,0.0424078882486504,0.4510649627263046,0.41000000000000003,0.4984025559105431,0.0,0.0,0.0,624,2,30,0
mouse_only,656,30,0.04573170731707317,0.0424078882486504,0.4510649627263046,0.41500000000000004,0.4984025559105431,0.0,0.0,0.0,624,2,30,0
mouse_only,656,30,0.04573170731707317,0.0424078882486504,0.4510649627263046,0.42,0.4984025559105431,0.0,0.0,0.0,624,2,30,0
mouse_only,656,30,0.04573170731707317,0.0424078882486504,0.4510649627263046,0.425,0.4984025559105431,0.0,0.0,0.0,624,2,30,0
mouse_only,656,30,0.04573170731707317,0.0424078882486504,0.4510649627263046,0.43,0.4992012779552716,0.0,0.0,0.0,625,1,30,0
mouse_only,656,30,0.04573170731707317,0.0424078882486504,0.4510649627263046,0.435,0.4992012779552716,0.0,0.0,0.0,625,1,30,0
mouse_only,656,30,0.04573170731707317,0.0424078882486504,0.4510649627263046,0.44,0.4992012779552716,0.0,0.0,0.0,625,1,30,0
mouse_only,656,30,0.04573170731707317,0.0424078882486504,0.4510649627263046,0.445,0.4992012779552716,0.0,0.0,0.0,625,1,30,0
mouse_only,656,30,0.04573170731707317,0.0424078882486504,0.4510649627263046,0.45,0.4992012779552716,0.0,0.0,0.0,625,1,30,0
mouse_only,656,30,0.04573170731707317,0.0424078882486504,0.4510649627263046,0.455,0.4992012779552716,0.0,0.0,0.0,625,1,30,0
mouse_only,656,30,0.04573170731707317,0.0424078882486504,0.4510649627263046,0.46,0.4992012779552716,0.0,0.0,0.0,625,1,30,0
mouse_only,656,30,0.04573170731707317,0.0424078882486504,0.4510649627263046,0.465,0.4992012779552716,0.0,0.0,0.0,625,1,30,0
mouse_only,656,30,0.04573170731707317,0.0424078882486504,0.4510649627263046,0.47000000000000003,0.5,0.0,0.0,0.0,626,0,30,0
mouse_only,656,30,0.04573170731707317,0.0424078882486504,0.4510649627263046,0.47500000000000003,0.5,0.0,0.0,0.0,626,0,30,0
mouse_only,656,30,0.04573170731707317,0.0424078882486504,0.4510649627263046,0.48,0.5,0.0,0.0,0.0,626,0,30,0
mouse_only,656,30,0.04573170731707317,0.0424078882486504,0.4510649627263046,0.485,0.5,0.0,0.0,0.0,626,0,30,0
mouse_only,656,30,0.04573170731707317,0.0424078882486504,0.4510649627263046,0.49,0.5,0.0,0.0,0.0,626,0,30,0
mouse_only,656,30,0.04573170731707317,0.0424078882486504,0.4510649627263046,0.495,0.5,0.0,0.0,0.0,626,0,30,0
mouse_only,656,30,0.04573170731707317,0.0424078882486504,0.4510649627263046,0.5,0.5,0.0,0.0,0.0,626,0,30,0
