scenario,n_epochs,feature,n_subjects_paired,ctrl_mean,scen_mean,pct_change,cohens_d,p_wilcoxon,p_fdr,significant
broken_image,10,frontal_theta,9,0.5834265599648157,1.5427681737475925,164.4322832467892,0.4466218946768543,0.203125,0.20861486486486486,False
broken_image,10,frontal_alpha,9,0.13406980260171825,1.1506113792873092,758.2181492033797,0.39366867217046986,0.30078125,0.30078125,False
broken_image,10,frontal_beta,9,0.4938000937302907,0.803682910071479,62.75470989434214,0.16789451631565927,0.5703125,0.67724609375,False
broken_image,10,frontal_gamma,9,0.4947039749887254,1.1088702347543504,124.14823625694011,0.3689801928594398,0.25,0.30078125,False
broken_image,10,frontal_central_theta,9,0.7257402986288071,1.3728717333740659,89.16845817694869,0.25794409716642724,0.359375,0.4877232142857143,False
broken_image,10,frontal_central_alpha,9,0.09801791939470503,0.27966948681407505,185.3248552466806,0.08851822332845338,1.0,1.0,False
broken_image,10,frontal_central_beta,9,0.5129477994309531,1.2292869173818164,139.6514652379626,0.670272728132368,0.09765625,0.1440716911764706,False
broken_image,10,frontal_central_gamma,9,0.6023638844490051,0.6114859879016876,1.5143841931214534,0.007966632587376657,0.8203125,0.9881696428571428,False
broken_image,10,central_theta,9,0.49323850052638185,0.9133502311176724,85.17415612483111,0.12529776739064116,0.49609375,0.67724609375,False
broken_image,10,central_alpha,9,0.25249503138992524,0.2656653556558821,5.216072644376919,0.007353391525070853,0.91015625,1.0,False
broken_image,10,central_beta,9,0.38715988569310866,1.1606418208943472,199.78359421631131,0.47272971096174976,0.1640625,0.20861486486486486,False
broken_image,10,central_gamma,9,0.5837782091564603,-0.11367804350124465,-119.47281374993986,-0.4257956669294944,0.25,0.30078125,False
broken_image,10,parietal_theta,9,0.6132030967209074,1.4490229719214969,136.30392271888664,0.30595289231287776,0.203125,0.20861486486486486,False
broken_image,10,parietal_alpha,9,0.5113841394583384,0.5838683015770383,14.174112279137463,0.034619037309161174,0.65234375,0.7511837121212122,False
broken_image,10,parietal_beta,9,0.44872217377026874,0.884844978650411,97.19216706376336,0.1910066097407454,0.65234375,0.6885850694444444,False
broken_image,10,parietal_gamma,9,0.6185507620167401,0.4303183290693495,-30.431202170577095,-0.1037409307791942,0.8203125,0.9881696428571428,False
broken_image,10,occipital_theta,9,0.7269894373085763,2.6601211296187506,265.9091855861081,0.5926911502656919,0.203125,0.20861486486486486,False
broken_image,10,occipital_alpha,9,0.6072154885364903,1.2988511949984565,113.90284329127414,0.19425313971134237,0.8203125,0.9881696428571428,False
broken_image,10,occipital_beta,9,0.5984315946698189,0.7436560557948219,24.26751234297083,0.10452202414939038,0.91015625,0.9881696428571428,False
broken_image,10,occipital_gamma,9,0.677420073085361,1.57267517513699,132.15656539995416,0.5321430724069441,0.203125,0.20861486486486486,False
broken_image,10,temporal_theta,9,0.6985058271222644,0.6868904381990433,-1.662890769202574,-0.0034001953181390385,0.65234375,0.6885850694444444,False
broken_image,10,temporal_alpha,9,0.3371438996659385,0.16287965244717068,-51.688388056183264,-0.08454692349177578,0.8203125,0.9881696428571428,False
broken_image,10,temporal_beta,9,0.39999263485272724,0.8563029952347279,114.0796906012855,0.3104774400769733,0.42578125,0.67724609375,False
broken_image,10,temporal_gamma,9,0.3410853126810657,0.36408664782842,6.743572439344024,0.012795222965241944,1.0,1.0,False
broken_image,10,faa_dynamic,9,0.20569097664621142,0.2771482641498248,34.740117740692064,0.261613001910574,0.65234375,0.6885850694444444,False
broken_image,10,eye_0,9,0.4827802644835578,0.4904383387830522,1.5862442732824173,0.04922649018684093,1.0,1.0,False
broken_image,10,eye_1,9,0.339007169008255,0.3986000368992488,17.578645327103395,0.28214744045331525,0.734375,0.9881696428571428,False
broken_image,10,eye_2,9,0.024318421673443582,0.024242424302630954,-0.3125094692436814,-0.0011176263181089342,0.12890625,0.1440716911764706,False
broken_image,10,eye_3,9,0.08250860714664061,0.14125072304159403,71.1951369138462,0.34771406894302964,1.0,1.0,False
broken_image,10,eye_4,9,0.08373554019878308,0.14522697031497955,73.4352819564838,0.3702106236865978,1.0,1.0,False
broken_image,10,eye_5,9,55.15470843844943,57.16722287072076,3.648853360386385,0.06413174566854266,0.8203125,0.9881696428571428,False
broken_image,10,mouse_0,9,0.4740286072095235,0.5503010849157969,16.090268926843525,0.519798957519185,0.09765625,0.1440716911764706,False
broken_image,10,mouse_1,9,0.35095622804429794,0.28729233518242836,-18.140123399005116,-0.3921679050124653,0.359375,0.4877232142857143,False
broken_image,10,mouse_2,9,409.39633009168836,434.21975835164386,6.063422272102438,0.15519764341422448,0.8203125,0.9881696428571428,False
broken_image,10,mouse_3,9,-119.79638671875,-584.7764511108398,-388.14197750667637,-0.20168290660260046,0.49609375,0.67724609375,False
broken_image,10,mouse_4,9,0.3692035675048828,0.44365080032083726,20.164277744907107,0.30715299095440934,0.359375,0.4877232142857143,False
broken_image,10,mouse_5,9,0.00960993223513166,0.0,-99.99999895940995,-3.0266072455360464,0.00390625,0.0049479166666666664,True
broken_image,10,mouse_6,9,0.003825607793664353,0.0,-99.99999738603634,-1.0358682400890986,0.015625,0.024739583333333332,True
button_delay,16,frontal_theta,7,0.5033456959894725,0.23412718517439707,-53.48580764803448,-0.16666343849072635,0.9375,0.9628378378378378,False
button_delay,16,frontal_alpha,7,0.030973424536309073,0.15228090967450822,391.6502180904935,0.0689465212837946,0.6875,0.6875,False
button_delay,16,frontal_beta,7,0.5031085950987679,0.4402940102985927,-12.48529351309501,-0.07669826658754603,0.9375,1.0,False
button_delay,16,frontal_gamma,7,0.4493782009397234,0.09908442491931575,-77.95077180200002,-0.3144770343457689,0.46875,0.59375,False
button_delay,16,frontal_central_theta,7,0.4944824810538973,1.2610153875180654,155.01720195939578,0.33283189076870984,0.578125,0.6875,False
button_delay,16,frontal_central_alpha,7,0.11648629925080708,0.5044331124850682,333.04072272562337,0.6371673825157728,0.15625,0.24739583333333334,False
button_delay,16,frontal_central_beta,7,0.4210191049746105,0.5952232309750148,41.37677456929964,0.23396717847525556,0.578125,0.6875,False
button_delay,16,frontal_central_gamma,7,0.6667703943593162,0.5665108965975898,-15.036585096587373,-0.06452628133736442,0.9375,0.9895833333333334,False
button_delay,16,central_theta,7,0.5140482124739459,1.5303733593651228,197.71008283488158,0.45407967422453477,0.46875,0.6875,False
button_delay,16,central_alpha,7,0.2576718341026987,0.28692721894809176,11.353737957397062,0.026864073874032293,0.9375,0.9895833333333334,False
button_delay,16,central_beta,7,0.36579354022147265,0.49953121452459265,36.56097212257671,0.10890810835550209,0.9375,0.9895833333333334,False
button_delay,16,central_gamma,7,0.592379263469151,0.5888604266302926,-0.5940175585581893,-0.003041149240967364,1.0,1.0,False
button_delay,16,parietal_theta,7,0.3791230001619884,-0.31661476833479746,-183.51241365361756,-0.5295419909328605,0.375,0.59375,False
button_delay,16,parietal_alpha,7,0.48215235131127493,-0.23963959302221025,-149.70204795658003,-0.555701225707812,0.375,0.59375,False
button_delay,16,parietal_beta,7,0.44034549806799206,0.6365195640495845,44.550033280174915,0.23306194273280154,0.6875,0.9628378378378378,False
button_delay,16,parietal_gamma,7,0.6406297428267342,0.558046855032444,-12.890891924094577,-0.09622535559409885,0.9375,0.9895833333333334,False
button_delay,16,occipital_theta,7,0.3503533037645476,0.40396815964153837,15.303082712677703,0.027039747804337745,1.0,1.0,False
button_delay,16,occipital_alpha,7,0.5191586076148919,0.7301170996257237,40.634690222970285,0.23149979570593693,0.46875,0.59375,False
button_delay,16,occipital_beta,7,0.47080242740256445,0.5662537785246968,20.274184147364547,0.0739536121037609,0.9375,1.0,False
button_delay,16,occipital_gamma,7,0.7845398783683777,0.1671201613332544,-78.69832165070872,-0.4214299720929388,0.296875,0.3223214285714286,False
button_delay,16,temporal_theta,7,0.5710046206201825,1.1267431814755713,97.32645598462244,0.2833174035847755,0.8125,0.9628378378378378,False
button_delay,16,temporal_alpha,7,0.4830668887921742,0.532809738601957,10.297300633429666,0.03194933116222379,0.8125,0.9628378378378378,False
button_delay,16,temporal_beta,7,0.410257736487048,0.9188504048756191,123.96906213629893,0.9024053355038133,0.03125,0.04241071428571429,True
button_delay,16,temporal_gamma,7,0.31838875476803097,1.0163471038852419,219.21576640057773,0.5190812177774885,0.109375,0.19791666666666666,False
button_delay,16,faa_dynamic,7,0.23980613691466196,0.19789825805595943,-17.475732431376535,-0.17539419428698144,0.578125,0.6875,False
button_delay,16,eye_0,7,0.4963384781564985,0.5065356322697231,2.0544758385536417,0.10493153742656511,0.8125,0.9628378378378378,False
button_delay,16,eye_1,7,0.3581650512559073,0.37088785214083536,3.5522172910961802,0.11092521226315472,0.8125,0.9628378378378378,False
button_delay,16,eye_2,7,0.025482326612940857,0.037878788475479395,48.647291914058854,0.20302889621780953,0.8125,0.9628378378378378,False
button_delay,16,eye_3,7,0.08850151912442275,0.2331342702465398,163.42403202746877,0.6548178758377278,0.078125,0.08731617647058823,False
button_delay,16,eye_4,7,0.09007900447717734,0.2333787472120353,159.08228938307425,0.6494957249489934,0.078125,0.08731617647058823,False
button_delay,16,eye_5,7,57.79591751098633,55.411506107875276,-4.125570638538056,-0.12227285146624008,0.578125,0.6875,False
button_delay,16,mouse_0,7,0.48007201722690035,0.452450767159462,-5.753563855114254,-0.2004127974993905,0.8125,0.9628378378378378,False
button_delay,16,mouse_1,7,0.35692722882543293,0.3046699698482241,-14.640872072028472,-0.43215775122366334,0.296875,0.59375,False
button_delay,16,mouse_2,7,409.571535382952,409.52893707475494,-0.010400700370258162,-0.0001368979480614708,0.9375,0.9628378378378378,False
button_delay,16,mouse_3,7,-196.71450805664062,270.6774569920131,237.59913270547312,0.26503271637899317,0.6875,0.6875,False
button_delay,16,mouse_4,7,0.371011597769601,0.540192744561604,45.59996177032312,0.6798154685072847,0.15625,0.3125,False
button_delay,16,mouse_5,7,0.00955081285376634,0.0,-99.99999895296871,-3.4168035198908355,0.015625,0.04241071428571429,True
button_delay,16,mouse_6,7,0.003688915873811181,0.0,-99.99999728917653,-1.0687913772924742,0.03125,0.04241071428571429,True
coupon_expired,4,frontal_theta,4,0.5785625986754894,-0.9169793650507927,-258.49267942510494,-0.6757780632570428,0.25,0.25675675675675674,False
coupon_expired,4,frontal_alpha,4,0.28352239169180393,-1.5053847432136536,-630.9579725255306,-0.9838167875777373,0.25,0.25675675675675674,False
coupon_expired,4,frontal_beta,4,0.41311023384332657,0.16671490669250488,-59.643965921363254,-0.20765056403834412,0.875,0.875,False
coupon_expired,4,frontal_gamma,4,0.7386858761310577,0.5429777912795544,-26.494087832036296,-0.16968640863261647,0.875,0.875,False
coupon_expired,4,frontal_central_theta,4,0.9231873713433743,-0.3267865926027298,-135.3976454413376,-0.5965724692316736,0.625,0.6985294117647058,False
coupon_expired,4,frontal_central_alpha,4,-0.11381348595023155,0.426419815979898,474.66545545551406,0.29823074806160493,0.875,0.875,False
coupon_expired,4,frontal_central_beta,4,0.5335631258785725,0.4929435942322016,-7.612882088107817,-0.032928422548144765,0.875,0.875,False
coupon_expired,4,frontal_central_gamma,4,0.7683865502476692,-0.5739987455308437,-174.7018210002672,-1.1282507551377912,0.25,0.4596774193548387,False
coupon_expired,4,central_theta,4,0.3015731538180262,-0.17813292890787125,-159.06789994187994,-0.22427441149565505,0.875,0.875,False
coupon_expired,4,central_alpha,4,0.11010144092142582,-0.7664181292057037,-796.101814831432,-0.3284835136142333,0.625,0.7421875,False
coupon_expired,4,central_beta,4,0.36835156730376184,1.0947021949104965,197.18950369242182,0.43960841004163304,0.625,0.7421875,False
coupon_expired,4,central_gamma,4,0.5533011555671692,1.1678707767277956,111.07325818244132,0.5418244803467466,0.625,0.7421875,False
coupon_expired,4,parietal_theta,4,0.8524990454316139,0.10416510701179504,-87.78120542682389,-0.2192533942381869,0.875,0.875,False
coupon_expired,4,parietal_alpha,4,0.6976474598050117,-0.646345242857933,-192.64639805983617,-0.3560930945644807,0.625,0.7421875,False
coupon_expired,4,parietal_beta,4,0.4752447195351124,0.4385348930954933,-7.724404906130143,-0.018207180951041412,0.875,0.875,False
coupon_expired,4,parietal_gamma,4,0.6095709453802556,0.9042434394359589,48.34096773158095,0.2917474463818594,0.625,0.7421875,False
coupon_expired,4,occipital_theta,4,0.8131376300007105,0.5069147609174252,-37.65941431653561,-0.11051729431531016,0.875,0.875,False
coupon_expired,4,occipital_alpha,4,0.9011748433113098,-0.13430160284042358,-114.90294627311587,-0.271675971055492,0.625,0.7421875,False
coupon_expired,4,occipital_beta,4,0.8417118042707443,0.14517465699464083,-82.7524508577883,-0.8320207528615116,0.25,0.25675675675675674,False
coupon_expired,4,occipital_gamma,4,0.7386574298143387,0.6016448065638542,-18.548872278503133,-0.12662698466217057,0.875,0.875,False
coupon_expired,4,temporal_theta,4,0.8814464546740055,0.2098354995250702,-76.19418644336484,-0.24538268634271557,0.875,0.875,False
coupon_expired,4,temporal_alpha,4,0.14780786260962486,-0.7734417170286179,-623.2750834426708,-0.4175713110409292,0.625,0.7421875,False
coupon_expired,4,temporal_beta,4,0.36628327146172523,0.609869715757668,66.50220285992344,0.2973768063875058,0.625,0.7421875,False
coupon_expired,4,temporal_gamma,4,0.20855966676026583,0.3132368326187134,50.19051259253345,0.078937355115704,1.0,1.0,False
coupon_expired,4,faa_dynamic,4,0.22586632147431374,0.6048764735460281,167.8028620778746,0.6763956079809431,0.375,0.4596774193548387,False
coupon_expired,4,eye_0,4,0.45863404870033264,0.537671409547329,17.233208274382918,0.9615396100018184,0.25,0.25675675675675674,False
coupon_expired,4,eye_1,4,0.2837628349661827,0.16495360899716616,-41.869198953170304,-0.9012044302994988,0.25,0.25675675675675674,False
coupon_expired,4,eye_2,4,0.0239833181258291,0.015909090638160706,-33.66601490102719,-0.1859520508742488,0.875,0.875,False
coupon_expired,4,eye_3,4,0.049898955738171935,0.048901970498263836,-1.9980082211368055,-0.009796721996492341,1.0,1.0,False
coupon_expired,4,eye_4,4,0.05064542801119387,0.048901970498263836,-3.4424775896892634,-0.017280095079651538,1.0,1.0,False
coupon_expired,4,eye_5,4,53.072553634643555,48.387293338775635,-8.828028754962244,-0.15761460138822167,0.875,0.875,False
coupon_expired,4,mouse_0,4,0.463431641459465,0.5261806026101112,13.540068377613057,0.6942793085705803,0.375,0.4596774193548387,False
coupon_expired,4,mouse_1,4,0.31862539052963257,0.1924669463187456,-39.59459852260564,-1.0540736157382016,0.125,0.19791666666666666,False
coupon_expired,4,mouse_2,4,453.35382080078125,328.69890213012695,-27.496165897629947,-0.6449342777246159,0.25,0.25675675675675674,False
coupon_expired,4,mouse_3,4,15.521690368652344,-477.59544563293457,-3176.955114336715,-1.0875007012424347,0.25,0.25675675675675674,False
coupon_expired,4,mouse_4,4,0.34761739522218704,0.4404762014746666,26.71293424956882,0.3995241923325956,1.0,1.0,False
coupon_expired,4,mouse_5,4,0.009806787711568177,0.0,-99.99999898029812,-2.429804787313916,0.125,0.19791666666666666,False
coupon_expired,4,mouse_6,4,0.00425534624082502,0.0,-99.99999765001503,-0.93028432439519,0.25,0.25675675675675674,False
coupon_min_spend,13,frontal_theta,9,0.5834265599648157,0.9863330589400398,69.05864877499974,0.16711508603009215,0.8203125,0.8424831081081081,False
coupon_min_spend,13,frontal_alpha,9,0.13406980260171825,-0.29917074905501473,-323.145512953888,-0.15326747780548802,0.8203125,0.8203125,False
coupon_min_spend,13,frontal_beta,9,0.4938000937302907,0.8652797904279497,75.22876186923713,0.24728140746309804,0.49609375,0.6019965277777778,False
coupon_min_spend,13,frontal_gamma,9,0.4947039749887254,0.6937140292591519,40.2281089887612,0.2831628609495708,0.5703125,0.6019965277777778,False
coupon_min_spend,13,frontal_central_theta,9,0.7257402986288071,0.38895270062817466,-46.40607646985336,-0.256083182677769,0.734375,0.8203125,False
coupon_min_spend,13,frontal_central_alpha,9,0.09801791939470503,0.35309231157104176,260.23240800384053,0.12654413122129737,0.5703125,0.6567234848484849,False
coupon_min_spend,13,frontal_central_beta,9,0.5129477994309531,0.9213227497206794,79.61335454858178,1.1868925972828588,0.01953125,0.028545673076923076,True
coupon_min_spend,13,frontal_central_gamma,9,0.6023638844490051,0.42176374130778843,-29.981900936247786,-0.21633272496578645,0.734375,0.7973214285714286,False
coupon_min_spend,13,central_theta,9,0.49323850052638185,-0.2584306200345357,-152.39465686606889,-0.26259002457801167,0.359375,0.5057870370370371,False
coupon_min_spend,13,central_alpha,9,0.25249503138992524,0.8930875700381067,253.70500752754083,0.31279040417854964,0.49609375,0.6019965277777778,False
coupon_min_spend,13,central_beta,9,0.38715988569310866,0.454110528031985,17.29276322151142,0.055214563438559794,0.734375,0.7973214285714286,False
coupon_min_spend,13,central_gamma,9,0.5837782091564603,1.033472307647268,77.03166911001506,0.2958184606125527,0.5703125,0.6019965277777778,False
coupon_min_spend,13,parietal_theta,9,0.6132030967209074,0.5162429014841715,-15.812085056226355,-0.04389166655951679,0.5703125,0.6019965277777778,False
coupon_min_spend,13,parietal_alpha,9,0.5113841394583384,0.3582582341300117,-29.943420900885837,-0.10247854633685394,0.91015625,1.0,False
coupon_min_spend,13,parietal_beta,9,0.44872217377026874,0.7348074780570136,63.75555320104501,0.2253153283096007,0.65234375,0.7973214285714286,False
coupon_min_spend,13,parietal_gamma,9,0.6185507620167401,1.3962121672100491,125.72313427148276,0.5505112377963801,0.12890625,0.2661637931034483,False
coupon_min_spend,13,occipital_theta,9,0.7269894373085763,-0.09712325202094184,-113.35965103800503,-0.24363826424935192,0.49609375,0.6019965277777778,False
coupon_min_spend,13,occipital_alpha,9,0.6072154885364903,0.11057381331920624,-81.79002092527298,-0.16126412123155365,0.5703125,0.6019965277777778,False
coupon_min_spend,13,occipital_beta,9,0.5984315946698189,0.9015452671382163,50.65134847784687,0.19696876620448617,0.49609375,0.6019965277777778,False
coupon_min_spend,13,occipital_gamma,9,0.677420073085361,0.8628795345624288,27.377320043824703,0.14353808586024927,0.734375,0.7973214285714286,False
coupon_min_spend,13,temporal_theta,9,0.6985058271222644,-0.7072052872843213,-201.24543842342044,-0.43725064415164655,0.8203125,1.0,False
coupon_min_spend,13,temporal_alpha,9,0.3371438996659385,0.20441357460286882,-39.36904246383145,-0.06289933848312969,0.91015625,1.0,False
coupon_min_spend,13,temporal_beta,9,0.39999263485272724,0.20347107450167337,-49.13129472353399,-0.19417911815178107,0.65234375,0.7973214285714286,False
coupon_min_spend,13,temporal_gamma,9,0.3410853126810657,-0.07179686830689509,-121.04953380182036,-0.31984628972728174,0.5703125,0.6019965277777778,False
coupon_min_spend,13,faa_dynamic,9,0.20569097664621142,0.07219765800982714,-64.89993909703337,-0.7287151514012014,0.0546875,0.13854166666666667,False
coupon_min_spend,13,eye_0,9,0.4827802644835578,0.6394806901613871,32.457918679214806,1.0517313278501166,0.02734375,0.1298828125,False
coupon_min_spend,13,eye_1,9,0.339007169008255,0.2697347522609764,-20.43390909091893,-0.705617188604546,0.12890625,0.244921875,False
coupon_min_spend,13,eye_2,9,0.024318421673443582,0.03771043796506193,55.06943014798279,0.25190807572362434,0.8203125,1.0,False
coupon_min_spend,13,eye_3,9,0.08250860714664061,0.14861688312763968,80.12288437178863,0.3915737115521108,0.91015625,1.0,False
coupon_min_spend,13,eye_4,9,0.08373554019878308,0.14990750912369954,79.02495008547538,0.38848376261531625,0.91015625,1.0,False
coupon_min_spend,13,eye_5,9,55.15470843844943,62.229176415337456,12.82658938315309,0.33323946370966173,1.0,1.0,False
coupon_min_spend,13,mouse_0,9,0.4740286072095235,0.5129812823401557,8.21736800901502,0.27580349726810505,0.25,0.3392857142857143,False
coupon_min_spend,13,mouse_1,9,0.35095622804429794,0.2512122285034921,-28.420638114390556,-1.0067026794165312,0.02734375,0.049479166666666664,True
coupon_min_spend,13,mouse_2,9,409.39633009168836,265.62958357069226,-35.11676484465872,-0.9784681671671424,0.02734375,0.03463541666666667,True
coupon_min_spend,13,mouse_3,9,-119.79638671875,174.33324273427328,245.52462516529468,0.47353365282026816,0.203125,0.2661637931034483,False
coupon_min_spend,13,mouse_4,9,0.3692035675048828,0.5630511393149694,52.50425207633419,1.1702785174913557,0.02734375,0.03463541666666667,True
coupon_min_spend,13,mouse_5,9,0.00960993223513166,0.0,-99.99999895940995,-3.0266072455360464,0.00390625,0.010602678571428572,True
coupon_min_spend,13,mouse_6,9,0.003825607793664353,0.0,-99.99999738603634,-1.0358682400890986,0.015625,0.019153225806451613,True
facet_reset_once,10,frontal_theta,7,0.5264313284839902,-0.911729267665318,-273.19054130340476,-0.3868106840294955,0.375,0.375,False
facet_reset_once,10,frontal_alpha,7,0.21746656158939004,0.581711219889777,167.49455892011653,0.22855427863655317,0.46875,0.4814189189189189,False
facet_reset_once,10,frontal_beta,7,0.5413837518010821,0.0017736852169036865,-99.6723792853636,-0.5893900442879828,0.296875,0.375,False
facet_reset_once,10,frontal_gamma,7,0.5768544759069171,0.9866486532347543,71.03943791240052,0.3097124385702495,0.46875,0.6361607142857143,False
facet_reset_once,10,frontal_central_theta,7,0.7397275801215853,-0.6890444925853184,-193.14841178139056,-0.5184766238510774,0.21875,0.31971153846153844,False
facet_reset_once,10,frontal_central_alpha,7,0.1857956967183522,0.09222995809146337,-50.35947561173374,-0.06661233626746871,1.0,1.0,False
facet_reset_once,10,frontal_central_beta,7,0.4757718081985201,0.9952416249683925,109.18465695301016,0.7566751607372671,0.109375,0.11875,False
facet_reset_once,10,frontal_central_gamma,7,0.6627045018332345,0.8921198376587459,34.61804396322395,0.149801465950449,0.8125,1.0,False
facet_reset_once,10,central_theta,7,0.6384452816897205,-1.330566514815603,-308.40729075257553,-0.984020133460558,0.03125,0.08246527777777778,False
facet_reset_once,10,central_alpha,7,0.3961042644722121,-0.28918503650597166,-173.0073019330625,-0.3630787975608714,0.46875,0.5397727272727273,False
facet_reset_once,10,central_beta,7,0.36410148428486927,0.3443336822092533,-5.429201176977524,-0.019424421674832718,0.9375,1.0,False
facet_reset_once,10,central_gamma,7,0.5313297765595573,0.6476683605994497,21.895739548290898,0.13817881961436868,0.6875,1.0,False
facet_reset_once,10,parietal_theta,7,0.4266377261706761,0.4882023845400129,14.430195591816403,0.0231378700247141,0.9375,1.0,False
facet_reset_once,10,parietal_alpha,7,0.5482831384454455,-0.3214959033897945,-158.63683937877414,-0.8682974730259513,0.078125,0.08246527777777778,False
facet_reset_once,10,parietal_beta,7,0.42190790815012796,0.8403407303350312,99.17634014502413,0.4631376789486584,0.375,0.41911764705882354,False
facet_reset_once,10,parietal_gamma,7,0.5640072198584676,0.7712004716907229,36.73592189963679,0.3372918820591546,0.46875,0.6361607142857143,False
facet_reset_once,10,occipital_theta,7,0.430312132196767,0.499152524130685,15.997780858858487,0.01582346819296269,0.6875,1.0,False
facet_reset_once,10,occipital_alpha,7,0.3480225349111216,0.5668792682034629,62.88579367004132,0.09831551999615579,1.0,1.0,False
facet_reset_once,10,occipital_beta,7,0.5184244566730091,1.2175776798810278,134.86115750787994,0.48848248743840084,0.296875,0.375,False
facet_reset_once,10,occipital_gamma,7,0.5724461546966008,0.3999317118099758,-30.136361549659128,-0.13086825751834796,0.578125,0.7086693548387096,False
facet_reset_once,10,temporal_theta,7,0.6618747477020536,-0.5045604088476726,-176.23200770587053,-0.3198708838223185,0.8125,1.0,False
facet_reset_once,10,temporal_alpha,7,0.4632773718663624,0.8105502596923283,74.96003665190464,0.2862188865354857,0.6875,1.0,False
facet_reset_once,10,temporal_beta,7,0.3898248906646456,0.4276447498372623,9.701755857208774,0.026674771761300252,1.0,1.0,False
facet_reset_once,10,temporal_gamma,7,0.19127128539340837,0.9703333633286613,407.3073885217868,0.4351163618590304,0.296875,0.375,False
facet_reset_once,10,faa_dynamic,7,0.22497735332165444,0.09357437118887901,-58.40720416267804,-0.35735000734853684,0.375,0.375,False
facet_reset_once,10,eye_0,7,0.48240003841263907,0.5403741214956556,12.017843792418676,0.9791477064393007,0.078125,0.08246527777777778,False
facet_reset_once,10,eye_1,7,0.32694834896496366,0.33778420303549084,3.3142403384254804,0.11617266696024421,0.8125,1.0,False
facet_reset_once,10,eye_2,7,0.02806307894310781,0.011038960622889655,-60.66375786515563,-0.8039304000853893,0.078125,0.08246527777777778,False
facet_reset_once,10,eye_3,7,0.04611821233161858,0.11079290461826272,140.23677171473204,0.3646406170646664,1.0,1.0,False
facet_reset_once,10,eye_4,7,0.04754250097487654,0.11171119080557089,134.97121182083492,0.35604890735046785,1.0,1.0,False
facet_reset_once,10,eye_5,7,58.8850086757115,61.99623761858259,5.283567095998594,0.2324340465276471,0.46875,0.5397727272727273,False
facet_reset_once,10,mouse_0,7,0.46746119431086947,0.5042116045951843,7.861702901484807,0.2191745960086222,0.6875,1.0,False
facet_reset_once,10,mouse_1,7,0.34996852704456877,0.3264974792088781,-6.70661674270926,-0.12774475832363727,0.9375,1.0,False
facet_reset_once,10,mouse_2,7,448.41609627859935,316.7455793108259,-29.36346800671884,-0.4417041762893371,0.375,0.375,False
facet_reset_once,10,mouse_3,7,-74.86011178152901,-537.2534108843122,-617.67647429062,-0.8022091160731563,0.109375,0.11875,False
facet_reset_once,10,mouse_4,7,0.3551438195364816,0.2690476211053984,-24.242628949367496,-0.48991504997993024,0.375,0.375,False
facet_reset_once,10,mouse_5,7,0.010632271080144815,0.0,-99.99999905946719,-3.7776952780148254,0.015625,0.019791666666666666,True
facet_reset_once,10,mouse_6,7,0.004918638591854168,0.0,-99.99999796691715,-1.425036238426774,0.015625,0.019791666666666666,True
feedback_late,61,frontal_theta,9,0.5834265599648157,1.158525789777438,98.57268578049164,0.5774817223129353,0.30078125,0.30891047297297297,False
feedback_late,61,frontal_alpha,9,0.13406980260171825,0.5964276492595673,344.86352432882586,0.6120744749139961,0.09765625,0.09765625,False
feedback_late,61,frontal_beta,9,0.4938000937302907,0.878050320678287,77.8149359931178,0.5904830532365378,0.1640625,0.17317708333333334,False
feedback_late,61,frontal_gamma,9,0.4947039749887254,0.5205983242226971,5.234311939645835,0.0346194117813742,0.359375,0.8207720588235294,False
feedback_late,61,frontal_central_theta,9,0.7257402986288071,0.8632922735479143,18.95333291537491,0.0797431081939619,0.734375,0.8207720588235294,False
feedback_late,61,frontal_central_alpha,9,0.09801791939470503,0.598812116516961,510.9210639278149,0.33671194250580566,0.734375,0.8207720588235294,False
feedback_late,61,frontal_central_beta,9,0.5129477994309531,0.5632063419454627,9.797983841721653,0.08389550056759866,0.8203125,0.9446022727272727,False
feedback_late,61,frontal_central_gamma,9,0.6023638844490051,0.002824563119146559,-99.53108689089795,-0.9498447715963838,0.0390625,0.08246527777777778,False
feedback_late,61,central_theta,9,0.49323850052638185,0.6574030063218541,33.28298694992254,0.11308145806048912,1.0,1.0,False
feedback_late,61,central_alpha,9,0.25249503138992524,0.9502928323215909,276.36100275482386,0.5589036790102996,0.09765625,0.10602678571428571,False
feedback_late,61,central_beta,9,0.38715988569310866,0.35026025772094727,-9.530849999237756,-0.042948183441579565,0.734375,0.8207720588235294,False
feedback_late,61,central_gamma,9,0.5837782091564603,0.3826887243323856,-34.44621289996349,-0.3828407023836405,0.30078125,0.8207720588235294,False
feedback_late,61,parietal_theta,9,0.6132030967209074,0.7843903303146362,27.916889931122746,0.15581565066386358,0.42578125,0.8207720588235294,False
feedback_late,61,parietal_alpha,9,0.5113841394583384,0.34632624520195854,-32.27669407168818,-0.2623734132988678,0.42578125,0.8207720588235294,False
feedback_late,61,parietal_beta,9,0.44872217377026874,0.3089051577779982,-31.158927312714752,-0.2590439169154767,0.203125,0.2412109375,False
feedback_late,61,parietal_gamma,9,0.6185507620167401,0.2406965063677894,-61.08702450804476,-0.5354923018301295,0.25,0.30891047297297297,False
feedback_late,61,occipital_theta,9,0.7269894373085763,1.055309275786082,45.16156928604537,0.12269303894690509,0.65234375,0.8207720588235294,False
feedback_late,61,occipital_alpha,9,0.6072154885364903,1.033928147620625,70.27367830196873,0.29139698052814444,0.734375,0.8207720588235294,False
feedback_late,61,occipital_beta,9,0.5984315946698189,0.6898316509193845,15.273267161758358,0.10691095530840156,0.91015625,1.0,False
feedback_late,61,occipital_gamma,9,0.677420073085361,0.8622236814763811,27.28050373854993,0.19083640541344823,0.49609375,0.8207720588235294,False
feedback_late,61,temporal_theta,9,0.6985058271222644,0.8259285042683283,18.24217811507506,0.07862467312449298,0.91015625,1.0,False
feedback_late,61,temporal_alpha,9,0.3371438996659385,0.33278391013542813,-1.2932132343302907,-0.004812098234941364,0.91015625,1.0,False
feedback_late,61,temporal_beta,9,0.39999263485272724,0.46581370797422195,16.455571270524448,0.0850872930652476,1.0,1.0,False
feedback_late,61,temporal_gamma,9,0.3410853126810657,0.31254585915141636,-8.367247858593107,-0.032889802764846765,0.91015625,1.0,False
feedback_late,61,faa_dynamic,9,0.20569097664621142,0.19306149416499668,-6.14002747276436,-0.08651360451391503,0.91015625,1.0,False
feedback_late,61,eye_0,9,0.4827802644835578,0.5162483818001218,6.932370639763677,0.6959512205675099,0.09765625,0.10602678571428571,False
feedback_late,61,eye_1,9,0.339007169008255,0.38624855213695103,13.935216548063753,0.39162291477732386,0.30078125,0.30891047297297297,False
feedback_late,61,eye_2,9,0.024318421673443582,0.029932659326328173,23.086356940381307,0.12088403881722082,0.49609375,0.8207720588235294,False
feedback_late,61,eye_3,9,0.08250860714664061,0.1792373541328642,117.234734913262,0.7043793575743813,0.0390625,0.08246527777777778,False
feedback_late,61,eye_4,9,0.08373554019878308,0.20015841888056862,139.03639752770246,0.8290022043250224,0.0390625,0.08246527777777778,False
feedback_late,61,eye_5,9,55.15470843844943,51.68796412150065,-6.28549114861382,-0.3353009102011935,0.49609375,0.8207720588235294,False
feedback_late,61,mouse_0,9,0.4740286072095235,0.45553793178664315,-3.90075095421543,-0.33269027964113146,0.30078125,0.30891047297297297,False
feedback_late,61,mouse_1,9,0.35095622804429794,0.3055153919590844,-12.947721807213588,-0.8160764411259094,0.07421875,0.09765625,False
feedback_late,61,mouse_2,9,409.39633009168836,317.9703140258789,-22.33190904405796,-0.6739399942801605,0.12890625,0.17317708333333334,False
feedback_late,61,mouse_3,9,-119.79638671875,-25.408799913194443,78.79001144422968,0.14153155854341895,0.734375,0.8207720588235294,False
feedback_late,61,mouse_4,9,0.3692035675048828,0.45620810985565186,23.565466313120854,0.7151536651621089,0.02734375,0.0546875,False
feedback_late,61,mouse_5,9,0.00960993223513166,0.0,-99.99999895940995,-3.0266072455360464,0.00390625,0.016493055555555556,True
feedback_late,61,mouse_6,9,0.003825607793664353,0.0,-99.99999738603634,-1.0358682400890986,0.015625,0.025815217391304348,True
first_click_miss,29,frontal_theta,8,0.4821642991155386,-0.516191154718399,-207.05710801447154,-0.7236719202733771,0.0390625,0.04011824324324324,True
first_click_miss,29,frontal_alpha,8,0.0707502017612569,0.4767279289662838,573.8184719262857,0.28379673167085073,0.1953125,0.1953125,False
first_click_miss,29,frontal_beta,8,0.4640355743467808,0.4566546157002449,-1.5906018962738773,-0.009320567940109875,1.0,1.0,False
first_click_miss,29,frontal_gamma,8,0.4809987097978592,0.5791071858257055,20.396827269802827,0.08969130518827922,0.9453125,0.9978298611111112,False
first_click_miss,29,frontal_central_theta,8,0.5434216540306807,0.09852708503603935,-81.86912788860897,-0.33965677050290843,0.546875,0.6494140625,False
first_click_miss,29,frontal_central_alpha,8,0.09122182987630367,-0.06801312044262886,-174.55794337857105,-0.14087433164695015,0.546875,0.7852822580645161,False
first_click_miss,29,frontal_central_beta,8,0.4552158433943987,0.6394189305137843,40.46499913214294,0.22159606791951805,0.7421875,0.9401041666666666,False
first_click_miss,29,frontal_central_gamma,8,0.6363611705601215,0.2566824918612838,-59.66402354577711,-0.37943223904162526,0.25,0.2878787878787879,False
first_click_miss,29,central_theta,8,0.47438926820177585,-0.05824842490255833,-112.27861351313378,-0.39536284482721923,0.1953125,0.2878787878787879,False
first_click_miss,29,central_alpha,8,0.25734533835202456,0.7045991122722626,173.7951721257298,0.4030229061414971,0.3828125,0.42784926470588236,False
first_click_miss,29,central_beta,8,0.3185414169674914,0.012262237723916769,-96.15050440322531,-0.3528964615119591,0.4609375,0.6494140625,False
first_click_miss,29,central_gamma,8,0.5895986184477806,0.4416923988610506,-25.08591691599152,-0.17738426075253877,0.25,0.2878787878787879,False
first_click_miss,29,parietal_theta,8,0.3796741906553507,0.23154751025140285,-39.01415582377463,-0.15155266963675343,0.7421875,0.9401041666666666,False
first_click_miss,29,parietal_alpha,8,0.3972330652177334,0.7982303351163864,100.9476060553793,0.25526019800514727,0.3125,0.42784926470588236,False
first_click_miss,29,parietal_beta,8,0.39074574783444405,1.1054983232170343,182.92011599893476,0.8286716056755107,0.0546875,0.09895833333333333,False
first_click_miss,29,parietal_gamma,8,0.5618479376425967,0.7338054031133652,30.605694872114775,0.31845798041558193,0.546875,0.7852822580645161,False
first_click_miss,29,occipital_theta,8,0.3866359693929553,-0.02869448810815811,-107.42157747138448,-0.28799479203615375,0.546875,0.7852822580645161,False
first_click_miss,29,occipital_alpha,8,0.4164744964800775,-0.21216598898172379,-150.9433328148413,-0.32829131731824374,0.640625,0.7852822580645161,False
first_click_miss,29,occipital_beta,8,0.5011299783363938,0.5040364663582295,0.5799868590788352,0.005750406945308849,0.84375,0.9978298611111112,False
first_click_miss,29,occipital_gamma,8,0.7081160508096218,0.5487765148282051,-22.50189580884864,-0.27406188720286473,0.546875,0.7852822580645161,False
first_click_miss,29,temporal_theta,8,0.5202761609107256,0.07726956345140934,-85.14835594210199,-0.3603053347528344,0.3125,0.3392857142857143,False
first_click_miss,29,temporal_alpha,8,0.3568593692034483,0.7172116599977016,100.9787949515303,0.31251531719990566,0.3828125,0.5594951923076923,False
first_click_miss,29,temporal_beta,8,0.3665381707251072,0.7303498331457376,99.25614612024195,0.35275370650743304,0.546875,0.7852822580645161,False
first_click_miss,29,temporal_gamma,8,0.2740773386321962,0.2615175296086818,-4.58257843629557,-0.015378829493290778,1.0,1.0,False
first_click_miss,29,faa_dynamic,8,0.20186632126569748,0.13475949643179774,-33.24319994533917,-0.4905168818436571,0.3125,0.42784926470588236,False
first_click_miss,29,eye_0,8,0.4818775951862335,0.5119823031127453,6.247376558071698,0.3337572564701689,0.4609375,0.6494140625,False
first_click_miss,29,eye_1,8,0.3446914702653885,0.43100958317518234,25.042137775644047,0.7284659555536126,0.015625,0.04011824324324324,True
first_click_miss,29,eye_2,8,0.02644913352560252,0.03859577904222533,45.92454969816088,0.29021565334905747,0.640625,0.7852822580645161,False
first_click_miss,29,eye_3,8,0.09119644365273416,0.21754377472097985,138.54414258829877,0.6079057242073368,0.109375,0.1484375,False
first_click_miss,29,eye_4,8,0.09257674333639443,0.22601969537208788,144.14306129419694,0.6454038049343804,0.078125,0.1484375,False
first_click_miss,29,eye_5,8,56.230961322784424,58.628490924835205,4.2637179689742455,0.08928125630721781,0.9453125,0.9978298611111112,False
first_click_miss,29,mouse_0,8,0.4640723615884781,0.38605118729174137,-16.81228634535893,-0.7177437368762174,0.0546875,0.09895833333333333,False
first_click_miss,29,mouse_1,8,0.34714238345623016,0.29307650215923786,-15.574554954403805,-0.4006896469409389,0.25,0.2878787878787879,False
first_click_miss,29,mouse_2,8,415.0289478302002,286.97955894470215,-30.85312230747233,-0.5422099668344948,0.1953125,0.2878787878787879,False
first_click_miss,29,mouse_3,8,-101.98671340942383,-219.91467053443193,-115.63070637591075,-0.21141578720826834,0.4609375,0.6494140625,False
first_click_miss,29,mouse_4,8,0.36797306314110756,0.38375426828861237,4.288684885927224,0.10862741478302612,0.640625,0.7852822580645161,False
first_click_miss,29,mouse_5,8,0.010096887999679893,0.0,-99.99999900959584,-3.350254574837644,0.0078125,0.012369791666666666,True
first_click_miss,29,mouse_6,8,0.004303808767872397,0.0,-99.99999767647675,-1.1829872887980404,0.015625,0.04011824324324324,True
network_jitter,50,frontal_theta,9,0.5834265599648157,0.3520511497432987,-39.65801800243931,-0.25471703423674813,0.49609375,0.5095016891891891,False
network_jitter,50,frontal_alpha,9,0.13406980260171825,0.11475239818294843,-14.408467849951007,-0.014287384735185073,1.0,1.0,False
network_jitter,50,frontal_beta,9,0.4938000937302907,0.4084184202882979,-17.29073657716574,-0.10657443950662529,0.8203125,0.8203125,False
network_jitter,50,frontal_gamma,9,0.4947039749887254,0.4414137231392993,-10.772149514235966,-0.08731597880103686,1.0,1.0,False
network_jitter,50,frontal_central_theta,9,0.7257402986288071,0.46507127417458427,-35.91767260420921,-0.18874995461279337,0.65234375,0.8203125,False
network_jitter,50,frontal_central_alpha,9,0.09801791939470503,0.5678831711411476,479.36668536596,0.6785058304382987,0.07421875,0.09401041666666667,False
network_jitter,50,frontal_central_beta,9,0.5129477994309531,0.5327080115675926,3.8522851944600403,0.033022473520499564,1.0,1.0,False
network_jitter,50,frontal_central_gamma,9,0.6023638844490051,0.5344057008624077,-11.281915355446367,-0.12645455161598404,0.734375,0.8203125,False
network_jitter,50,central_theta,9,0.49323850052638185,0.5270870708756976,6.862515863285249,0.03574006630288857,0.91015625,1.0,False
network_jitter,50,central_alpha,9,0.25249503138992524,0.8516639918088913,237.29930719166384,0.4952152402976279,0.203125,0.27941176470588236,False
network_jitter,50,central_beta,9,0.38715988569310866,-0.036772803713878,-109.49809238076094,-0.6699652754078753,0.09765625,0.13744212962962962,False
network_jitter,50,central_gamma,9,0.5837782091564603,0.4959323803583781,-15.047808809096969,-0.1239563606404487,0.8203125,0.890625,False
network_jitter,50,parietal_theta,9,0.6132030967209074,0.1793969919284185,-70.74427820758163,-0.30849667285831284,0.5703125,0.8203125,False
network_jitter,50,parietal_alpha,9,0.5113841394583384,0.05107229285769992,-90.01292981010145,-0.41095052137652366,0.203125,0.27941176470588236,False
network_jitter,50,parietal_beta,9,0.44872217377026874,0.15386483942468962,-65.71044434965367,-0.3426850409289723,0.30078125,0.5095016891891891,False
network_jitter,50,parietal_gamma,9,0.6185507620167401,0.6354847782187991,2.7376922379190356,0.03091021505900756,1.0,1.0,False
network_jitter,50,occipital_theta,9,0.7269894373085763,0.38627638171116513,-46.86630067307657,-0.2118352975365912,0.5703125,0.8203125,False
network_jitter,50,occipital_alpha,9,0.6072154885364903,0.23356239000956217,-61.53550189669416,-0.3404619216327676,0.42578125,0.5095016891891891,False
network_jitter,50,occipital_beta,9,0.5984315946698189,-0.21879050301180947,-136.56065368606835,-0.5638005730327101,0.09765625,0.24739583333333334,False
network_jitter,50,occipital_gamma,9,0.677420073085361,0.23373341891500685,-65.49653187630729,-0.4297455020354781,0.25,0.27941176470588236,False
network_jitter,50,temporal_theta,9,0.6985058271222644,0.17988489237096575,-74.2471880032396,-0.4383360662274603,0.25,0.4318181818181818,False
network_jitter,50,temporal_alpha,9,0.3371438996659385,0.0457997719446818,-86.41536386199536,-0.3346591537615186,0.359375,0.5095016891891891,False
network_jitter,50,temporal_beta,9,0.39999263485272724,0.25025148855315316,-37.43597586922346,-0.14794080220469658,0.65234375,0.8203125,False
network_jitter,50,temporal_gamma,9,0.3410853126810657,0.6945686187181208,103.63486576273293,0.5591486243588435,0.203125,0.27941176470588236,False
network_jitter,50,faa_dynamic,9,0.20569097664621142,0.37810226778189343,83.82054179674054,1.1821854994654115,0.0078125,0.010602678571428572,True
network_jitter,50,eye_0,9,0.4827802644835578,0.5231695506307814,8.365977052119778,0.4535851982525545,0.25,0.27941176470588236,False
network_jitter,50,eye_1,9,0.339007169008255,0.47956470979584587,41.46152459174298,0.5610126352647068,0.12890625,0.27941176470588236,False
network_jitter,50,eye_2,9,0.024318421673443582,0.021936026505298085,-9.796668510565684,-0.14783115651006898,0.5703125,0.8203125,False
network_jitter,50,eye_3,9,0.08250860714664061,0.13850441864795154,67.86663036733157,0.6850020345686945,0.0546875,0.09035326086956522,False
network_jitter,50,eye_4,9,0.08373554019878308,0.14029851431647936,67.54954218468009,0.6930037863629509,0.07421875,0.09401041666666667,False
network_jitter,50,eye_5,9,55.15470843844943,53.975593143039276,-2.137832523806859,-0.10358757411129224,0.5703125,0.8203125,False
network_jitter,50,mouse_0,9,0.4740286072095235,0.3802238437864516,-19.78884016209191,-0.8384245254697249,0.02734375,0.08658854166666667,False
network_jitter,50,mouse_1,9,0.35095622804429794,0.26662449828452534,-24.029130414833116,-0.67714270698983,0.09765625,0.10308159722222222,False
network_jitter,50,mouse_2,9,409.39633009168836,359.9382209777832,-12.080740709819368,-0.17247379076429376,0.359375,0.5095016891891891,False
network_jitter,50,mouse_3,9,-119.79638671875,558.9262716505262,566.563547498448,0.41518639324067713,0.1640625,0.27941176470588236,False
network_jitter,50,mouse_4,9,0.3692035675048828,0.3449088798628913,-6.58029601382167,-0.20015147552291054,0.8203125,1.0,False
network_jitter,50,mouse_5,9,0.00960993223513166,0.0,-99.99999895940995,-3.0266072455360464,0.00390625,0.010602678571428572,True
network_jitter,50,mouse_6,9,0.003825607793664353,0.0,-99.99999738603634,-1.0358682400890986,0.015625,0.08658854166666667,False
overlay_blocking,1,frontal_theta,1,0.5763692259788513,3.821653366088867,,,,,False
overlay_blocking,1,frontal_alpha,1,0.18111036717891693,1.4497361183166504,,,,,False
overlay_blocking,1,frontal_beta,1,0.5565739870071411,1.2162114381790161,,,,,False
overlay_blocking,1,frontal_gamma,1,0.5014713406562805,2.2537667751312256,,,,,False
overlay_blocking,1,frontal_central_theta,1,0.7643307447433472,6.352900505065918,,,,,False
overlay_blocking,1,frontal_central_alpha,1,0.21096579730510712,1.704061508178711,,,,,False
overlay_blocking,1,frontal_central_beta,1,0.507107138633728,0.5785954594612122,,,,,False
overlay_blocking,1,frontal_central_gamma,1,0.5942355990409851,1.3694804906845093,,,,,False
overlay_blocking,1,central_theta,1,0.6130982637405396,5.579585075378418,,,,,False
overlay_blocking,1,central_alpha,1,0.3707602620124817,3.180088996887207,,,,,False
overlay_blocking,1,central_beta,1,0.38461795449256897,0.5989855527877808,,,,,False
overlay_blocking,1,central_gamma,1,0.5464195609092712,-0.9697805047035217,,,,,False
overlay_blocking,1,parietal_theta,1,0.5541683435440063,5.4598283767700195,,,,,False
overlay_blocking,1,parietal_alpha,1,0.49676722288131714,4.286130905151367,,,,,False
overlay_blocking,1,parietal_beta,1,0.4229733645915985,0.7784715890884399,,,,,False
overlay_blocking,1,parietal_gamma,1,0.5980799198150635,1.595210075378418,,,,,False
overlay_blocking,1,occipital_theta,1,0.6176114678382874,1.6145135164260864,,,,,False
overlay_blocking,1,occipital_alpha,1,0.3834851086139679,4.20849084854126,,,,,False
overlay_blocking,1,occipital_beta,1,0.5307174324989319,4.09911584854126,,,,,False
overlay_blocking,1,occipital_gamma,1,0.5897796750068665,-0.030606046319007874,,,,,False
overlay_blocking,1,temporal_theta,1,0.6824013590812683,3.2910828590393066,,,,,False
overlay_blocking,1,temporal_alpha,1,0.4498821496963501,3.7037465572357178,,,,,False
overlay_blocking,1,temporal_beta,1,0.4063486158847809,1.587005376815796,,,,,False
overlay_blocking,1,temporal_gamma,1,0.3251568377017975,-0.27669358253479004,,,,,False
overlay_blocking,1,faa_dynamic,1,0.20897521078586578,0.24533873796463013,,,,,False
overlay_blocking,1,eye_0,1,0.48776620626449585,0.34201768040657043,,,,,False
overlay_blocking,1,eye_1,1,0.3467104136943817,0.23614788055419922,,,,,False
overlay_blocking,1,eye_2,1,0.025113636627793312,0.0,,,,,False
overlay_blocking,1,eye_3,1,0.06407478451728821,0.537808895111084,,,,,False
overlay_blocking,1,eye_4,1,0.06529909372329712,0.537808895111084,,,,,False
overlay_blocking,1,eye_5,1,57.18268966674805,40.71158981323242,,,,,False
overlay_blocking,1,mouse_0,1,0.4759212136268616,0.48351484537124634,,,,,False
overlay_blocking,1,mouse_1,1,0.35981133580207825,0.48047295212745667,,,,,False
overlay_blocking,1,mouse_2,1,423.8719177246094,215.26190185546875,,,,,False
overlay_blocking,1,mouse_3,1,-129.23924255371094,1239.8626708984375,,,,,False
overlay_blocking,1,mouse_4,1,0.36444443464279175,0.4047619104385376,,,,,False
overlay_blocking,1,mouse_5,1,0.010238096117973328,0.0,,,,,False
overlay_blocking,1,mouse_6,1,0.004404762294143438,0.0,,,,,False
price_change,7,frontal_theta,5,0.4432004392147064,1.344274666905403,203.31077042341664,0.5285493663258198,0.3125,0.3125,False
price_change,7,frontal_alpha,5,0.06263775229454041,0.05192386507987976,-17.10452052490071,-0.007380895140420983,1.0,1.0,False
price_change,7,frontal_beta,5,0.39778878092765807,-0.3632246136665344,-191.31092451329832,-1.2206974064259533,0.0625,0.06418918918918919,False
price_change,7,frontal_gamma,5,0.421891051530838,0.6590618386864662,56.21612173067769,0.21540409131289545,0.8125,1.0,False
price_change,7,frontal_central_theta,5,0.48164188861846924,1.5260704576969146,216.84753621771006,0.5878680826877076,0.3125,0.3125,False
price_change,7,frontal_central_alpha,5,0.011210563778877258,-0.09922074675559997,-985.0647275874314,-0.07962626061019447,0.625,0.95,False
price_change,7,frontal_central_beta,5,0.43491652309894563,0.3469450816512108,-20.227201487006667,-0.08405098368033415,1.0,1.0,False
price_change,7,frontal_central_gamma,5,0.617394644021988,0.8846992254257202,43.29557827374298,0.3638682349000107,0.3125,0.5037878787878788,False
price_change,7,central_theta,5,0.4271262586116791,1.6768781542778015,292.59542586674263,0.583839791273711,0.4375,0.5362903225806451,False
price_change,7,central_alpha,5,0.17970722839236258,0.7018243789672851,290.53764556672354,0.258525186217005,1.0,1.0,False
price_change,7,central_beta,5,0.3384378866467159,-0.5974268674850464,-276.52481911168405,-0.9126304674254625,0.125,0.2159090909090909,False
price_change,7,central_gamma,5,0.5844792127609253,0.1929074764251709,-66.99498078281998,-0.23378395221897014,0.625,0.6597222222222222,False
price_change,7,parietal_theta,5,0.4944112926721573,1.5684912845492363,217.2442271402676,0.8378861800031859,0.125,0.2159090909090909,False
price_change,7,parietal_alpha,5,0.3482938766479492,-0.5721521943807601,-264.27282604649724,-0.654619134443282,0.3125,0.5037878787878788,False
price_change,7,parietal_beta,5,0.37245872616767883,-1.0665977358818055,-386.3666926185165,-1.5470300635781524,0.0625,0.19791666666666666,False
price_change,7,parietal_gamma,5,0.44344440307468175,0.2237800881266594,-49.53593130850546,-0.25171612269141463,0.625,1.0,False
price_change,7,occipital_theta,5,0.5416616067290306,2.0186612606048584,272.67940634050257,0.6593769583390751,0.1875,0.3125,False
price_change,7,occipital_alpha,5,0.38562864661216734,1.1019839763641357,185.76299656665677,0.3948088746932642,0.4375,0.5037878787878788,False
price_change,7,occipital_beta,5,0.6444462358951568,1.2419879972934722,92.72173969261976,0.3307914061304661,0.625,1.0,False
price_change,7,occipital_gamma,5,0.7738220512866973,0.4828543394804001,-37.60137247121351,-0.1731407416337903,1.0,1.0,False
price_change,7,temporal_theta,5,0.35489502251148225,0.9315410554409027,162.48355039926776,0.6832499246328659,0.1875,0.30978260869565216,False
price_change,7,temporal_alpha,5,0.31282232999801635,-0.6356330513954163,-303.19299172033334,-0.49451348311735827,0.3125,0.3125,False
price_change,7,temporal_beta,5,0.40843762308359144,-0.34107678905129435,-183.50768136704718,-0.5098708651347139,0.4375,0.5362903225806451,False
price_change,7,temporal_gamma,5,0.33096112981438636,0.552740478515625,67.01069359976168,0.14546654834663547,1.0,1.0,False
price_change,7,faa_dynamic,5,0.14452523812651635,-0.143212428689003,-199.09163987299178,-0.8248765611854838,0.125,0.2159090909090909,False
price_change,7,eye_0,5,0.4647800326347351,0.36279725581407546,-21.942159653589183,-0.5221147428058597,0.8125,1.0,False
price_change,7,eye_1,5,0.3460450768470764,0.6012817323207855,73.75821026713945,0.9507527633471972,0.1875,0.30978260869565216,False
price_change,7,eye_2,5,0.027348772250115873,0.0,-99.99999963435286,-2.408520441826541,0.0625,0.06985294117647059,False
price_change,7,eye_3,5,0.11795784533023834,0.2100452670827508,78.06807713097305,0.3556657255400502,1.0,1.0,False
price_change,7,eye_4,5,0.11909905411303043,0.2100452670827508,76.36182635593934,0.35127043666430097,1.0,1.0,False
price_change,7,eye_5,5,49.463130187988284,57.442597198486325,16.132151321914634,0.3875518497842725,0.625,0.95,False
price_change,7,mouse_0,5,0.4493646204471588,0.43525559902191163,-3.139771308223517,-0.13196529647726785,1.0,1.0,False
price_change,7,mouse_1,5,0.3361989796161652,0.5000618487596512,48.73984724219766,0.5851601968204856,0.4375,0.5037878787878788,False
price_change,7,mouse_2,5,389.5009338378906,394.0508773803711,1.168147017684173,0.020844519501497266,0.8125,1.0,False
price_change,7,mouse_3,5,18.305255126953124,569.9902221679688,3013.806490059168,0.18537988036037084,1.0,1.0,False
price_change,7,mouse_4,5,0.3905280292034149,0.5412698477506638,38.599487677267916,0.6565237620661206,0.3125,0.3125,False
price_change,7,mouse_5,5,0.009247116651386023,0.0,-99.99999891858184,-2.794316089267627,0.0625,0.19791666666666666,False
price_change,7,mouse_6,5,0.0032510394346900286,0.0,-99.99999692406078,-0.9004061066391446,0.125,0.19791666666666666,False
search_irrelevant,1,frontal_theta,1,0.5763692259788513,-1.4725409746170044,,,,,False
search_irrelevant,1,frontal_alpha,1,0.18111036717891693,-1.1045604944229126,,,,,False
search_irrelevant,1,frontal_beta,1,0.5565739870071411,-0.7088923454284668,,,,,False
search_irrelevant,1,frontal_gamma,1,0.5014713406562805,-0.22251488268375397,,,,,False
search_irrelevant,1,frontal_central_theta,1,0.7643307447433472,-3.3606138229370117,,,,,False
search_irrelevant,1,frontal_central_alpha,1,0.21096579730510712,-2.0143065452575684,,,,,False
search_irrelevant,1,frontal_central_beta,1,0.507107138633728,1.3986291885375977,,,,,False
search_irrelevant,1,frontal_central_gamma,1,0.5942355990409851,0.024758294224739075,,,,,False
search_irrelevant,1,central_theta,1,0.6130982637405396,-0.8394579291343689,,,,,False
search_irrelevant,1,central_alpha,1,0.3707602620124817,2.2484726905822754,,,,,False
search_irrelevant,1,central_beta,1,0.38461795449256897,-1.1210148334503174,,,,,False
search_irrelevant,1,central_gamma,1,0.5464195609092712,-0.04117707163095474,,,,,False
search_irrelevant,1,parietal_theta,1,0.5541683435440063,-3.9888885021209717,,,,,False
search_irrelevant,1,parietal_alpha,1,0.49676722288131714,-2.0843212604522705,,,,,False
search_irrelevant,1,parietal_beta,1,0.4229733645915985,-0.1366765797138214,,,,,False
search_irrelevant,1,parietal_gamma,1,0.5980799198150635,1.8161016702651978,,,,,False
search_irrelevant,1,occipital_theta,1,0.6176114678382874,-3.1917002201080322,,,,,False
search_irrelevant,1,occipital_alpha,1,0.3834851086139679,2.2986562252044678,,,,,False
search_irrelevant,1,occipital_beta,1,0.5307174324989319,-0.5070735812187195,,,,,False
search_irrelevant,1,occipital_gamma,1,0.5897796750068665,2.5558674335479736,,,,,False
search_irrelevant,1,temporal_theta,1,0.6824013590812683,-3.263751983642578,,,,,False
search_irrelevant,1,temporal_alpha,1,0.4498821496963501,-0.8784880042076111,,,,,False
search_irrelevant,1,temporal_beta,1,0.4063486158847809,0.8622045516967773,,,,,False
search_irrelevant,1,temporal_gamma,1,0.3251568377017975,2.1659202575683594,,,,,False
search_irrelevant,1,faa_dynamic,1,0.20897521078586578,-0.029342031106352806,,,,,False
search_irrelevant,1,eye_0,1,0.48776620626449585,0.7755035161972046,,,,,False
search_irrelevant,1,eye_1,1,0.3467104136943817,0.1810447722673416,,,,,False
search_irrelevant,1,eye_2,1,0.025113636627793312,0.0,,,,,False
search_irrelevant,1,eye_3,1,0.06407478451728821,0.0,,,,,False
search_irrelevant,1,eye_4,1,0.06529909372329712,0.0,,,,,False
search_irrelevant,1,eye_5,1,57.18268966674805,68.22876739501953,,,,,False
search_irrelevant,1,mouse_0,1,0.4759212136268616,0.5233132243156433,,,,,False
search_irrelevant,1,mouse_1,1,0.35981133580207825,0.47324684262275696,,,,,False
search_irrelevant,1,mouse_2,1,423.8719177246094,459.20367431640625,,,,,False
search_irrelevant,1,mouse_3,1,-129.23924255371094,-1980.360107421875,,,,,False
search_irrelevant,1,mouse_4,1,0.36444443464279175,0.0,,,,,False
search_irrelevant,1,mouse_5,1,0.010238096117973328,0.0,,,,,False
search_irrelevant,1,mouse_6,1,0.004404762294143438,0.0,,,,,False
skeleton_prolong,12,frontal_theta,9,0.5834265599648157,0.12825483083724976,-78.01697082097165,-0.16431797671729548,0.8203125,0.8424831081081081,False
skeleton_prolong,12,frontal_alpha,9,0.13406980260171825,0.6888479457961189,413.7979858362919,0.30894650765279374,0.49609375,0.5703125,False
skeleton_prolong,12,frontal_beta,9,0.4938000937302907,0.32155701683627236,-34.8811349058218,-0.1546440512789999,0.5703125,0.5703125,False
skeleton_prolong,12,frontal_gamma,9,0.4947039749887254,0.397122816907035,-19.725161509807798,-0.10509135176693324,0.734375,0.8424831081081081,False
skeleton_prolong,12,frontal_central_theta,9,0.7257402986288071,0.46579569743739235,-35.81785407903195,-0.12703408467254412,0.8203125,0.8424831081081081,False
skeleton_prolong,12,frontal_central_alpha,9,0.09801791939470503,1.2254689733187358,1150.249933620491,0.9304973618316326,0.01953125,0.027488425925925927,True
skeleton_prolong,12,frontal_central_beta,9,0.5129477994309531,0.752445207701789,46.69040562993656,0.1841900118193929,0.91015625,1.0,False
skeleton_prolong,12,frontal_central_gamma,9,0.6023638844490051,0.7385292417473264,22.605166211163105,0.18642656045515202,0.49609375,0.5703125,False
skeleton_prolong,12,central_theta,9,0.49323850052638185,0.5121587846014235,3.8359300928484044,0.007123542122123517,1.0,1.0,False
skeleton_prolong,12,central_alpha,9,0.25249503138992524,0.37237492203712463,47.47811865437942,0.07290141397368424,0.91015625,1.0,False
skeleton_prolong,12,central_beta,9,0.38715988569310866,0.7132568955421448,84.22799515528749,0.14807705665229431,0.91015625,1.0,False
skeleton_prolong,12,central_gamma,9,0.5837782091564603,0.4188968025975757,-28.243843970964377,-0.08693528709321839,0.65234375,0.7973214285714286,False
skeleton_prolong,12,parietal_theta,9,0.6132030967209074,0.5590806285747223,-8.826189630609809,-0.028514601406369758,0.734375,0.7973214285714286,False
skeleton_prolong,12,parietal_alpha,9,0.5113841394583384,0.378566003508038,-25.972283001387176,-0.0913657906638022,1.0,1.0,False
skeleton_prolong,12,parietal_beta,9,0.44872217377026874,0.21227634201447168,-52.693146344079835,-0.28445232553916894,0.1640625,0.36672794117647056,False
skeleton_prolong,12,parietal_gamma,9,0.6185507620167401,0.5393121424648497,-12.810366489684405,-0.0848313360122012,1.0,1.0,False
skeleton_prolong,12,occipital_theta,9,0.7269894373085763,-0.21186104085710314,-129.14224469509517,-0.2685027441020751,0.49609375,0.5703125,False
skeleton_prolong,12,occipital_alpha,9,0.6072154885364903,0.36602187818951076,-39.72125462224007,-0.10384998110063814,0.8203125,0.8424831081081081,False
skeleton_prolong,12,occipital_beta,9,0.5984315946698189,0.8889826867315505,48.55209761668572,0.17407567009652378,0.65234375,0.7973214285714286,False
skeleton_prolong,12,occipital_gamma,9,0.677420073085361,1.2095949269003339,78.559061781648,0.44792908044869173,0.25,0.5703125,False
skeleton_prolong,12,temporal_theta,9,0.6985058271222644,1.1564867231580946,65.56579461292036,0.2374610731320506,0.49609375,0.5703125,False
skeleton_prolong,12,temporal_alpha,9,0.3371438996659385,0.6340553247266345,88.06667576273104,0.23240370178242223,0.65234375,0.7973214285714286,False
skeleton_prolong,12,temporal_beta,9,0.39999263485272724,0.8125552965535058,103.142564549854,0.31429737456104223,0.359375,0.5703125,False
skeleton_prolong,12,temporal_gamma,9,0.3410853126810657,1.5725716286235385,361.04935328391986,1.0528773479000255,0.01171875,0.023193359375,True
skeleton_prolong,12,faa_dynamic,9,0.20569097664621142,0.15284275843037498,-25.693017288280164,-0.14476544094366411,0.5703125,0.5703125,False
skeleton_prolong,12,eye_0,9,0.4827802644835578,0.581835518280665,20.517668401907738,0.8357976250495631,0.01953125,0.023193359375,True
skeleton_prolong,12,eye_1,9,0.339007169008255,0.504332517584165,48.76750807683264,1.0838718044969209,0.01953125,0.023193359375,True
skeleton_prolong,12,eye_2,9,0.024318421673443582,0.03030302996436755,24.609361358553837,0.1310366254240349,1.0,1.0,False
skeleton_prolong,12,eye_3,9,0.08250860714664061,0.20832970407274035,152.49451072417978,0.7256108885886322,0.0546875,0.36672794117647056,False
skeleton_prolong,12,eye_4,9,0.08373554019878308,0.21922698451413047,161.80876582618345,0.7197012767134532,0.02734375,0.05772569444444445,False
skeleton_prolong,12,eye_5,9,55.15470843844943,62.789280573527016,13.842104058230376,0.23220532662599297,0.8203125,0.8424831081081081,False
skeleton_prolong,12,mouse_0,9,0.4740286072095235,0.4534056915177239,-4.350563525870404,-0.07501298254053126,0.8203125,0.8424831081081081,False
skeleton_prolong,12,mouse_1,9,0.35095622804429794,0.3502488301859962,-0.2015629875104853,-0.0028373306184101515,0.8203125,0.8424831081081081,False
skeleton_prolong,12,mouse_2,9,409.39633009168836,201.74894629584418,-50.72038231248648,-1.2752541187356257,0.01953125,0.023193359375,True
skeleton_prolong,12,mouse_3,9,-119.79638671875,253.42554897732205,311.54690547719616,0.5019678186071407,0.42578125,0.5703125,False
skeleton_prolong,12,mouse_4,9,0.3692035675048828,0.4129629631837209,11.852376173588022,0.143685486848598,0.5703125,0.5703125,False
skeleton_prolong,12,mouse_5,9,0.00960993223513166,0.0,-99.99999895940995,-3.0266072455360464,0.00390625,0.005301339285714286,True
skeleton_prolong,12,mouse_6,9,0.003825607793664353,0.0,-99.99999738603634,-1.0358682400890986,0.015625,0.023193359375,True
slow_image,16,frontal_theta,9,0.5834265599648157,1.2344564232561324,111.58728584776642,0.3012700725089801,0.5703125,0.5857263513513513,False
slow_image,16,frontal_alpha,9,0.13406980260171825,0.7443011353413264,455.15941729045835,0.33836470304905514,0.359375,0.4758731617647059,False
slow_image,16,frontal_beta,9,0.4938000937302907,0.77963687479496,57.88512084870233,0.26417814462771433,0.5703125,0.5703125,False
slow_image,16,frontal_gamma,9,0.4947039749887254,0.713661124308904,44.260236494139455,0.18936519408647962,0.65234375,0.7996471774193549,False
slow_image,16,frontal_central_theta,9,0.7257402986288071,1.283443971640534,76.84617679197228,0.2706929059825726,0.49609375,0.5703125,False
slow_image,16,frontal_central_alpha,9,0.09801791939470503,-0.5376112129953172,-648.4825791720251,-0.3333904617390837,0.1640625,0.17317708333333334,False
slow_image,16,frontal_central_beta,9,0.5129477994309531,0.1858644993044436,-63.7654163689949,-0.2328258838782786,0.42578125,0.4758731617647059,False
slow_image,16,frontal_central_gamma,9,0.6023638844490051,0.7454950486620268,23.761577990384524,0.10843446524709985,0.8203125,0.890625,False
slow_image,16,central_theta,9,0.49323850052638185,0.9353412025504642,89.63264251728924,0.17375590644130023,0.5703125,0.7996471774193549,False
slow_image,16,central_alpha,9,0.25249503138992524,-0.23368731472227308,-192.5512526893415,-0.2589202716275537,0.42578125,0.4758731617647059,False
slow_image,16,central_beta,9,0.38715988569310866,1.0316431096030607,166.4643594440857,0.38723078238978675,0.5703125,0.7996471774193549,False
slow_image,16,central_gamma,9,0.5837782091564603,1.1756753855281405,101.39076227692034,0.27092205956085064,0.30078125,0.357177734375,False
slow_image,16,parietal_theta,9,0.6132030967209074,0.42006022069189286,-31.49737452898481,-0.07918792663993303,0.91015625,1.0,False
slow_image,16,parietal_alpha,9,0.5113841394583384,-0.31889691286616856,-162.35956262577616,-0.5671832241146899,0.1640625,0.328125,False
slow_image,16,parietal_beta,9,0.44872217377026874,0.5177106724845039,15.374434946952404,0.0579113737697724,1.0,1.0,False
slow_image,16,parietal_gamma,9,0.6185507620167401,1.2675568254457579,104.92365431869435,0.892576732217988,0.07421875,0.17317708333333334,False
slow_image,16,occipital_theta,9,0.7269894373085763,0.89967613418897,23.753673436570402,0.06216700641093596,1.0,1.0,False
slow_image,16,occipital_alpha,9,0.6072154885364903,0.09419202597604857,-84.48787492434391,-0.39702224034941075,0.30078125,0.357177734375,False
slow_image,16,occipital_beta,9,0.5984315946698189,1.4116216831737094,135.88689093474025,0.45418160258324464,0.30078125,0.357177734375,False
slow_image,16,occipital_gamma,9,0.677420073085361,0.4987641761286391,-26.372985393929515,-0.18672394439739082,0.65234375,0.7996471774193549,False
slow_image,16,temporal_theta,9,0.6985058271222644,2.341071754693985,235.15421970117026,0.5457398590993343,0.1640625,0.328125,False
slow_image,16,temporal_alpha,9,0.3371438996659385,0.29452914992968243,-12.639929052799491,-0.028622702034872084,0.91015625,1.0,False
slow_image,16,temporal_beta,9,0.39999263485272724,0.37831105126274955,-5.420495703012157,-0.026524402428967225,0.91015625,1.0,False
slow_image,16,temporal_gamma,9,0.3410853126810657,0.3150486714310116,-7.633468893093717,-0.02124535828781391,0.8203125,1.0,False
slow_image,16,faa_dynamic,9,0.20569097664621142,0.1924094663312038,-6.457021365305106,-0.03911897479152109,1.0,1.0,False
slow_image,16,eye_0,9,0.4827802644835578,0.48504355549812317,0.4688035490675339,0.022943328122038188,0.42578125,0.4758731617647059,False
slow_image,16,eye_1,9,0.339007169008255,0.48373115724987453,42.690539147685364,1.1605119000112711,0.0078125,0.010602678571428572,True
slow_image,16,eye_2,9,0.024318421673443582,0.024579124318228826,1.0720376807920113,0.006826972513386189,0.65234375,0.7996471774193549,False
slow_image,16,eye_3,9,0.08250860714664061,0.1112896998723348,34.88253369695077,0.3391281933529393,0.5703125,0.5857263513513513,False
slow_image,16,eye_4,9,0.08373554019878308,0.1293595830599467,54.48587624605875,0.4517197466303156,0.42578125,0.4758731617647059,False
slow_image,16,eye_5,9,55.15470843844943,45.99011336432563,-16.616160856574062,-0.9276103383040954,0.01953125,0.083125,False
slow_image,16,mouse_0,9,0.4740286072095235,0.5137617190678915,8.382007171230425,0.4109644253754246,0.30078125,0.357177734375,False
slow_image,16,mouse_1,9,0.35095622804429794,0.5035397940211825,43.47652320737527,0.9468872992671244,0.0390625,0.083125,False
slow_image,16,mouse_2,9,409.39633009168836,487.6724556816949,19.119889416804664,0.23764124588341975,0.734375,0.890625,False
slow_image,16,mouse_3,9,-119.79638671875,1308.1954667833115,1192.015796647869,0.48463869857039293,0.1640625,0.17317708333333334,False
slow_image,16,mouse_4,9,0.3692035675048828,0.4434744384553697,20.116509553875893,0.8612278477316806,0.0546875,0.083125,False
slow_image,16,mouse_5,9,0.00960993223513166,0.0,-99.99999895940995,-3.0266072455360464,0.00390625,0.008731617647058824,True
slow_image,16,mouse_6,9,0.003825607793664353,0.0,-99.99999738603634,-1.0358682400890986,0.015625,0.03958333333333333,True
sort_reset,10,frontal_theta,8,0.6042902525514364,1.0255795568227768,69.71638255339298,0.2344079716058125,0.546875,0.59375,False
sort_reset,10,frontal_alpha,8,0.12237170588923618,0.30758811347186565,151.3555818196415,0.15583684126010783,0.7421875,0.7622466216216216,False
sort_reset,10,frontal_beta,8,0.5139098167419434,-0.5426705591380596,-205.5964570540519,-1.4446505764034014,0.0234375,0.05397727272727273,False
sort_reset,10,frontal_gamma,8,0.4666641503572464,0.1683465781970881,-63.92553871298258,-0.18868090078565913,0.9453125,0.9453125,False
sort_reset,10,frontal_central_theta,8,0.7599747162312269,0.0999991288408637,-86.84178212880438,-0.37348153441618714,0.3125,0.4408143939393939,False
sort_reset,10,frontal_central_alpha,8,0.11534538213163614,-0.2871902287006378,-348.98285743585603,-0.22292339309273693,0.546875,0.7622466216216216,False
sort_reset,10,frontal_central_beta,8,0.5530771464109421,-0.376108143478632,-168.00283572577356,-0.5894769461851431,0.109375,0.1298828125,False
sort_reset,10,frontal_central_gamma,8,0.5319220796227455,0.4105709120631218,-22.81371129073562,-0.13127227937662558,0.84375,0.9453125,False
sort_reset,10,central_theta,8,0.5102972668828443,1.6645961627364159,226.2012694440666,0.5375218418110362,0.25,0.35185185185185186,False
sort_reset,10,central_alpha,8,0.28052153205499053,0.6780523061752319,141.7113228586682,0.11736552120020223,0.9453125,0.9453125,False
sort_reset,10,central_beta,8,0.3741245140081446,-0.6211611814796925,-266.0306015660175,-0.9727929702492515,0.0546875,0.1154513888888889,False
sort_reset,10,central_gamma,8,0.5976649969816208,1.5621801055967808,161.38055822657452,0.6192220998848631,0.1484375,0.23941532258064516,False
sort_reset,10,parietal_theta,8,0.612969109788537,0.7959113493561745,29.845262447385622,0.06877508553009848,1.0,1.0,False
sort_reset,10,parietal_alpha,8,0.473471712321043,-0.21971195610240102,-146.40445252345262,-0.47619527635493986,0.25,0.35185185185185186,False
sort_reset,10,parietal_beta,8,0.4386729560792446,0.1078021191060543,-75.42540115876082,-0.785929880657417,0.078125,0.1298828125,False
sort_reset,10,parietal_gamma,8,0.5970050519099459,0.933074027299881,56.292484336353034,0.36222172805738423,0.3828125,0.4408143939393939,False
sort_reset,10,occipital_theta,8,0.8287831153720617,2.5971333160996437,213.3670640382626,0.6032893616551667,0.1953125,0.35185185185185186,False
sort_reset,10,occipital_alpha,8,0.6134674302302301,1.3668921552598476,122.81413613499387,0.4002593306199406,0.1484375,0.1945043103448276,False
sort_reset,10,occipital_beta,8,0.5412721121683717,-0.07467536255717278,-113.79627007647264,-0.28901401223041506,0.546875,0.7622466216216216,False
sort_reset,10,occipital_gamma,8,0.6517959237098694,0.05266292206943035,-91.92033576067709,-0.7280814370648265,0.0546875,0.06112132352941176,False
sort_reset,10,temporal_theta,8,0.7382257301360369,1.4843251407146454,101.06656812680508,0.24869680226812005,0.640625,0.7622466216216216,False
sort_reset,10,temporal_alpha,8,0.2920116502791643,0.20406758040189743,-30.116630539595036,-0.029650473037009736,1.0,1.0,False
sort_reset,10,temporal_beta,8,0.3463473357260227,-0.5358971059322357,-254.72823099797935,-0.5137824336573863,0.3828125,0.4408143939393939,False
sort_reset,10,temporal_gamma,8,0.37479156674817204,-0.03705564886331558,-109.88700174738103,-0.3200739622628851,0.3828125,0.4408143939393939,False
sort_reset,10,faa_dynamic,8,0.20977375842630863,0.1207623416557908,-42.43210275481359,-0.2724748573605606,0.3828125,0.4408143939393939,False
sort_reset,10,eye_0,8,0.4815761223435402,0.5445409193634987,13.074734000612844,0.476044509232704,0.1953125,0.23941532258064516,False
sort_reset,10,eye_1,8,0.3459259942173958,0.49374097399413586,42.73023195854895,0.7188578678120532,0.109375,0.1298828125,False
sort_reset,10,eye_2,8,0.02301039849407971,0.018181818537414074,-20.984338610753003,-0.11663416671824074,0.3828125,0.4408143939393939,False
sort_reset,10,eye_3,8,0.08660822792444378,0.22217024583369493,156.52325535512742,0.5629796195934708,0.3125,0.4408143939393939,False
sort_reset,10,eye_4,8,0.08791139081586152,0.23884353786706924,171.6866784597485,0.6401500386586672,0.1484375,0.1945043103448276,False
sort_reset,10,eye_5,8,56.381539821624756,49.01233887672424,-13.07023711697394,-0.34141888354434113,0.4609375,0.59375,False
sort_reset,10,mouse_0,8,0.47526467964053154,0.5080352127552032,6.895217446531608,0.22265904513837032,0.4609375,0.59375,False
sort_reset,10,mouse_1,8,0.35654911771416664,0.446580795571208,25.250848581250974,0.42880752531329347,0.4609375,0.59375,False
sort_reset,10,mouse_2,8,413.3922824859619,372.6947421878576,-9.844775053215091,-0.14437303051465997,0.3828125,0.4408143939393939,False
sort_reset,10,mouse_3,8,-203.9879913330078,324.6194043159485,259.13652671139465,1.269574986796084,0.0078125,0.02283653846153846,True
sort_reset,10,mouse_4,8,0.36773496493697166,0.49583333544433117,34.834427695631454,0.5667137556816603,0.1953125,0.23941532258064516,False
sort_reset,10,mouse_5,8,0.009931256528943777,0.0,-99.9999989930781,-3.0707346570561205,0.0078125,0.02283653846153846,True
sort_reset,10,mouse_6,8,0.004226169010507874,0.0,-99.99999763379085,-1.1320237801206248,0.03125,0.05397727272727273,False
