metric,band,roi_a,roi_b,delta
wpli,theta,frontal,frontal,0.03309480845928192
wpli,theta,frontal,frontal_central,0.023018207401037216
wpli,theta,frontal,central,-0.00491314148530364
wpli,theta,frontal,parietal,0.008622927591204643
wpli,theta,frontal,occipital,0.00497274287045002
wpli,theta,frontal,temporal,0.027244053781032562
wpli,theta,frontal_central,frontal,0.023018207401037216
wpli,theta,frontal_central,frontal_central,0.021174483001232147
wpli,theta,frontal_central,central,-0.0006136364536359906
wpli,theta,frontal_central,parietal,-0.00015724037075415254
wpli,theta,frontal_central,occipital,-0.002663473365828395
wpli,theta,frontal_central,temporal,0.02515876293182373
wpli,theta,central,frontal,-0.00491314148530364
wpli,theta,central,frontal_central,-0.0006136364536359906
wpli,theta,central,central,-0.030550437048077583
wpli,theta,central,parietal,0.007984125055372715
wpli,theta,central,occipital,-0.003920627757906914
wpli,theta,central,temporal,-0.0013157030334696174
wpli,theta,parietal,frontal,0.008622927591204643
wpli,theta,parietal,frontal_central,-0.00015724037075415254
wpli,theta,parietal,central,0.007984125055372715
wpli,theta,parietal,parietal,0.006296104751527309
wpli,theta,parietal,occipital,-0.0024172465782612562
wpli,theta,parietal,temporal,0.00222958461381495
wpli,theta,occipital,frontal,0.00497274287045002
wpli,theta,occipital,frontal_central,-0.002663473365828395
wpli,theta,occipital,central,-0.003920627757906914
wpli,theta,occipital,parietal,-0.0024172465782612562
wpli,theta,occipital,occipital,-0.02206769399344921
wpli,theta,occipital,temporal,-0.0017872718162834644
wpli,theta,temporal,frontal,0.027244053781032562
wpli,theta,temporal,frontal_central,0.02515876293182373
wpli,theta,temporal,central,-0.0013157030334696174
wpli,theta,temporal,parietal,0.00222958461381495
wpli,theta,temporal,occipital,-0.0017872718162834644
wpli,theta,temporal,temporal,0.027782298624515533
wpli,alpha,frontal,frontal,0.011426389217376709
wpli,alpha,frontal,frontal_central,0.018888341262936592
wpli,alpha,frontal,central,0.0028805071488022804
wpli,alpha,frontal,parietal,0.0007513529853895307
wpli,alpha,frontal,occipital,0.0073117283172905445
wpli,alpha,frontal,temporal,0.02271350473165512
wpli,alpha,frontal_central,frontal,0.018888341262936592
wpli,alpha,frontal_central,frontal_central,0.030329793691635132
wpli,alpha,frontal_central,central,0.008800125680863857
wpli,alpha,frontal_central,parietal,0.006475859321653843
wpli,alpha,frontal_central,occipital,0.014536221511662006
wpli,alpha,frontal_central,temporal,0.025176919996738434
wpli,alpha,central,frontal,0.0028805071488022804
wpli,alpha,central,frontal_central,0.008800125680863857
wpli,alpha,central,central,-0.022154685109853745
wpli,alpha,central,parietal,0.006590733770281076
wpli,alpha,central,occipital,0.0028439993038773537
wpli,alpha,central,temporal,-0.01450248435139656
wpli,alpha,parietal,frontal,0.0007513529853895307
wpli,alpha,parietal,frontal_central,0.006475859321653843
wpli,alpha,parietal,central,0.006590733770281076
wpli,alpha,parietal,parietal,0.002087189117446542
wpli,alpha,parietal,occipital,0.009394741617143154
wpli,alpha,parietal,temporal,0.008894877508282661
wpli,alpha,occipital,frontal,0.0073117283172905445
wpli,alpha,occipital,frontal_central,0.014536221511662006
wpli,alpha,occipital,central,0.0028439993038773537
wpli,alpha,occipital,parietal,0.009394741617143154
wpli,alpha,occipital,occipital,0.0010316736297681928
wpli,alpha,occipital,temporal,0.012143760919570923
wpli,alpha,temporal,frontal,0.02271350473165512
wpli,alpha,temporal,frontal_central,0.025176919996738434
wpli,alpha,temporal,central,-0.01450248435139656
wpli,alpha,temporal,parietal,0.008894877508282661
wpli,alpha,temporal,occipital,0.012143760919570923
wpli,alpha,temporal,temporal,-0.0012591746635735035
wpli,beta,frontal,frontal,0.001358552137389779
wpli,beta,frontal,frontal_central,0.012404263019561768
wpli,beta,frontal,central,-0.00024414394283667207
wpli,beta,frontal,parietal,0.0002655254502315074
wpli,beta,frontal,occipital,0.004985580686479807
wpli,beta,frontal,temporal,0.005001068115234375
wpli,beta,frontal_central,frontal,0.012404263019561768
wpli,beta,frontal_central,frontal_central,0.016186773777008057
wpli,beta,frontal_central,central,-0.0002073778014164418
wpli,beta,frontal_central,parietal,-0.0037683844566345215
wpli,beta,frontal_central,occipital,0.016597453504800797
wpli,beta,frontal_central,temporal,0.007258858997374773
wpli,beta,central,frontal,-0.00024414394283667207
wpli,beta,central,frontal_central,-0.0002073778014164418
wpli,beta,central,central,-0.017608463764190674
wpli,beta,central,parietal,-0.0008761882781982422
wpli,beta,central,occipital,0.001241319696418941
wpli,beta,central,temporal,-0.003447542665526271
wpli,beta,parietal,frontal,0.0002655254502315074
wpli,beta,parietal,frontal_central,-0.0037683844566345215
wpli,beta,parietal,central,-0.0008761882781982422
wpli,beta,parietal,parietal,-0.004111061338335276
wpli,beta,parietal,occipital,0.004907512106001377
wpli,beta,parietal,temporal,0.0031162335071712732
wpli,beta,occipital,frontal,0.004985580686479807
wpli,beta,occipital,frontal_central,0.016597453504800797
wpli,beta,occipital,central,0.001241319696418941
wpli,beta,occipital,parietal,0.004907512106001377
wpli,beta,occipital,occipital,0.0015816324157640338
wpli,beta,occipital,temporal,0.00889499019831419
wpli,beta,temporal,frontal,0.005001068115234375
wpli,beta,temporal,frontal_central,0.007258858997374773
wpli,beta,temporal,central,-0.003447542665526271
wpli,beta,temporal,parietal,0.0031162335071712732
wpli,beta,temporal,occipital,0.00889499019831419
wpli,beta,temporal,temporal,0.0006451606750488281
wpli,gamma,frontal,frontal,0.0059096417389810085
wpli,gamma,frontal,frontal_central,0.011956393718719482
wpli,gamma,frontal,central,0.0028336148243397474
wpli,gamma,frontal,parietal,0.002644449472427368
wpli,gamma,frontal,occipital,0.004564692731946707
wpli,gamma,frontal,temporal,-0.014517264440655708
wpli,gamma,frontal_central,frontal,0.011956393718719482
wpli,gamma,frontal_central,frontal_central,-0.004675471223890781
wpli,gamma,frontal_central,central,-0.007223139051347971
wpli,gamma,frontal_central,parietal,-0.01940270885825157
wpli,gamma,frontal_central,occipital,0.01213414128869772
wpli,gamma,frontal_central,temporal,-0.006693780422210693
wpli,gamma,central,frontal,0.0028336148243397474
wpli,gamma,central,frontal_central,-0.007223139051347971
wpli,gamma,central,central,-0.017708562314510345
wpli,gamma,central,parietal,-0.004753288347274065
wpli,gamma,central,occipital,-0.006636556703597307
wpli,gamma,central,temporal,0.0038607451133430004
wpli,gamma,parietal,frontal,0.002644449472427368
wpli,gamma,parietal,frontal_central,-0.01940270885825157
wpli,gamma,parietal,central,-0.004753288347274065
wpli,gamma,parietal,parietal,-0.006051725707948208
wpli,gamma,parietal,occipital,0.0013033119030296803
wpli,gamma,parietal,temporal,0.0029357606545090675
wpli,gamma,occipital,frontal,0.004564692731946707
wpli,gamma,occipital,frontal_central,0.01213414128869772
wpli,gamma,occipital,central,-0.006636556703597307
wpli,gamma,occipital,parietal,0.0013033119030296803
wpli,gamma,occipital,occipital,-0.007304785773158073
wpli,gamma,occipital,temporal,0.006936980411410332
wpli,gamma,temporal,frontal,-0.014517264440655708
wpli,gamma,temporal,frontal_central,-0.006693780422210693
wpli,gamma,temporal,central,0.0038607451133430004
wpli,gamma,temporal,parietal,0.0029357606545090675
wpli,gamma,temporal,occipital,0.006936980411410332
wpli,gamma,temporal,temporal,0.007268187124282122
aec,theta,frontal,frontal,0.03770381957292557
aec,theta,frontal,frontal_central,0.03578942269086838
aec,theta,frontal,central,0.030805885791778564
aec,theta,frontal,parietal,0.0816064178943634
aec,theta,frontal,occipital,0.06347230076789856
aec,theta,frontal,temporal,0.039356522262096405
aec,theta,frontal_central,frontal,0.03578942269086838
aec,theta,frontal_central,frontal_central,0.04889029636979103
aec,theta,frontal_central,central,0.03980066999793053
aec,theta,frontal_central,parietal,0.05864400416612625
aec,theta,frontal_central,occipital,0.047204043716192245
aec,theta,frontal_central,temporal,0.05928139388561249
aec,theta,central,frontal,0.030805885791778564
aec,theta,central,frontal_central,0.03980066999793053
aec,theta,central,central,0.05779974162578583
aec,theta,central,parietal,0.01575968600809574
aec,theta,central,occipital,0.05461743846535683
aec,theta,central,temporal,0.05197588726878166
aec,theta,parietal,frontal,0.0816064178943634
aec,theta,parietal,frontal_central,0.05864400416612625
aec,theta,parietal,central,0.01575968600809574
aec,theta,parietal,parietal,0.09939593821763992
aec,theta,parietal,occipital,0.07004866749048233
aec,theta,parietal,temporal,0.05916697531938553
aec,theta,occipital,frontal,0.06347230076789856
aec,theta,occipital,frontal_central,0.047204043716192245
aec,theta,occipital,central,0.05461743846535683
aec,theta,occipital,parietal,0.07004866749048233
aec,theta,occipital,occipital,0.04610394686460495
aec,theta,occipital,temporal,0.09909521788358688
aec,theta,temporal,frontal,0.039356522262096405
aec,theta,temporal,frontal_central,0.05928139388561249
aec,theta,temporal,central,0.05197588726878166
aec,theta,temporal,parietal,0.05916697531938553
aec,theta,temporal,occipital,0.09909521788358688
aec,theta,temporal,temporal,0.09760305285453796
aec,alpha,frontal,frontal,-0.004419156350195408
aec,alpha,frontal,frontal_central,0.012594116851687431
aec,alpha,frontal,central,0.0013344519538804889
aec,alpha,frontal,parietal,-0.01493458915501833
aec,alpha,frontal,occipital,0.049796946346759796
aec,alpha,frontal,temporal,0.025285087525844574
aec,alpha,frontal_central,frontal,0.012594116851687431
aec,alpha,frontal_central,frontal_central,0.02252078801393509
aec,alpha,frontal_central,central,0.042498257011175156
aec,alpha,frontal_central,parietal,0.001619516173377633
aec,alpha,frontal_central,occipital,0.0429660864174366
aec,alpha,frontal_central,temporal,0.03231537714600563
aec,alpha,central,frontal,0.0013344519538804889
aec,alpha,central,frontal_central,0.042498257011175156
aec,alpha,central,central,0.010817097499966621
aec,alpha,central,parietal,-0.014373530633747578
aec,alpha,central,occipital,0.016798287630081177
aec,alpha,central,temporal,-0.00025340914726257324
aec,alpha,parietal,frontal,-0.01493458915501833
aec,alpha,parietal,frontal_central,0.001619516173377633
aec,alpha,parietal,central,-0.014373530633747578
aec,alpha,parietal,parietal,0.024719230830669403
aec,alpha,parietal,occipital,0.003979280591011047
aec,alpha,parietal,temporal,0.023991554975509644
aec,alpha,occipital,frontal,0.049796946346759796
aec,alpha,occipital,frontal_central,0.0429660864174366
aec,alpha,occipital,central,0.016798287630081177
aec,alpha,occipital,parietal,0.003979280591011047
aec,alpha,occipital,occipital,0.03938473388552666
aec,alpha,occipital,temporal,0.04742516577243805
aec,alpha,temporal,frontal,0.025285087525844574
aec,alpha,temporal,frontal_central,0.03231537714600563
aec,alpha,temporal,central,-0.00025340914726257324
aec,alpha,temporal,parietal,0.023991554975509644
aec,alpha,temporal,occipital,0.04742516577243805
aec,alpha,temporal,temporal,0.009607749059796333
aec,beta,frontal,frontal,0.0012644057860597968
aec,beta,frontal,frontal_central,0.0033976684790104628
aec,beta,frontal,central,0.009709669277071953
aec,beta,frontal,parietal,0.007885228842496872
aec,beta,frontal,occipital,0.012291926890611649
aec,beta,frontal,temporal,0.003673212369903922
aec,beta,frontal_central,frontal,0.0033976684790104628
aec,beta,frontal_central,frontal_central,0.013736892491579056
aec,beta,frontal_central,central,0.003658261150121689
aec,beta,frontal_central,parietal,0.012513706460595131
aec,beta,frontal_central,occipital,0.027244772762060165
aec,beta,frontal_central,temporal,0.014358116313815117
aec,beta,central,frontal,0.009709669277071953
aec,beta,central,frontal_central,0.003658261150121689
aec,beta,central,central,-0.03315148502588272
aec,beta,central,parietal,-0.004297567531466484
aec,beta,central,occipital,0.015662716701626778
aec,beta,central,temporal,0.001363002578727901
aec,beta,parietal,frontal,0.007885228842496872
aec,beta,parietal,frontal_central,0.012513706460595131
aec,beta,parietal,central,-0.004297567531466484
aec,beta,parietal,parietal,-0.018116524443030357
aec,beta,parietal,occipital,0.01830149069428444
aec,beta,parietal,temporal,-0.01932349056005478
aec,beta,occipital,frontal,0.012291926890611649
aec,beta,occipital,frontal_central,0.027244772762060165
aec,beta,occipital,central,0.015662716701626778
aec,beta,occipital,parietal,0.01830149069428444
aec,beta,occipital,occipital,-0.03565865755081177
aec,beta,occipital,temporal,-0.008914832025766373
aec,beta,temporal,frontal,0.003673212369903922
aec,beta,temporal,frontal_central,0.014358116313815117
aec,beta,temporal,central,0.001363002578727901
aec,beta,temporal,parietal,-0.01932349056005478
aec,beta,temporal,occipital,-0.008914832025766373
aec,beta,temporal,temporal,0.015940168872475624
aec,gamma,frontal,frontal,0.008454917930066586
aec,gamma,frontal,frontal_central,-0.002568312920629978
aec,gamma,frontal,central,0.02393115870654583
aec,gamma,frontal,parietal,0.012862005271017551
aec,gamma,frontal,occipital,0.006379854399710894
aec,gamma,frontal,temporal,0.010619467124342918
aec,gamma,frontal_central,frontal,-0.002568312920629978
aec,gamma,frontal_central,frontal_central,0.0259719081223011
aec,gamma,frontal_central,central,0.014233095571398735
aec,gamma,frontal_central,parietal,-0.0013735448010265827
aec,gamma,frontal_central,occipital,0.024637168273329735
aec,gamma,frontal_central,temporal,-0.002009748946875334
aec,gamma,central,frontal,0.02393115870654583
aec,gamma,central,frontal_central,0.014233095571398735
aec,gamma,central,central,0.03989686444401741
aec,gamma,central,parietal,0.0026024903636425734
aec,gamma,central,occipital,0.008972817100584507
aec,gamma,central,temporal,-0.006824139039963484
aec,gamma,parietal,frontal,0.012862005271017551
aec,gamma,parietal,frontal_central,-0.0013735448010265827
aec,gamma,parietal,central,0.0026024903636425734
aec,gamma,parietal,parietal,0.020573480054736137
aec,gamma,parietal,occipital,0.01637737639248371
aec,gamma,parietal,temporal,-0.004581975284963846
aec,gamma,occipital,frontal,0.006379854399710894
aec,gamma,occipital,frontal_central,0.024637168273329735
aec,gamma,occipital,central,0.008972817100584507
aec,gamma,occipital,parietal,0.01637737639248371
aec,gamma,occipital,occipital,-0.0400611087679863
aec,gamma,occipital,temporal,0.025835521519184113
aec,gamma,temporal,frontal,0.010619467124342918
aec,gamma,temporal,frontal_central,-0.002009748946875334
aec,gamma,temporal,central,-0.006824139039963484
aec,gamma,temporal,parietal,-0.004581975284963846
aec,gamma,temporal,occipital,0.025835521519184113
aec,gamma,temporal,temporal,-0.01238630898296833
