interpretation_status,scenario,metric,band,connection,network_category,direction,delta_mean,cohens_d,t_p_raw,t_p_fdr,wilcoxon_p_raw,wilcoxon_p_fdr,perm_p_raw,n_subjects,reliability_flag
confirmatory_fdr_significant,facet_reset_once,aec,gamma,occipital-occipital,visual_occipital,decrease,-0.1030374690890312,-2.369530685836863,0.0007652050891998,0.016069306873197,0.015625,0.109375,0.0149253731343283,7,usable_n
confirmatory_fdr_significant,skeleton_prolong,wpli,gamma,parietal-temporal,parietal_temporal,increase,0.0307579766958951,1.7184577742622855,0.0008685753729627,0.0182400828322178,0.00390625,0.08203125,0.0099502487562189,9,usable_n
confirmatory_fdr_significant,facet_reset_once,wpli,beta,frontal_central-parietal,fronto-parietal_control,decrease,-0.0117689920589327,-2.198649888849636,0.0011339578082864,0.0238131139740157,0.015625,0.328125,0.0298507462686567,7,usable_n
confirmatory_fdr_significant,network_jitter,aec,theta,frontal-occipital,visual_occipital,increase,0.0858271420001983,1.372363979170643,0.0033576339163129,0.0315228230261329,0.0078125,0.0615234375,0.0099502487562189,9,usable_n
confirmatory_fdr_significant,network_jitter,aec,theta,frontal_central-parietal,fronto-parietal_control,increase,0.0339186042547225,1.3103644266974142,0.0043499979263407,0.0315228230261329,0.0078125,0.0615234375,0.0099502487562189,9,usable_n
confirmatory_fdr_significant,network_jitter,aec,theta,parietal-occipital,visual_occipital,increase,0.0423004180192947,1.3021635282634565,0.0045032604323047,0.0315228230261329,0.01171875,0.0615234375,0.0099502487562189,9,usable_n
confirmatory_fdr_significant,sort_reset,aec,beta,frontal-temporal,other,decrease,-0.0418284311890602,-1.7800469380538508,0.0015053490450101,0.0316123299452125,0.0078125,0.1640625,0.0199004975124378,8,usable_n
confirmatory_fdr_significant,facet_reset_once,aec,gamma,frontal-central,other,decrease,-0.0271101128309965,-1.7246436310060889,0.003838823827025,0.0403076501837625,0.015625,0.109375,0.0149253731343283,7,usable_n
exploratory_trend,button_delay,aec,gamma,occipital-occipital,visual_occipital,decrease,-0.1038716435432434,-1.854587298362392,0.0026924221698597,0.056540865567054,0.015625,0.328125,0.0099502487562189,7,usable_n
exploratory_trend,skeleton_prolong,wpli,beta,parietal-temporal,parietal_temporal,increase,0.0157129429280757,1.4128578131852507,0.0028429857323752,0.0597027003798807,0.00390625,0.08203125,0.0049751243781094,9,usable_n
exploratory_trend,network_jitter,aec,theta,central-temporal,other,increase,0.043488573282957,1.0464114456742697,0.013821196823734,0.0666111034124411,0.01171875,0.0615234375,0.0199004975124378,9,usable_n
exploratory_trend,network_jitter,aec,theta,frontal-parietal,fronto-parietal_control,increase,0.0440865941345691,1.0161298275723565,0.0158597865267716,0.0666111034124411,0.01953125,0.08203125,0.0348258706467661,9,usable_n
exploratory_trend,button_delay,aec,beta,occipital-occipital,visual_occipital,decrease,-0.0953370109200477,-1.771022128995532,0.0033759342568381,0.0708946193936004,0.015625,0.1640625,0.0049751243781094,7,usable_n
exploratory_trend,broken_image,aec,theta,frontal-parietal,fronto-parietal_control,decrease,-0.0577092766761779,-1.3391274144461658,0.0038551901160453,0.0809589924369524,0.0078125,0.1640625,0.0149253731343283,9,usable_n
exploratory_trend,network_jitter,aec,theta,frontal-temporal,other,increase,0.0464471243321895,0.9176975534302932,0.0249394705698805,0.0872881469945818,0.0390625,0.13671875,0.044776119402985,9,usable_n
exploratory_trend,feedback_late,wpli,theta,frontal_central-occipital,visual_occipital,increase,0.0193418767303228,1.2980069486258894,0.0045831450745277,0.096246046565082,0.01171875,0.1171875,0.0199004975124378,9,usable_n
exploratory_trend,coupon_min_spend,aec,beta,frontal_central-central,sensorimotor,increase,0.0295458957552909,1.2913390532444011,0.0047144852260763,0.0990041897476029,0.00390625,0.08203125,0.0099502487562189,9,usable_n
exploratory_trend,feedback_late,wpli,alpha,parietal-parietal,other,decrease,-0.0146484142169356,-1.2803234603827998,0.004940383073546,0.103748044544468,0.0078125,0.1640625,0.0049751243781094,9,usable_n
exploratory_trend,feedback_late,wpli,theta,frontal_central-central,other,increase,0.0167219433933496,0.8984608482651808,0.0272683373272898,0.106104844053031,0.0390625,0.1171875,0.0298507462686567,9,usable_n
exploratory_trend,feedback_late,wpli,theta,frontal-occipital,visual_occipital,increase,0.0158763006329536,0.8794743704649058,0.029786135105866,0.106104844053031,0.02734375,0.1171875,0.0199004975124378,9,usable_n
exploratory_trend,feedback_late,wpli,theta,frontal-parietal,fronto-parietal_control,increase,0.0215486250817775,0.8677640833551769,0.0314564641080221,0.106104844053031,0.0546875,0.1435546875,0.0348258706467661,9,usable_n
exploratory_trend,feedback_late,wpli,theta,central-parietal,other,increase,0.0228661522269248,0.8263333630791473,0.0381711165423623,0.106104844053031,0.0390625,0.1171875,0.0398009950248756,9,usable_n
exploratory_trend,feedback_late,wpli,theta,frontal_central-temporal,other,increase,0.0153614711016416,0.8237129930821987,0.0386417807738428,0.106104844053031,0.09765625,0.205078125,0.0696517412935323,9,usable_n
exploratory_trend,feedback_late,wpli,theta,frontal_central-frontal_central,other,increase,0.0156192909926176,0.8154990540396665,0.0401555110877971,0.106104844053031,0.0390625,0.1171875,0.0398009950248756,9,usable_n
exploratory_trend,feedback_late,wpli,theta,parietal-temporal,parietal_temporal,increase,0.0209412015974521,0.8140912490687775,0.0404208929725832,0.106104844053031,0.0390625,0.1171875,0.0149253731343283,9,usable_n
exploratory_trend,first_click_miss,aec,beta,frontal_central-parietal,fronto-parietal_control,increase,0.0224467366933822,1.4191861452225154,0.0050979015423645,0.1070559323896547,0.0078125,0.1640625,0.0049751243781094,8,usable_n
exploratory_trend,coupon_min_spend,aec,alpha,frontal-central,other,increase,0.0840766951441764,1.1345884609923915,0.0093085106387733,0.1093282500267763,0.01953125,0.13671875,0.0248756218905472,9,usable_n
exploratory_trend,coupon_min_spend,aec,alpha,frontal-frontal_central,other,increase,0.0698826983571052,1.1094007495479872,0.0104122142882644,0.1093282500267763,0.01171875,0.123046875,0.0049751243781094,9,usable_n
exploratory_trend,coupon_min_spend,wpli,theta,central-central,other,decrease,-0.0624067038297653,-1.2636991373779145,0.0053035255943893,0.1113740374821758,0.01171875,0.205078125,0.0199004975124378,9,usable_n
exploratory_trend,slow_image,wpli,alpha,frontal-temporal,other,increase,0.0227135047316551,1.2522000739530732,0.0055713600920938,0.1169985619339717,0.00390625,0.08203125,0.0049751243781094,9,usable_n
exploratory_trend,first_click_miss,aec,beta,occipital-temporal,visual_occipital,increase,0.0237993448972702,1.1604008107459198,0.013447913340627,0.1412030900765843,0.0234375,0.24609375,0.0298507462686567,8,usable_n
exploratory_trend,coupon_min_spend,aec,alpha,occipital-temporal,visual_occipital,increase,0.0921110361814498,0.9122499460758968,0.0255774353485811,0.1431963570397531,0.00390625,0.08203125,0.0099502487562189,9,usable_n
exploratory_trend,coupon_min_spend,aec,alpha,frontal-occipital,default-mode_attention_reorientation,increase,0.107687771320343,0.8212464314672613,0.0390901913585365,0.1431963570397531,0.0390625,0.1640625,0.0547263681592039,9,usable_n
exploratory_trend,coupon_min_spend,aec,alpha,frontal_central-temporal,other,increase,0.0639207735657692,0.819026197179093,0.0394983088021236,0.1431963570397531,0.0546875,0.1708984375,0.0348258706467661,9,usable_n
exploratory_trend,slow_image,wpli,gamma,frontal_central-parietal,other,decrease,-0.0194027088582515,-1.2007684843358326,0.006958963966282,0.1461382432919231,0.01171875,0.24609375,0.0149253731343283,9,usable_n
exploratory_trend,first_click_miss,aec,gamma,frontal-parietal,other,increase,0.0156392846256494,1.1849732926631624,0.0122237887855317,0.148576662834735,0.015625,0.24609375,0.0248756218905472,8,usable_n
exploratory_trend,first_click_miss,aec,gamma,parietal-temporal,parietal_temporal,decrease,-0.0146163702011108,-1.1473647255620398,0.0141501583652128,0.148576662834735,0.0234375,0.24609375,0.0099502487562189,8,usable_n
exploratory_trend,coupon_min_spend,wpli,theta,frontal_central-parietal,fronto-parietal_control,increase,0.0388084575533866,1.0280456992708022,0.0150224154780923,0.1577353625199699,0.01953125,0.205078125,0.0199004975124378,9,usable_n
exploratory_trend,broken_image,aec,gamma,frontal_central-temporal,other,increase,0.0422787405550479,1.1827652922918812,0.0075281367359647,0.1580908714552594,0.01953125,0.41015625,0.0099502487562189,9,usable_n
exploratory_trend,button_delay,aec,beta,occipital-temporal,visual_occipital,decrease,-0.0361431874334812,-1.2720143612626924,0.0151276120460903,0.1588399264839485,0.015625,0.1640625,0.0199004975124378,7,usable_n
exploratory_trend,first_click_miss,aec,theta,central-occipital,visual_occipital,increase,0.0423631519079208,1.0970440996707191,0.0172517875788375,0.1629215899723683,0.0390625,0.1276041666666666,0.0497512437810945,8,usable_n
exploratory_trend,first_click_miss,aec,theta,frontal-temporal,other,increase,0.0412227697670459,1.047476172462002,0.0210240448898904,0.1629215899723683,0.0390625,0.1276041666666666,0.0497512437810945,8,usable_n
exploratory_trend,first_click_miss,aec,theta,frontal-central,other,increase,0.0334457196295261,0.979051464410537,0.0277269899141016,0.1629215899723683,0.0390625,0.1276041666666666,0.0248756218905472,8,usable_n
exploratory_trend,first_click_miss,aec,theta,parietal-temporal,parietal_temporal,increase,0.0472119748592376,0.9068707535141904,0.0372777572215793,0.1629215899723683,0.0546875,0.1276041666666666,0.0696517412935323,8,usable_n
exploratory_trend,first_click_miss,aec,theta,frontal_central-temporal,other,increase,0.0352891087532043,0.8828934511461751,0.0411605236398609,0.1629215899723683,0.0546875,0.1276041666666666,0.0796019900497512,8,usable_n
exploratory_trend,first_click_miss,aec,theta,central-parietal,other,increase,0.0434953458607196,0.8412091062506856,0.0489325501704855,0.1629215899723683,0.0390625,0.1276041666666666,0.0646766169154228,8,usable_n
exploratory_trend,button_delay,aec,gamma,central-central,other,decrease,-0.034832514822483,-1.2257267444247724,0.0176211154154787,0.1850217118625266,0.03125,0.328125,0.0746268656716417,7,usable_n
exploratory_trend,coupon_min_spend,wpli,alpha,frontal-frontal,other,increase,0.024332633242011,0.9821225317357573,0.018528307098037,0.2039678496019784,0.0078125,0.1640625,0.0199004975124378,9,usable_n
exploratory_trend,coupon_min_spend,wpli,alpha,frontal_central-temporal,other,increase,0.0273708272725343,0.9658709234728364,0.0199646544503289,0.2039678496019784,0.0390625,0.2734375,0.0248756218905472,9,usable_n
exploratory_trend,coupon_min_spend,wpli,alpha,frontal-temporal,other,increase,0.0248714592307806,0.8789454576902935,0.0298595923842299,0.2039678496019784,0.0390625,0.2734375,0.0199004975124378,9,usable_n
exploratory_trend,button_delay,wpli,theta,frontal_central-temporal,other,increase,0.0219119917601346,1.3891420238099532,0.0103882513124385,0.2181532775612098,0.015625,0.328125,0.0149253731343283,7,usable_n
exploratory_trend,button_delay,aec,beta,temporal-temporal,other,decrease,-0.0346977822482585,-1.056659971661442,0.0313427441601413,0.2193992091209891,0.03125,0.1640625,0.0199004975124378,7,usable_n
exploratory_trend,first_click_miss,aec,beta,frontal_central-central,sensorimotor,increase,0.0194792635738849,0.9259137669876436,0.0344652984639528,0.2412570892476697,0.0390625,0.2734375,0.0497512437810945,8,usable_n
exploratory_trend,facet_reset_once,aec,beta,occipital-occipital,visual_occipital,decrease,-0.0793092995882034,-1.1694609964991471,0.0212760494516811,0.2449500492079007,0.03125,0.328125,0.0597014925373134,7,usable_n
exploratory_trend,facet_reset_once,aec,beta,frontal-central,other,decrease,-0.0176323037594556,-1.1423138980953405,0.0233285761150381,0.2449500492079007,0.03125,0.328125,0.0348258706467661,7,usable_n
exploratory_trend,skeleton_prolong,wpli,theta,parietal-parietal,other,decrease,-0.0236518010497093,-0.8086622584031264,0.0414610150703978,0.2544029305505632,0.0546875,0.3896484375,0.0497512437810945,9,usable_n
exploratory_trend,skeleton_prolong,wpli,theta,occipital-occipital,visual_occipital,increase,0.0638685896992683,0.8082412310462282,0.0415427968463329,0.2544029305505632,0.09765625,0.41015625,0.0746268656716417,9,usable_n
exploratory_trend,facet_reset_once,wpli,beta,central-temporal,other,decrease,-0.014615318737924,-1.128323027348443,0.0244695777568759,0.2569305664471976,0.078125,0.41015625,0.0845771144278607,7,usable_n
exploratory_trend,first_click_miss,aec,gamma,central-parietal,sensorimotor,decrease,-0.0109530910849571,-0.9009844651292592,0.0381944317197456,0.258249066410205,0.0390625,0.2734375,0.0746268656716417,8,usable_n
exploratory_trend,coupon_min_spend,wpli,theta,frontal_central-frontal_central,other,increase,0.0390398576855659,0.8178911676193398,0.0397085829602367,0.2627805026349134,0.07421875,0.259765625,0.0348258706467661,9,usable_n
exploratory_trend,skeleton_prolong,aec,theta,frontal_central-parietal,fronto-parietal_control,decrease,-0.0498037673532962,-1.0075349163818044,0.0164939604231584,0.2662258734485205,0.01171875,0.24609375,0.0248756218905472,9,usable_n
exploratory_trend,skeleton_prolong,aec,theta,parietal-parietal,other,decrease,-0.0370682664215564,-0.8400199226709489,0.0358054447626983,0.2662258734485205,0.0546875,0.287109375,0.044776119402985,9,usable_n
exploratory_trend,skeleton_prolong,aec,theta,parietal-temporal,parietal_temporal,increase,0.0306852385401725,0.824226845290989,0.0385490166122547,0.2662258734485205,0.0546875,0.287109375,0.0149253731343283,9,usable_n
exploratory_trend,price_change,wpli,gamma,frontal-frontal,other,increase,0.01610092446208,1.9097098016878824,0.012947655599841,0.2719007675966618,0.0625,0.9375,0.0895522388059701,5,limited_n
exploratory_trend,sort_reset,aec,beta,frontal-frontal,other,decrease,-0.0305912643671035,-0.9006171359736821,0.0382524222825413,0.2981728981273817,0.0390625,0.41015625,0.0398009950248756,8,usable_n
exploratory_trend,sort_reset,aec,beta,central-parietal,sensorimotor,decrease,-0.0235806331038475,-0.8610942039778815,0.0450526493477764,0.2981728981273817,0.078125,0.41015625,0.0646766169154228,8,usable_n
exploratory_trend,slow_image,wpli,theta,frontal-temporal,other,increase,0.0272440537810325,1.0377501286277182,0.0143746498277373,0.3018676463824848,0.00390625,0.08203125,0.0099502487562189,9,usable_n
exploratory_trend,facet_reset_once,aec,theta,frontal-parietal,fronto-parietal_control,increase,0.0932696461677551,0.9391794986022256,0.0474932251320137,0.3138625806429302,0.015625,0.328125,0.0199004975124378,7,usable_n
exploratory_trend,facet_reset_once,wpli,gamma,frontal_central-parietal,other,decrease,-0.0187755059450864,-1.1440201391767133,0.0231934217086703,0.3239165270745152,0.03125,0.328125,0.0348258706467661,7,usable_n
exploratory_trend,facet_reset_once,wpli,gamma,frontal-temporal,other,decrease,-0.0191288497298955,-1.0610535450511565,0.0308663730140488,0.3239165270745152,0.015625,0.328125,0.0099502487562189,7,usable_n
exploratory_trend,skeleton_prolong,wpli,alpha,frontal-temporal,other,decrease,-0.0174584724009037,-1.019045121618785,0.0156505149596355,0.3286608141523467,0.02734375,0.287109375,0.0248756218905472,9,usable_n
exploratory_trend,coupon_min_spend,aec,gamma,central-occipital,visual_occipital,increase,0.0395433269441127,0.9119847990695906,0.0256089058991425,0.3314855139360469,0.0546875,0.57421875,0.044776119402985,9,usable_n
exploratory_trend,coupon_min_spend,aec,gamma,frontal-temporal,other,increase,0.0293951854109764,0.8669908843640713,0.0315700489462901,0.3314855139360469,0.02734375,0.57421875,0.0199004975124378,9,usable_n
exploratory_trend,slow_image,aec,theta,parietal-parietal,other,increase,0.0993959382176399,0.8583563320088552,0.0328674035963194,0.3580425591796879,0.0390625,0.4038461538461538,0.0497512437810945,9,usable_n
exploratory_trend,skeleton_prolong,wpli,beta,occipital-occipital,visual_occipital,decrease,-0.0352474488317966,-0.8380484026710204,0.0361368270123492,0.3794366836296669,0.0390625,0.41015625,0.0547263681592039,9,usable_n
exploratory_trend,feedback_late,aec,alpha,frontal_central-temporal,other,increase,0.0292390845715999,0.9681751599917972,0.0197541764412598,0.4148377052664566,0.02734375,0.57421875,0.0298507462686567,9,usable_n
exploratory_trend,skeleton_prolong,wpli,alpha,central-parietal,other,decrease,-0.0142044024541974,-0.8096174946361064,0.0412760655282335,0.433398688046452,0.0078125,0.1640625,0.0049751243781094,9,usable_n
exploratory_trend,sort_reset,wpli,alpha,frontal_central-parietal,other,increase,0.0107698999345302,1.0475502713211968,0.0210177918157135,0.4413736281299842,0.0390625,0.75,0.0547263681592039,8,usable_n
exploratory_trend,facet_reset_once,wpli,alpha,frontal_central-occipital,visual_occipital,decrease,-0.018615236505866,-1.0378844998061605,0.0334692686127034,0.4586818252325407,0.046875,0.57421875,0.0646766169154228,7,usable_n
exploratory_trend,facet_reset_once,wpli,alpha,frontal_central-frontal_central,other,decrease,-0.0157290529459714,-0.9625652501598956,0.04368398335548,0.4586818252325407,0.078125,0.57421875,0.0696517412935323,7,usable_n
exploratory_trend,network_jitter,aec,gamma,frontal-frontal_central,other,decrease,-0.0136383045464754,-0.8371437122124123,0.0362899360545021,0.4639536752274986,0.0546875,0.54140625,0.0597014925373134,9,usable_n
exploratory_trend,broken_image,wpli,theta,central-temporal,other,increase,0.0232499074190855,0.8797414428195052,0.0297491233637414,0.4782078105358534,0.0390625,0.41015625,0.0298507462686567,9,usable_n
exploratory_trend,sort_reset,aec,alpha,temporal-temporal,other,increase,0.1014992743730545,1.0238949395956645,0.0231170620585776,0.4854583032301314,0.0390625,0.8203125,0.0547263681592039,8,usable_n
exploratory_trend,skeleton_prolong,aec,beta,central-parietal,sensorimotor,decrease,-0.033840175718069,-0.931835333793884,0.0233591275437736,0.4905416784192463,0.01953125,0.41015625,0.0248756218905472,9,usable_n
exploratory_trend,first_click_miss,wpli,alpha,frontal_central-parietal,other,increase,0.0096463859081268,0.9536128473763162,0.0307623393217056,0.5250904293904218,0.0546875,0.546875,0.044776119402985,8,usable_n
exploratory_trend,first_click_miss,wpli,theta,parietal-parietal,other,decrease,-0.0138297602534294,-0.952134614976174,0.0309490708232853,0.5302139023008016,0.0390625,0.765625,0.0497512437810945,8,usable_n
exploratory_trend,slow_image,aec,beta,parietal-temporal,parietal_temporal,decrease,-0.0193234905600547,-0.8970016431473954,0.0274538592046509,0.5432200494326558,0.0390625,0.6316406250000001,0.0547263681592039,9,usable_n
exploratory_trend,skeleton_prolong,aec,gamma,frontal_central-central,sensorimotor,decrease,-0.0288219321519136,-0.804843582093232,0.0422087352644088,0.5449389241176915,0.0546875,0.6767578125,0.0597014925373134,9,usable_n
exploratory_trend,feedback_late,wpli,gamma,frontal_central-central,sensorimotor,increase,0.0125516457483172,0.8743987291960678,0.0304987015273903,0.5658729110562799,0.0390625,0.57421875,0.0547263681592039,9,usable_n
exploratory_trend,feedback_late,aec,theta,temporal-temporal,other,increase,0.0502801351249218,0.8773992062189968,0.0300753846137023,0.5939207411259243,0.07421875,0.5833333333333334,0.0248756218905472,9,usable_n
exploratory_trend,button_delay,wpli,alpha,frontal_central-parietal,other,increase,0.0137249529361724,0.9680142245159198,0.0428437389814708,0.6095146174705736,0.03125,0.546875,0.0298507462686567,7,usable_n
exploratory_trend,network_jitter,wpli,beta,frontal-parietal,fronto-parietal_control,decrease,-0.006599495653063,-0.8812879483732263,0.0295356938565701,0.6202495709879728,0.02734375,0.57421875,0.0398009950248756,9,usable_n
exploratory_trend,feedback_late,wpli,beta,frontal_central-central,sensorimotor,increase,0.0053739976137876,0.8422685708995444,0.035431248910935,0.7440562271296368,0.01953125,0.41015625,0.0298507462686567,9,usable_n
exploratory_trend,facet_reset_once,aec,alpha,frontal_central-temporal,other,increase,0.0424871817231178,0.9275092599857552,0.0495238664459966,0.9421934181344138,0.078125,1.0,0.0696517412935323,7,usable_n
